session_id,case_id,ground_truth,frame_index,crop_sha256,qr_version,module_count,mask_pattern,version_band,payload_length_bin,payload_utf8_bytes,crop_width,crop_height,observed_pixels_per_module,qr_coverage,quadrilateral_side_ratio,exposure_compensation_supported,exposure_compensation_ev,exposure_adjusted_during_session,raw_quality_status,raw_quality_conditions,raw_mean_luminance,raw_p05_luminance,raw_p95_luminance,raw_dynamic_range,raw_laplacian_variance,raw_dark_fraction,raw_bright_fraction,structural_quality_status,structural_mean_luminance,structural_dynamic_range,structural_laplacian_variance,structural_dark_fraction,structural_bright_fraction,payload_decode_status,payload_hash_matches,quality_status,quality_conditions,p_structural_raw,p_structural_effective,structural_type,verdict,risk_score
c18269966e58d9ef11a2f5ff,R7B-01-BF8A9F,tampered,0,1040b2a586d54446cf7b202df0bb476044dfb1414f3765f08425ff76af6bdc88,10,57,5,high_v7_plus,long_97_plus,97,559,559,9.807017543859649,0.15028564453125,1.106101329790403,True,0.0,False,usable,normal,149.86248046875477,61.93999999999999,227.48675,165.54675,5068.414547113374,0.0,1.992984693877551e-05,usable,150.42879910714112,165.735,5100.050226623335,0.0,1.992984693877551e-05,decoded,True,usable,normal,0.9996997117996216,0.9996997117996216,tampered,blocked,90
c18269966e58d9ef11a2f5ff,R7B-01-BF8A9F,tampered,1,9a4a0c210f3bc9a3938c3a5860d26fabb1c8c9ee8ce713a9f19dbd1259149362,10,57,5,high_v7_plus,long_97_plus,97,618,618,10.842105263157896,0.18362467447916667,1.0852604657863505,True,0.0,False,usable,normal,122.09154970504592,29.456,211.712,182.256,7636.248158101761,0.012436224489795918,0.0,usable,122.43830670043133,182.82375000000002,7685.573598566272,0.012436224489795918,0.0,decoded,True,usable,normal,0.9989945888519287,0.9989945888519287,tampered,blocked,90
c18269966e58d9ef11a2f5ff,R7B-01-BF8A9F,tampered,2,d85fbf659e8f39fd73671079834b93147f86e9f316db8291d968509b92219255,10,57,5,high_v7_plus,long_97_plus,97,612,612,10.736842105263158,0.18054606119791666,1.0632801074705536,True,0.0,False,usable,normal,150.0162112962287,60.216499999999996,227.712,167.4955,6110.9697013711,0.0,0.0,usable,150.5688218271639,167.73424999999997,6150.543316437988,0.0,0.0,decoded,True,usable,normal,0.9993652105331421,0.9993652105331421,tampered,blocked,90
c18269966e58d9ef11a2f5ff,R7B-01-BF8A9F,tampered,3,d9ba172d1c2a4cb5949d0c1a74eac54bac1906305ee1cfeb0f2e311f739a32e6,10,57,5,high_v7_plus,long_97_plus,97,616,616,10.807017543859649,0.182681884765625,1.0652147350486767,True,0.0,False,usable,normal,150.4288347018412,60.613,227.712,167.099,6415.796614615107,0.0,0.0,usable,150.92605048229223,167.664,6450.778082226974,0.0,0.0,decoded,True,usable,normal,0.9988747239112854,0.9988747239112854,tampered,blocked,90
c18269966e58d9ef11a2f5ff,R7B-01-BF8A9F,tampered,4,9ea683862a41f9aa0b0c5a4763fa9df2cc59ff82460d55295f0b0c99bc632c11,10,57,5,high_v7_plus,long_97_plus,97,620,620,10.87719298245614,0.1848291015625,1.0648572594908496,True,0.0,False,usable,normal,152.4183574816581,63.342,228.755,165.413,6369.229146308102,0.0,5.978954081632653e-05,usable,152.67124282525054,166.28425,6388.994821287556,0.0,5.978954081632653e-05,decoded,True,usable,normal,0.9989749789237976,0.9989749789237976,tampered,blocked,90
ef104fb5207b45458b91fea0,R7B-02-5A41E4,clean,0,a71a0f059f44727e69eabc3bc8647d9b93e321108067cb179c2cf98305074ede,6,41,6,medium_v4_v6,medium_33_96,48,616,616,15.024390243902438,0.18226603190104165,1.0923404306509261,True,0.0,False,usable,normal,166.19809319197046,72.22699999999999,231.435,159.20800000000003,3049.758429652738,0.0,1.992984693877551e-05,usable,166.7427450574008,159.63975,3058.7582226162754,0.0,5.978954081632653e-05,undecodable,False,usable,normal,0.004523217678070068,0.004523217678070068,clean,warning,26
ef104fb5207b45458b91fea0,R7B-02-5A41E4,clean,1,9c67282474d87e8f3b64b02d16e72d3292d79b30de57bedfcf2e8dac0dd02b0c,6,41,6,medium_v4_v6,medium_33_96,48,572,572,13.951219512195122,0.15741007486979167,1.0581394888027116,True,0.0,False,usable,normal,126.9886326729936,26.826,206.484,179.65800000000002,4638.163564972115,0.021524234693877552,0.0,usable,127.39207212611387,180.234,4672.4301087706235,0.021524234693877552,0.0,decoded,True,usable,normal,0.0032396912574768066,0.0032396912574768066,clean,safe,1
ef104fb5207b45458b91fea0,R7B-02-5A41E4,clean,2,baaf51ce467cfe045840aea19ccb9d048ccb5d68b537cf2c3ca5cf0582307788,6,41,6,medium_v4_v6,medium_33_96,48,577,577,14.073170731707316,0.16027750651041667,1.0600656568855749,True,0.0,False,usable,normal,127.10630755736697,26.467,207.54975,181.08274999999998,4711.045932363677,0.024972098214285716,0.0,usable,127.55087525906688,181.84375,4744.552343437643,0.024972098214285716,0.0,decoded,True,usable,normal,0.0020859837532043457,0.0020859837532043457,clean,safe,1
ef104fb5207b45458b91fea0,R7B-02-5A41E4,clean,3,0081ce70c6935cf6d8ace50422ad1d0ec410d2801dace818a7c645d7089d9bba,6,41,6,medium_v4_v6,medium_33_96,48,574,574,14.0,0.15881551106770833,1.0629648634139257,True,0.0,False,usable,normal,152.78231028775778,52.498999999999995,227.19600000000003,174.69700000000003,4227.190155214743,0.0,0.0,usable,153.3441169881814,175.447,4244.481413065368,0.0,0.0,decoded,True,usable,normal,0.0018924474716186523,0.0018924474716186523,clean,safe,1
ef104fb5207b45458b91fea0,R7B-02-5A41E4,clean,4,ae248a1892cccd3c1d011af614c93bdff69e8340538d33a6cc5bea629298be8f,6,41,6,medium_v4_v6,medium_33_96,48,575,575,14.024390243902438,0.159373779296875,1.0627587501453934,True,0.0,False,usable,normal,155.3093861407699,56.499,228.19599999999997,171.69699999999997,3967.676779538809,0.0,0.0,usable,155.9355872727903,171.974,3984.934059745479,0.0,0.0,decoded,True,usable,normal,0.0026425719261169434,0.0026425719261169434,clean,safe,1
2d4c95e7762924eccefedb5b,R7B-03-1FA25B,adversarial,0,4be8171f425baf404a006c79a6440cbf5acc32e5a6a5408d9b519011b96056d8,10,57,5,high_v7_plus,long_97_plus,97,492,492,8.631578947368421,0.11626627604166667,1.0537630622647465,True,0.0,False,usable,normal,128.49622564570794,36.42399999999999,216.702,180.27800000000002,3192.4585763307027,0.003208705357142857,0.0,usable,129.1574880620273,180.48999999999998,3224.74885299944,0.003208705357142857,0.0,decoded,True,usable,normal,0.9926306009292603,0.9926306009292603,adversarial,blocked,89
2d4c95e7762924eccefedb5b,R7B-03-1FA25B,adversarial,1,a01b365aa5541c4c8eefcfe1464aae236c12554d0b64bf8d853c75d68417daed,10,57,5,high_v7_plus,long_97_plus,97,553,553,9.701754385964913,0.14733479817708334,1.0626615304194538,True,0.0,False,usable,normal,126.17176430961703,32.861999999999995,216.69,183.828,5181.33396088563,0.002650669642857143,0.0,usable,126.3716433553842,184.171,5197.209755150398,0.002650669642857143,0.0,decoded,True,usable,normal,0.9848182797431946,0.9848182797431946,adversarial,blocked,89
2d4c95e7762924eccefedb5b,R7B-03-1FA25B,adversarial,2,0ca0ecdd45061a646466525d8fc3daa8506bd1e83b2311492e61ea6bd9facd70,10,57,5,high_v7_plus,long_97_plus,97,570,570,10.0,0.156123046875,1.0608663320824978,True,0.0,False,usable,normal,125.64681094545723,33.467,214.73399999999998,181.267,4929.6659213477005,0.001016422193877551,0.0,usable,125.9916503906264,181.84300000000002,4959.753785362788,0.001016422193877551,0.0,decoded,True,usable,normal,0.9898755550384521,0.9898755550384521,adversarial,blocked,89
2d4c95e7762924eccefedb5b,R7B-03-1FA25B,adversarial,3,3b1ad7ecb120d17b4e30e2e712c7430af2c28ef8b49069a2e02f4a2d3deb7d9f,10,57,5,high_v7_plus,long_97_plus,97,579,579,10.157894736842104,0.161339111328125,1.0575688095295603,True,0.0,False,usable,normal,150.56345778857477,60.711999999999996,228.239,167.52700000000002,3949.810507039243,0.0,3.985969387755102e-05,usable,150.80707551417876,167.91975000000002,3954.1279637614452,0.0,3.985969387755102e-05,decoded,True,usable,normal,0.9889937043190002,0.9889937043190002,adversarial,blocked,89
2d4c95e7762924eccefedb5b,R7B-03-1FA25B,adversarial,4,0387ad03b4e9a5dd7a595d6f54023058e29fe6f3f925804f58d608b28534de37,10,57,5,high_v7_plus,long_97_plus,97,569,569,9.982456140350877,0.15596923828125,1.0489416989151839,True,0.0,False,usable,normal,149.93474752868553,60.74249999999999,225.446,164.70350000000002,3757.1247720018423,0.0,0.0,usable,150.24560668446335,164.81099999999998,3764.976634475874,0.0,0.0,decoded,True,usable,normal,0.9912485480308533,0.9912485480308533,adversarial,blocked,89
2ce8a8ea50a535458c06e4de,R7B-04-F9409B,adversarial,0,9b6446027c948fc76257b0a1d40fa6c2c81092145c502fcce19e5900915e0b1f,3,29,2,low_v1_v3,short_1_32,24,504,504,17.379310344827587,0.12221923828125,1.0530692065685925,True,0.0,False,usable,normal,159.43565092868525,49.943,221.549,171.606,679.5778107848326,0.0,0.0,usable,160.1500061782723,172.10174999999998,684.5641585414297,0.0,0.0,decoded,True,usable,normal,0.997541606426239,0.997541606426239,adversarial,blocked,90
2ce8a8ea50a535458c06e4de,R7B-04-F9409B,adversarial,1,eb136de5d6e03d99b9bf929a1d61f8fa19356bd0c6121a73448ba97dbcfff298,3,29,2,low_v1_v3,short_1_32,24,547,547,18.862068965517242,0.14407023111979167,1.0608238130519905,True,0.0,False,usable,normal,145.44361063056982,31.384999999999998,214.72299999999998,183.338,1940.838179955223,0.00011957908163265306,0.0,usable,145.71779884804423,183.914,1948.1546155975898,0.00011957908163265306,0.0,decoded,True,usable,normal,0.9953089952468872,0.9953089952468872,adversarial,blocked,90
2ce8a8ea50a535458c06e4de,R7B-04-F9409B,adversarial,2,f7192b1b65bacaab7b635f005312467b25a8286f4b5d17d39bbb65924990f6d7,3,29,2,low_v1_v3,short_1_32,24,556,556,19.17241379310345,0.1485791015625,1.0598008980881457,True,0.0,False,usable,normal,146.43772357302063,32.385,214.447,182.062,1985.3354339885889,1.992984693877551e-05,0.0,usable,146.7980657485625,182.638,1997.6305981240278,1.992984693877551e-05,0.0,decoded,True,usable,normal,0.9968694448471069,0.9968694448471069,adversarial,blocked,90
2ce8a8ea50a535458c06e4de,R7B-04-F9409B,adversarial,3,dad37bd351f9b29809c3165f3d96c17e36890bbf506afbcd6f76535e960c9fb2,3,29,2,low_v1_v3,short_1_32,24,564,564,19.448275862068964,0.15331787109375,1.056564572906386,True,0.0,False,usable,normal,172.388311005254,70.673,230.56599999999997,159.89299999999997,1398.8510142726407,0.0,1.992984693877551e-05,usable,172.83620296556816,159.93099999999998,1403.8957139729816,0.0,9.964923469387755e-05,decoded,True,usable,normal,0.9967763423919678,0.9967763423919678,adversarial,blocked,90
2ce8a8ea50a535458c06e4de,R7B-04-F9409B,adversarial,4,f7f6456554d476cb4bd5a6f9768c8095cb2eb9cce53153ee86c8377ce0bf70b8,3,29,2,low_v1_v3,short_1_32,24,570,570,19.655172413793103,0.15635416666666666,1.0607257398638175,True,0.0,False,usable,normal,172.58198979590694,71.1565,230.353,159.19650000000001,1417.833727642005,0.0,3.985969387755102e-05,usable,173.04800609854001,159.48449999999997,1424.0334471158947,0.0,9.964923469387755e-05,decoded,True,usable,normal,0.9978920221328735,0.9978920221328735,adversarial,blocked,90
e56992f8f7ce1db2debb9c22,R7B-05-2EA7CF,adversarial,0,6e18b123fbd5e286205108472bb37a422d0e204653703a6a1ac2825e4b36d0f4,10,57,4,high_v7_plus,long_97_plus,97,630,630,11.052631578947368,0.190780029296875,1.0891498815604042,True,0.0,False,usable,normal,123.69448545119413,30.711999999999996,219.46325000000002,188.75125000000003,3964.194252183536,0.018793845663265307,0.0,usable,124.1524098373579,189.21325,3986.587368003543,0.018793845663265307,0.0,decoded,True,usable,normal,0.9974299669265747,0.9974299669265747,adversarial,blocked,90
e56992f8f7ce1db2debb9c22,R7B-05-2EA7CF,adversarial,1,4164e3204bdb1140adc54fc28e15b745d3efa0b1cfaeca9cd11f6f99f878ced2,10,57,4,high_v7_plus,long_97_plus,97,613,613,10.75438596491228,0.18086263020833335,1.1191829328984049,True,0.0,False,usable,normal,112.08948435506366,24.0,207.794,183.794,3726.3015411303527,0.050103635204081634,0.0,usable,112.1613450055759,183.826,3735.3201906851036,0.050103635204081634,0.0,decoded,True,usable,normal,0.9977108240127563,0.9977108240127563,adversarial,blocked,90
e56992f8f7ce1db2debb9c22,R7B-05-2EA7CF,adversarial,2,5b7b8623fa03c6c56034eb3d31835bb3f3eff7b40c862dbc1c3eeea6ce9343ef,10,57,4,high_v7_plus,long_97_plus,97,607,607,10.649122807017545,0.1772607421875,1.127495106438009,True,0.0,False,usable,normal,164.46091689252066,59.71875,255.0,195.28125,4817.972149355437,0.0,0.25801179846938777,usable,164.58371141581551,194.98225,4836.385065215247,0.0,0.25924744897959184,undecodable,False,usable,normal,0.9976518154144287,0.9976518154144287,adversarial,blocked,90
e56992f8f7ce1db2debb9c22,R7B-05-2EA7CF,adversarial,3,8a69b5144223a15a23b24740001d8c20b245b4e8234a7f63260aa8565c95eb29,10,57,4,high_v7_plus,long_97_plus,97,630,630,11.052631578947368,0.190257568359375,1.0989179065955457,True,0.0,False,usable,normal,149.19091428173022,65.18725,230.283,165.09574999999998,3431.180063548662,0.0,0.003547512755102041,usable,149.23381624681656,165.16750000000002,3415.761333220313,0.0,0.003926179846938775,decoded,True,usable,normal,0.9955510497093201,0.9955510497093201,adversarial,blocked,90
e56992f8f7ce1db2debb9c22,R7B-05-2EA7CF,adversarial,4,db91a6384f53486d5c4ed4605fab8f1e741d17e0055980b896329310f0cff576,10,57,4,high_v7_plus,long_97_plus,97,606,606,10.631578947368421,0.17628580729166668,1.1448135705116804,True,0.0,False,usable,normal,152.36287159198602,65.975,228.79399999999998,162.819,3231.7649704596497,0.0,0.0016541772959183674,usable,152.51250386638108,163.107,3253.0324952326973,0.0,0.001793686224489796,undecodable,False,usable,normal,0.9978739023208618,0.9978739023208618,adversarial,blocked,90
5fb5f4fb62a6621e73552f21,R7B-06-4F0FC4,tampered,0,e27e4f15b6f973152c58054b3c9555a85c56edd74fd146f0c71053024f3a8f20,3,29,1,low_v1_v3,short_1_32,24,467,467,16.103448275862068,0.10488362630208334,1.0571583010454904,True,-0.3333333432674408,True,usable,normal,129.15952018893103,22.516000000000002,189.712,167.196,2458.46939402617,0.0729233099489796,0.0,usable,129.34324414058742,167.48399999999998,2469.5870039553906,0.0729233099489796,0.0,decoded,True,usable,normal,0.9925286173820496,0.9925286173820496,tampered,blocked,89
5fb5f4fb62a6621e73552f21,R7B-06-4F0FC4,tampered,1,4e4ceeab3d280351d0578d57ca25193d764cc45e2b0d4da7178d5ef8187edff1,3,29,1,low_v1_v3,short_1_32,24,473,473,16.310344827586206,0.10767903645833334,1.0477524407883454,True,-0.3333333432674408,True,usable,normal,129.09018532762246,22.516000000000002,190.196,167.68,2515.784058645146,0.07411910076530612,0.0,usable,129.2139565728032,168.314,2526.70878941502,0.0741390306122449,0.0,decoded,True,usable,normal,0.9955575466156006,0.9955575466156006,tampered,blocked,90
5fb5f4fb62a6621e73552f21,R7B-06-4F0FC4,tampered,2,a1ed9c1d9bc8a1b002d8809ac52263883e71cde59b413795ba7741d1f03a40f9,3,29,1,low_v1_v3,short_1_32,24,475,475,16.379310344827587,0.10872802734375,1.03613471012655,True,-0.3333333432674408,True,usable,normal,185.63270101242503,56.754999999999995,252.125,195.37,3342.8911312716145,0.0,0.3977598852040816,usable,186.09493813776876,195.946,3359.1308957920055,0.0,0.4113919005102041,decoded,True,usable,normal,0.9990093111991882,0.9990093111991882,tampered,blocked,90
5fb5f4fb62a6621e73552f21,R7B-06-4F0FC4,tampered,3,89be7aa04c90e6d4117187169efbc477d7e062871533c8f4ad6ffab0417c04ed,3,29,1,low_v1_v3,short_1_32,24,487,487,16.79310344827586,0.11398396809895833,1.0297640603500837,True,-0.3333333432674408,True,usable,normal,187.92308276864057,59.396,253.0,193.60399999999998,3241.4951355685976,0.0,0.47301498724489793,usable,188.31324023437188,194.30499999999995,3257.7993150736384,0.0,0.4872448979591837,decoded,True,usable,normal,0.9991793632507324,0.9991793632507324,tampered,blocked,90
5fb5f4fb62a6621e73552f21,R7B-06-4F0FC4,tampered,4,2c815ee65bdb1f80364c30b4b8bb80a21ba44cad3ce3cd4ef9f1933d1a544a5b,3,29,1,low_v1_v3,short_1_32,24,486,486,16.75862068965517,0.11369384765625,1.029828516823341,True,-0.3333333432674408,True,usable,normal,184.8845967992396,57.94,251.66074999999998,193.72074999999998,3187.7762511241217,0.0,0.40029097576530615,usable,185.21780466756988,193.789,3196.4200090006993,0.0,0.40768494897959184,decoded,True,usable,normal,0.9985625147819519,0.9985625147819519,tampered,blocked,90
a223bb3c0bc1b96ea7e37c7d,R7B-07-B1579A,clean,0,f2ecea803a744a97b848bc3872c4c9bbea54c280e839c9c535d0fda59188a315,3,29,0,low_v1_v3,short_1_32,24,463,463,15.96551724137931,0.10329264322916666,1.0516631831040337,True,0.0,False,usable,normal,155.72951885354567,38.623999999999995,216.42399999999998,177.79999999999998,537.3394060505138,1.992984693877551e-05,0.0,usable,156.9529975087552,178.73499999999999,544.7946768800253,1.992984693877551e-05,0.0,decoded,True,usable,normal,0.0022235512733459473,0.0022235512733459473,clean,safe,1
a223bb3c0bc1b96ea7e37c7d,R7B-07-B1579A,clean,1,acd2311f699d9ab59cdc61f3e8937ff93f8cbe2abd8398c24bf497fb0c4c7779,3,29,0,low_v1_v3,short_1_32,24,536,536,18.482758620689655,0.13854532877604167,1.0372883045556835,True,0.0,False,usable,normal,140.76375964602002,30.982999999999997,204.648,173.665,3256.8288226918853,0.0004384566326530612,0.0,usable,141.15562900589947,174.24099999999999,3279.030001174348,0.0004384566326530612,0.0,decoded,True,usable,normal,0.47312605381011963,0.47312605381011963,clean,safe,19
a223bb3c0bc1b96ea7e37c7d,R7B-07-B1579A,clean,2,57346104425e1d3c5ceb22b0abc97247bf4ed7853fb41db663829de689cc7759,3,29,0,low_v1_v3,short_1_32,24,541,541,18.655172413793103,0.14083414713541667,1.0441613367226532,True,0.0,False,usable,normal,165.09556640622773,54.086,228.239,174.15300000000002,2720.0574442382963,0.0,0.0,usable,165.7150782246292,174.914,2730.130236219484,0.0,0.0,decoded,True,usable,normal,0.15806937217712402,0.15806937217712402,clean,safe,3
a223bb3c0bc1b96ea7e37c7d,R7B-07-B1579A,clean,3,ba7ba797ddf15a92db71e3419f10f40df2f3e2b98dc1d7f2b2c4b330851f84de,3,29,0,low_v1_v3,short_1_32,24,529,529,18.24137931034483,0.134678955078125,1.0529025176399613,True,0.0,False,usable,normal,174.01720172989215,75.83425000000001,228.97899999999998,153.14475,2180.2307847951997,0.0,3.985969387755102e-05,usable,174.4941594985631,153.43275,2190.341744997333,0.0,3.985969387755102e-05,decoded,True,usable,normal,0.7699313759803772,0.7699313759803772,adversarial,blocked,76
a223bb3c0bc1b96ea7e37c7d,R7B-07-B1579A,clean,4,57213f9381a09f88d85411dafd256377869039dc0e94df786f9e7d2459be7a7f,3,29,0,low_v1_v3,short_1_32,24,541,541,18.655172413793103,0.14089396158854167,1.0618060980329609,True,0.0,False,usable,normal,174.73397907366308,78.417,228.53799999999998,150.12099999999998,2288.0069396423405,0.0,0.0,usable,174.89991615511695,150.36175,2286.4102780816997,0.0,1.992984693877551e-05,decoded,True,usable,normal,0.17163002490997314,0.17163002490997314,clean,safe,3
4196057098f61ca6d97ab5d6,R7B-08-551C47,tampered,0,7ca6bbb1769e112258ce8330aa3efebf8481ab461654f0666bef624d58a7e2b2,3,29,2,low_v1_v3,short_1_32,24,420,420,14.482758620689655,0.08477335611979167,1.0700906794133072,True,0.0,False,usable,normal,170.33225524150365,69.26675,227.467,158.20025,1916.1453894200497,0.0,0.0,usable,170.7272008330822,158.66899999999998,1920.7203435827405,0.0,0.0,decoded,True,usable,normal,0.9956840872764587,0.9956840872764587,tampered,blocked,90
4196057098f61ca6d97ab5d6,R7B-08-551C47,tampered,1,6d9df2922d1936de1c5860aef3c551f9e361861efed5cc67c6ff3bd38db2f752,3,29,2,low_v1_v3,short_1_32,24,419,419,14.448275862068966,0.0845068359375,1.0636774587760691,True,0.0,False,usable,normal,136.8039359852695,26.527,203.424,176.897,2359.1657697894116,0.021643813775510203,0.0,usable,137.16608705357302,177.413,2375.146704138231,0.021643813775510203,0.0,decoded,True,usable,normal,0.9936092495918274,0.9936092495918274,tampered,blocked,89
4196057098f61ca6d97ab5d6,R7B-08-551C47,tampered,2,549d11aa01afc385baaaf28ede84fd3e4511127377b4cc4da298539728362997,3,29,2,low_v1_v3,short_1_32,24,457,457,15.758620689655173,0.10055826822916666,1.0765419038556072,True,0.0,False,usable,normal,139.60558374519064,28.238999999999997,202.712,174.47299999999998,2313.347654400518,0.005002391581632653,0.0,usable,140.1323360769748,175.23399999999998,2333.250788138757,0.005002391581632653,0.0,decoded,True,usable,normal,0.9931899309158325,0.9931899309158325,tampered,blocked,89
4196057098f61ca6d97ab5d6,R7B-08-551C47,tampered,3,0094f8ba10f1d4fc186c4582ff6f2aad7a8af7d79e139995ed8ed6073748e91b,3,29,2,low_v1_v3,short_1_32,24,431,431,14.862068965517242,0.08929443359375,1.068306888517964,True,0.0,False,usable,normal,175.0410689971354,74.44725000000001,228.53799999999998,154.09074999999996,1961.4783036813124,0.0,0.0,usable,175.6640444236222,154.284,1974.4408150884494,0.0,0.0,decoded,True,usable,normal,0.9959237575531006,0.9959237575531006,tampered,blocked,90
4196057098f61ca6d97ab5d6,R7B-08-551C47,tampered,4,eddb8b63de34ec349421827bb4565d0da86a21effdab871a651eda4bf5115f96,3,29,2,low_v1_v3,short_1_32,24,438,438,15.10344827586207,0.09228312174479167,1.067262706795742,True,0.0,False,usable,normal,175.25641677295945,74.27924999999999,230.538,156.25875000000002,1920.4646045240127,0.0,0.0,usable,175.92837358496917,156.44249999999997,1928.443730016659,0.0,1.992984693877551e-05,decoded,True,usable,normal,0.9972826242446899,0.9972826242446899,tampered,blocked,90
bd79f4d1b3b8d29dc059f4eb,R7B-09-1C14A9,clean,0,6da18ca382001f7da82244b48352a8919141014b54b50ad02ca02c236266460a,10,57,3,high_v7_plus,long_97_plus,97,433,433,7.5964912280701755,0.09010335286458333,1.048885523239338,True,0.0,False,usable,normal,141.74409661987679,44.755,224.46699999999996,179.71199999999996,4984.272661954569,0.0,0.0,usable,142.3968575613921,180.65800000000002,5031.809496261209,0.0,0.0,decoded,True,usable,normal,0.017271578311920166,0.017271578311920166,clean,safe,1
bd79f4d1b3b8d29dc059f4eb,R7B-09-1C14A9,clean,1,badb6774dc5a34b6e1fb2213fec0071a033715e03446af09babee4187c34f6ac,10,57,3,high_v7_plus,long_97_plus,97,443,443,7.771929824561403,0.09435628255208334,1.0632142438388825,True,0.0,False,usable,normal,120.16845671230988,28.755,204.239,175.484,5972.62426932985,0.008808992346938776,0.0,usable,120.4448994140573,175.957,6009.340347599745,0.008808992346938776,0.0,decoded,True,usable,normal,0.009568274021148682,0.009568274021148682,clean,safe,1
bd79f4d1b3b8d29dc059f4eb,R7B-09-1C14A9,clean,2,76a4d7eb550240409d7577cb394ab80db319b13bf2c73eaea98eae1f84d0a091,10,57,3,high_v7_plus,long_97_plus,97,446,446,7.824561403508772,0.09576416015625,1.0657393524530534,True,0.0,False,usable,normal,121.20157071108349,28.238999999999997,205.94,177.701,5551.390165422477,0.010522959183673469,0.0,usable,121.63789797909345,178.462,5591.927063870539,0.010522959183673469,0.0,decoded,True,usable,normal,0.010044574737548828,0.010044574737548828,clean,safe,1
bd79f4d1b3b8d29dc059f4eb,R7B-09-1C14A9,clean,3,9bdcbf9ecaffc9a757f2cb3ecf09f0fc8b06919cd29df16d59b30c36be0d8142,10,57,3,high_v7_plus,long_97_plus,97,445,445,7.807017543859649,0.09548990885416667,1.0690009954344297,True,0.0,False,usable,normal,151.50863024154043,60.538,226.23899999999998,165.70099999999996,4924.142518904844,0.0,0.0,usable,151.92412938457264,165.98899999999998,4947.498308994802,0.0,0.0,decoded,True,usable,normal,0.008334219455718994,0.008334219455718994,clean,safe,1
bd79f4d1b3b8d29dc059f4eb,R7B-09-1C14A9,clean,4,e43339a8b6dc2bf4321ad28619b933a2dbb4d75ede0c92b7626abfe86681a75e,10,57,3,high_v7_plus,long_97_plus,97,444,444,7.7894736842105265,0.09493326822916667,1.0691921931947463,True,0.0,False,usable,normal,151.1644321388718,60.086,225.23899999999998,165.15299999999996,4246.844420076642,0.0,0.0,usable,151.57967825253962,165.4085,4264.147930117471,0.0,0.0,decoded,True,usable,normal,0.028519928455352783,0.028519928455352783,clean,safe,1
877e6a6c79fbe3b9a7531371,R7B-10-683AF9,adversarial,0,9ff8e5bd6ee1a51581acc24ab84307b873eef6541fe25e60ee61951a405d65f6,10,57,6,high_v7_plus,long_97_plus,97,441,441,7.7368421052631575,0.09352091471354167,1.0449551976435207,True,0.0,False,usable,normal,134.84648188375846,38.73425,212.534,173.79975,2212.559571347051,0.0,0.0,usable,135.4512454161339,174.75974999999997,2231.36637242003,0.0,0.0,decoded,True,usable,normal,0.9986072778701782,0.9986072778701782,adversarial,blocked,90
877e6a6c79fbe3b9a7531371,R7B-10-683AF9,adversarial,1,8fe0c1a20f6a41efc832cb6c7166fe595fd0bc9a3c25c0dbcc33fa84a009796f,10,57,6,high_v7_plus,long_97_plus,97,457,457,8.017543859649123,0.10041585286458334,1.052290580462141,True,0.0,False,usable,normal,124.02586067043174,33.42225,211.086,177.66375000000002,4428.0829198344,0.0013153698979591836,0.0,usable,124.58746412627784,178.60975,4474.4411952815835,0.0013153698979591836,0.0,decoded,True,usable,normal,0.997482419013977,0.997482419013977,adversarial,blocked,90
877e6a6c79fbe3b9a7531371,R7B-10-683AF9,adversarial,2,e8744d94def3931ad7d54d40123f9338982c235c98b6d3ad9da7a851a0cbd1d1,10,57,6,high_v7_plus,long_97_plus,97,458,458,8.035087719298245,0.10086588541666666,1.0551582610911083,True,0.0,False,usable,normal,123.72574533640474,33.44499999999999,209.98299999999998,176.53799999999998,4367.695722545336,0.0013751594387755102,0.0,usable,124.25504583864578,177.484,4411.950791777436,0.0013751594387755102,0.0,decoded,True,usable,normal,0.9969835877418518,0.9969835877418518,adversarial,blocked,90
877e6a6c79fbe3b9a7531371,R7B-10-683AF9,adversarial,3,3b0c33403bda3cd3494b246012d6ae757259e14668337a4d7c3c145c2253f23f,10,57,6,high_v7_plus,long_97_plus,97,464,464,8.140350877192983,0.10372802734375,1.0572992673050297,True,0.0,False,usable,normal,149.22497255659508,64.17899999999999,223.17899999999997,159.0,3312.7578730161367,0.0,0.0,usable,149.58596633849024,159.71925,3320.8735586220128,0.0,0.0,decoded,True,usable,normal,0.9949813485145569,0.9949813485145569,adversarial,blocked,90
877e6a6c79fbe3b9a7531371,R7B-10-683AF9,adversarial,4,8859f4c66c25af7efc8d7c9384f16480c2d7872976cebaa49f2a16a26dfd441e,10,57,6,high_v7_plus,long_97_plus,97,468,468,8.210526315789474,0.10525634765625,1.0541695028769797,True,0.0,False,usable,normal,150.59583910633995,65.434,222.88049999999998,157.4465,3361.772431824112,0.0,0.0,usable,150.9775963010164,158.40249999999997,3371.4494943392824,0.0,0.0,decoded,True,usable,normal,0.9964307546615601,0.9964307546615601,adversarial,blocked,90
ab6f8498ab9680ed00841551,R7B-11-A11129,adversarial,0,f2882d0abdb6581a25d22b5c5b0e11a3cd59d16b249ec0e7bff14290191ea4e3,3,29,0,low_v1_v3,short_1_32,24,430,430,14.827586206896552,0.08906331380208334,1.0339629656585632,True,-0.3333333432674408,True,usable,normal,124.03182957987406,23.228,182.538,159.31,1352.3354369562783,0.05998883928571429,0.0,usable,124.42321538185163,159.88599999999997,1362.736971242982,0.05998883928571429,0.0,decoded,True,usable,normal,0.994208812713623,0.994208812713623,adversarial,blocked,89
ab6f8498ab9680ed00841551,R7B-11-A11129,adversarial,1,493e8e4932e7040a63ebcdd45ce2f8a5e47cb2e6bead369310ff0a9d056205f9,3,29,0,low_v1_v3,short_1_32,24,429,429,14.793103448275861,0.08880615234375,1.0370889256265465,True,-0.3333333432674408,True,usable,normal,124.27148114634875,23.695,182.72299999999998,159.028,1338.9548983278096,0.05377072704081633,0.0,usable,124.77323730467134,159.789,1346.878760315531,0.05377072704081633,0.0,decoded,True,usable,normal,0.9967287182807922,0.9967287182807922,adversarial,blocked,90
ab6f8498ab9680ed00841551,R7B-11-A11129,adversarial,2,598c8d28fed510d86f4742bbc7cf7e29a1c5f9ad68d44254e7c8917fa7bbf979,3,29,0,low_v1_v3,short_1_32,24,502,502,17.310344827586206,0.12125569661458334,1.01040296455636,True,-0.3333333432674408,True,usable,normal,162.27409588247542,43.728500000000004,228.58100000000002,184.85250000000002,1648.6091239174327,0.0,0.0,usable,162.98674525669833,185.8585,1661.0915739964123,0.0,0.0,decoded,True,usable,normal,0.9957714676856995,0.9957714676856995,adversarial,blocked,90
ab6f8498ab9680ed00841551,R7B-11-A11129,adversarial,3,5140cea3ea5e2f390e28edd416c2230721de296932805cc04f8bad8dac8fd842,3,29,0,low_v1_v3,short_1_32,24,513,513,17.689655172413794,0.1266650390625,1.0127312943958138,True,-0.3333333432674408,True,usable,normal,166.8975099449786,46.971999999999994,235.30349999999999,188.3315,1709.2929712131472,0.0,0.00564014668367347,usable,167.50114791931722,189.09250000000003,1715.399955734076,0.0,0.009127869897959183,decoded,True,usable,normal,0.9942128658294678,0.9942128658294678,adversarial,blocked,89
ab6f8498ab9680ed00841551,R7B-11-A11129,adversarial,4,dcdc33a34358dcaa657153547aded4e7eb39d751c36571c1035b1e61ba6b9ca1,3,29,0,low_v1_v3,short_1_32,24,514,514,17.724137931034484,0.12715657552083334,1.005074968193628,True,-0.3333333432674408,True,usable,normal,168.63208830913698,48.129,237.325,189.196,1714.3675531420606,0.0,0.018136160714285716,usable,169.27347869498345,189.9415,1721.3404352667415,0.0,0.025370695153061226,decoded,True,usable,normal,0.994711697101593,0.994711697101593,adversarial,blocked,89
a1739cec84d8b35f40226001,R7B-12-473F6A,clean,0,c81557586000097599086a935ef7176f5d8d76fa92eb67f51254f59b57fd9485,6,41,0,medium_v4_v6,medium_33_96,48,542,542,13.21951219512195,0.14120849609375,1.0464842975637574,True,0.0,False,usable,normal,163.46667604032223,64.744,229.527,164.783,3737.7587929825645,0.0,0.0,usable,164.13126574456146,164.957,3751.204028552958,0.0,0.0,decoded,True,usable,normal,0.005565822124481201,0.005565822124481201,clean,safe,1
a1739cec84d8b35f40226001,R7B-12-473F6A,clean,1,eb6dbbe18b2493ce9b3bd6c2444513a04c407bf8143f7abb6a7348ee57ff9a52,6,41,0,medium_v4_v6,medium_33_96,48,549,549,13.390243902439025,0.14495402018229167,1.0459554985605244,True,0.0,False,usable,normal,132.69574938214032,29.94,206.51599999999996,176.57599999999996,4971.179193196095,0.005121970663265306,0.0,usable,132.99473634805602,177.049,5001.829996136379,0.005121970663265306,0.0,decoded,True,usable,normal,0.0026200413703918457,0.0026200413703918457,clean,safe,1
a1739cec84d8b35f40226001,R7B-12-473F6A,clean,2,6daa595ea26ccf7285ab27ec98c43aadfe4d7fe4e2a3ee04c5d60144f01379e2,6,41,0,medium_v4_v6,medium_33_96,48,547,547,13.341463414634147,0.14381103515625,1.0460832550069155,True,0.0,False,usable,normal,168.90105303329472,55.613,248.527,192.914,5348.1883287078745,0.0,0.24284518494897958,usable,169.2190303930238,193.37874999999997,5369.3198039292365,0.0,0.2515345982142857,decoded,True,usable,normal,0.01056206226348877,0.01056206226348877,clean,safe,1
a1739cec84d8b35f40226001,R7B-12-473F6A,clean,3,7ca0f72a1cb3b5b9af5c04d4a3b9779fc2f6749e5595318c9fcfb603c9a4f3d5,6,41,0,medium_v4_v6,medium_33_96,48,552,552,13.463414634146341,0.146754150390625,1.0504976444853258,True,0.0,False,usable,normal,165.01517486446932,71.50999999999999,227.658,156.148,3848.857467256613,0.0,0.0,usable,165.61124348293043,156.36499999999998,3854.7350925564106,0.0,0.0,decoded,True,usable,normal,0.005823731422424316,0.005823731422424316,clean,safe,1
a1739cec84d8b35f40226001,R7B-12-473F6A,clean,4,d9ce2cd03e9563afe2a97ce6b87ca8a08a170e54ddf5f159fd4ea200ef06c4b0,6,41,0,medium_v4_v6,medium_33_96,48,527,527,12.853658536585366,0.13364949544270832,1.012381938292815,True,0.0,False,usable,normal,157.84384452723526,58.912,222.424,163.512,3927.8179727902584,0.0,0.0,usable,158.47131469229464,164.142,3954.2344019805078,0.0,0.0,decoded,True,usable,normal,0.0034189820289611816,0.0034189820289611816,clean,safe,1
dfa5039ad497a9ad14ca5b32,R7B-13-C0F52D,clean,0,c7a5c2007e52c859b3c1d8e72431ea59b01b199e5d1b6f0c017c397b21d8225f,6,41,5,medium_v4_v6,medium_33_96,48,450,450,10.975609756097562,0.097427978515625,1.046885763326933,True,0.0,False,usable,normal,143.40012751115006,40.271,219.538,179.267,3853.8991755986453,0.0005181760204081633,0.0,usable,144.00678704956897,180.01975,3872.018041717931,0.0005181760204081633,0.0,decoded,True,usable,normal,0.0020742416381835938,0.0020742416381835938,clean,safe,1
dfa5039ad497a9ad14ca5b32,R7B-13-C0F52D,clean,1,f843cefc4f807e5eb032281225cfbe5529fe613497da540fd0394003cdf1d9ff,6,41,5,medium_v4_v6,medium_33_96,48,488,488,11.902439024390244,0.114644775390625,1.087637544422373,True,0.0,False,usable,normal,131.7837899593113,27.796,211.239,183.443,4432.123681465941,0.017996651785714284,0.0,usable,131.92562466119324,183.61700000000002,4441.188771342163,0.017996651785714284,0.0,undecodable,False,usable,normal,0.0032106637954711914,0.0032106637954711914,clean,warning,26
dfa5039ad497a9ad14ca5b32,R7B-13-C0F52D,clean,2,4594c7be51200db1bd005d38a91541a0fe77d2e56638766293110d6057bfaaac,6,41,5,medium_v4_v6,medium_33_96,48,486,486,11.853658536585366,0.1136181640625,1.0881204703186247,True,0.0,False,usable,normal,131.89270208864392,28.238999999999997,210.70374999999999,182.46474999999998,4396.080762656097,0.01602359693877551,0.0,usable,132.30283083544919,183.22574999999998,4425.31974574302,0.01602359693877551,0.0,undecodable,False,usable,normal,0.0032234787940979004,0.0032234787940979004,clean,warning,26
dfa5039ad497a9ad14ca5b32,R7B-13-C0F52D,clean,3,38031066d73668618b3eabf7b8a35f38a3cdfea76a2014dc10bbba6b708dc17e,6,41,5,medium_v4_v6,medium_33_96,48,489,489,11.926829268292684,0.11484619140625,1.0876073277862628,True,0.0,False,usable,normal,161.50392735570944,65.15849999999999,229.23899999999998,164.08049999999997,3491.385928476433,0.0,0.0,usable,161.99566844707797,164.94599999999997,3508.2313830142502,0.0,0.0,undecodable,False,usable,normal,0.005288243293762207,0.005288243293762207,clean,warning,26
dfa5039ad497a9ad14ca5b32,R7B-13-C0F52D,clean,4,44f225ab05e3263ff7d08ce0f8b9926e619d5ad057670ca4ce936867dee90be0,6,41,5,medium_v4_v6,medium_33_96,48,492,492,12.0,0.11638916015625,1.0956633541343677,True,0.0,False,usable,normal,162.24068092314704,66.86625,229.42399999999998,162.55775,3410.3328852661302,0.0,3.985969387755102e-05,usable,162.88452459343569,162.772,3428.7228123969703,0.0,3.985969387755102e-05,undecodable,False,usable,normal,0.00494009256362915,0.00494009256362915,clean,warning,26
87dd8966cd36863f3a80f6ec,R7B-14-5F3509,tampered,0,f9ab7a18a97239e05b471a1772fdac6f2043b8d922e58f38a0e0f266908e437b,3,29,4,low_v1_v3,short_1_32,24,472,472,16.275862068965516,0.10729817708333333,1.0619512300761078,True,-0.3333333432674408,True,usable,normal,134.6765220623078,26.238999999999997,198.239,172.0,2528.8754296756415,0.02654655612244898,0.0,usable,135.10256564890275,172.761,2544.835383108339,0.026526626275510203,0.0,decoded,True,usable,normal,0.9910355806350708,0.9910355806350708,tampered,blocked,89
87dd8966cd36863f3a80f6ec,R7B-14-5F3509,tampered,1,0f223b376649684aa702196ee3d270a2002d8cda7221b94d23b3d6405dc8b97c,3,29,4,low_v1_v3,short_1_32,24,470,470,16.20689655172414,0.10623372395833333,1.0595765296047255,True,-0.3333333432674408,True,usable,normal,133.91192181519347,25.755,196.712,170.957,2721.216845360365,0.031947544642857144,0.0,usable,134.0539639667975,171.131,2727.646286893525,0.031947544642857144,0.0,decoded,True,usable,normal,0.9949172139167786,0.9949172139167786,tampered,blocked,90
87dd8966cd36863f3a80f6ec,R7B-14-5F3509,tampered,2,ba559371fee316041f5568256c14c0dc225255509b64676ff91d10fd6390c9f8,3,29,4,low_v1_v3,short_1_32,24,577,577,19.896551724137932,0.160078125,1.0068096528847843,True,-0.3333333432674408,True,usable,normal,166.25906728313802,47.314,232.42399999999998,185.10999999999999,3355.275404613262,0.0,7.971938775510203e-05,usable,166.7899353475442,185.87099999999998,3377.64669584573,0.0,0.0001992984693877551,decoded,True,usable,normal,0.9968568086624146,0.9968568086624146,tampered,blocked,90
87dd8966cd36863f3a80f6ec,R7B-14-5F3509,tampered,3,a06eafeb29b675cdb681fe79c9e3ad59365237c4413cb2e721152be187131e18,3,29,4,low_v1_v3,short_1_32,24,585,585,20.17241379310345,0.16462320963541666,1.0111847916417114,True,-0.3333333432674408,True,usable,normal,165.21188432711253,46.641,231.92899999999997,185.28799999999998,3326.439670407858,0.0,7.971938775510203e-05,usable,165.715767637868,186.049,3345.439116052221,0.0,0.00013950892857142856,decoded,True,usable,normal,0.9972349405288696,0.9972349405288696,tampered,blocked,90
87dd8966cd36863f3a80f6ec,R7B-14-5F3509,tampered,4,e1714c4b07931734801f5778aea35bf4bbd4f9595f894b5be7631be99b4adf39,3,29,4,low_v1_v3,short_1_32,24,590,590,20.344827586206897,0.16755330403645832,1.015555479326689,True,-0.3333333432674408,True,usable,normal,169.4575076729618,49.744,235.712,185.968,3394.647731847182,0.0,0.003547512755102041,usable,169.65603962051915,186.25599999999997,3407.9692719385343,0.0,0.00430484693877551,decoded,True,usable,normal,0.9973242878913879,0.9973242878913879,tampered,blocked,90
1b0ff51345c37ae2d54f7004,R7B-15-185A0D,clean,0,d6b7fb59f3b2195e03ecd7d82d42a7abaf6230377190a761e280135f89176ca1,3,29,1,low_v1_v3,short_1_32,24,597,597,20.586206896551722,0.17183268229166668,1.0397214841500313,True,0.0,False,usable,normal,164.4631032365871,48.081999999999994,227.484,179.40200000000002,76.4106382093591,0.0,0.002969547193877551,usable,164.99584897161958,179.978,77.00135845066058,0.0,0.004424426020408163,decoded,True,usable,normal,0.012274444103240967,0.012274444103240967,clean,safe,1
1b0ff51345c37ae2d54f7004,R7B-15-185A0D,clean,1,a84381612bd55fdf2c691495b566c2975f0a6a33c861016495c5467ef2a7ac66,3,29,1,low_v1_v3,short_1_32,24,612,612,21.103448275862068,0.18000284830729166,1.0609506426330986,True,0.0,False,usable,normal,141.42932682953884,35.303,217.12499999999997,181.82199999999997,2878.6033034661777,1.992984693877551e-05,0.0,usable,141.90066709181008,182.697,2902.3701037736987,1.992984693877551e-05,0.0,decoded,True,usable,normal,0.005617380142211914,0.005617380142211914,clean,safe,1
1b0ff51345c37ae2d54f7004,R7B-15-185A0D,clean,2,23690a909e46fdd2af294f9c1a70a526cc65cd8222f1778c570a3b94e4c454bc,3,29,1,low_v1_v3,short_1_32,24,613,613,21.137931034482758,0.180762939453125,1.0652349153528713,True,0.0,False,usable,normal,166.87403693000374,55.684,247.413,191.729,3334.6910698016536,0.0,0.18022560586734693,usable,167.471149075257,192.277,3352.1956263437137,0.0,0.19038982780612246,decoded,True,usable,normal,0.005879461765289307,0.005879461765289307,clean,safe,1
1b0ff51345c37ae2d54f7004,R7B-15-185A0D,clean,3,34b42e57407d4e27a58dcb1e134e944dee376b4079dcba8a118426f1d1015af9,3,29,1,low_v1_v3,short_1_32,24,614,614,21.17241379310345,0.181317138671875,1.0719627802836669,True,0.0,False,usable,normal,156.91564682318997,57.900999999999996,227.01100000000002,169.11,2742.496401704397,0.0,0.0,usable,157.01939040576997,169.11599999999999,2755.816188257955,0.0,0.0,decoded,True,usable,normal,0.0066925883293151855,0.0066925883293151855,clean,safe,1
1b0ff51345c37ae2d54f7004,R7B-15-185A0D,clean,4,e6503b401dadd1039727e3a2c4ccd86375f6891bef64c5e349c1d40d4483aaba,3,29,1,low_v1_v3,short_1_32,24,621,621,21.413793103448278,0.18561442057291666,1.079909410528298,True,0.0,False,usable,normal,160.00009570312773,63.2435,227.5395,164.296,2555.183356686107,0.0,0.0,usable,159.99629464287094,164.61925000000002,2568.6780460337673,0.0,0.0,decoded,True,usable,normal,0.0053618550300598145,0.0053618550300598145,clean,safe,1
a0b0184eff6348cdd600fe7e,R7B-16-B36FE9,adversarial,0,027d4c107e2aa296f1be3234599f62102c7993f61a379597aeb00be5915ba3ba,6,41,1,medium_v4_v6,medium_33_96,48,583,583,14.21951219512195,0.16369344075520834,1.061382705368942,True,0.0,False,usable,normal,146.72398387673883,50.656,214.59224999999998,163.93624999999997,2266.3047022500323,0.0,0.0,usable,147.34174840560257,164.69025,2273.987821825265,0.0,0.0,decoded,True,usable,normal,0.9938753247261047,0.9938753247261047,adversarial,blocked,89
a0b0184eff6348cdd600fe7e,R7B-16-B36FE9,adversarial,1,fcda7183ceb87fb53b9141201dfd43f3206e88d3b3ffb5ea1878c59462001cdf,6,41,1,medium_v4_v6,medium_33_96,48,598,598,14.585365853658537,0.17184407552083333,1.0900743208763248,True,0.0,False,usable,normal,131.66981722336044,29.467,214.196,184.72899999999998,2930.209768868352,0.011698820153061224,0.0,usable,131.865190190522,185.017,2940.2535180912328,0.011698820153061224,0.0,undecodable,False,usable,normal,0.9858179092407227,0.9858179092407227,adversarial,blocked,89
a0b0184eff6348cdd600fe7e,R7B-16-B36FE9,adversarial,2,b6423b1f54e338e73633feff3cf7f4de4553e8d3afd56b4631b0a225713e9489,6,41,1,medium_v4_v6,medium_33_96,48,604,604,14.731707317073171,0.17542724609375,1.1077844807252981,True,0.0,False,usable,normal,157.39887663422982,57.526999999999994,233.239,175.71200000000002,2432.9824007241955,0.0,0.00603874362244898,usable,157.60140487483213,176.20324999999997,2444.7219501079485,0.0,0.0074338329081632655,undecodable,False,usable,normal,0.9923511743545532,0.9923511743545532,adversarial,blocked,89
a0b0184eff6348cdd600fe7e,R7B-16-B36FE9,adversarial,3,314d76eaf652c9e309f8c2490739f57094f1c71bb8797e21e0c7a4dac172d9fb,6,41,1,medium_v4_v6,medium_33_96,48,603,603,14.707317073170731,0.17498087565104167,1.1008587865123205,True,0.0,False,usable,normal,162.22969138630742,70.43175000000001,228.63199999999998,158.20024999999998,2160.7042430020324,0.0,5.978954081632653e-05,usable,162.5618205317323,158.67324999999994,2178.0222401447154,0.0,0.00013950892857142856,undecodable,False,usable,normal,0.9911876320838928,0.9911876320838928,adversarial,blocked,89
a0b0184eff6348cdd600fe7e,R7B-16-B36FE9,adversarial,4,0387ae5d792ad3ece6de110ddf21f99e9755f55b0258bc711511e2869cccba1b,6,41,1,medium_v4_v6,medium_33_96,48,610,610,14.878048780487806,0.17880208333333333,1.1135224421857877,True,0.0,False,usable,normal,161.90005889268528,68.658,229.99524999999997,161.33724999999998,2167.6717437416737,0.0,0.0005978954081632653,usable,162.21914787946204,161.81025,2181.512483589654,0.0,0.0009167729591836735,undecodable,False,usable,normal,0.9922256469726562,0.9922256469726562,adversarial,blocked,89
4ab95df9a48894c7c201bb7b,R7B-17-C4A596,clean,0,cbc856c17e5e0c02d86aaec78ffc201488ac919474ac34d679f2937c08bd1a16,10,57,2,high_v7_plus,long_97_plus,97,488,488,8.56140350877193,0.114627685546875,1.0827506183882154,True,0.0,False,usable,normal,166.2287144252274,72.424,230.87175,158.44774999999998,4278.652300776138,0.0,0.0,usable,166.86728886319437,158.6315,4302.659247481775,0.0,7.971938775510203e-05,decoded,True,usable,normal,0.001958489418029785,0.001958489418029785,clean,safe,1
4ab95df9a48894c7c201bb7b,R7B-17-C4A596,clean,1,996dbc00d0b755d12112af935ed32cd7ecdaa62b37dae1687a9d9ee42672a08c,10,57,2,high_v7_plus,long_97_plus,97,507,507,8.894736842105264,0.1238232421875,1.0849507534333458,True,0.0,False,usable,normal,132.4296452885736,28.395999999999997,213.23899999999998,184.843,5918.6433211584645,0.014170121173469387,0.0,usable,132.9218276068084,185.604,5960.670754593728,0.014170121173469387,0.0,decoded,True,usable,normal,0.005858361721038818,0.005858361721038818,clean,safe,1
4ab95df9a48894c7c201bb7b,R7B-17-C4A596,clean,2,3b9a66d70b6e16aee3e9a244e8c82a40fa9b6afd42548c6420a8f07339c31f1d,10,57,2,high_v7_plus,long_97_plus,97,524,524,9.192982456140351,0.13200724283854168,1.0455785292952315,True,0.0,False,usable,normal,132.66360582746293,29.227999999999998,208.196,178.968,6609.201502203942,0.006297831632653061,0.0,usable,133.12207764666616,179.72899999999998,6655.392203924683,0.006297831632653061,0.0,decoded,True,usable,normal,0.027764976024627686,0.027764976024627686,clean,safe,1
4ab95df9a48894c7c201bb7b,R7B-17-C4A596,clean,3,6cad2a6199a0e45343cc37176b92db8c980a57eee49233655e964fe975b753ac,10,57,2,high_v7_plus,long_97_plus,97,519,519,9.105263157894736,0.12955810546875,1.0408160661199044,True,0.0,False,usable,normal,166.08848897876885,74.17899999999999,228.61299999999997,154.43399999999997,5147.659526656737,0.0,0.0,usable,166.73901562498398,154.608,5175.187637607121,0.0,0.0,decoded,True,usable,normal,0.04678279161453247,0.04678279161453247,clean,safe,1
4ab95df9a48894c7c201bb7b,R7B-17-C4A596,clean,4,2a30407f74618d9af4a588415e89196bea16939ed9d42eea627c3bd32dfa5ca5,10,57,2,high_v7_plus,long_97_plus,97,522,522,9.157894736842104,0.13136027018229166,1.0457042483975816,True,0.0,False,usable,normal,164.31682029254398,70.38499999999999,227.755,157.37,4878.849343798908,0.0,0.0,usable,164.9602797751746,157.55650000000003,4898.603549083475,0.0,0.0,decoded,True,usable,normal,0.013990819454193115,0.013990819454193115,clean,safe,1
976520d4568ef9af6894f947,R7B-18-E9CFED,adversarial,0,cdbf977e40d6fcfcea88a7e7cafd8c0caf5870ab1dd625302e4ab2e3f5622b1d,10,57,3,high_v7_plus,long_97_plus,97,476,476,8.350877192982455,0.10899251302083333,1.0753586638188366,True,0.0,False,usable,normal,110.52390246331699,21.63375,195.467,173.83325000000002,1954.2630928835397,0.06664540816326531,0.0,usable,110.99383001833213,174.59425000000002,1966.5011995539608,0.06664540816326531,0.0,decoded,True,usable,normal,0.9665764570236206,0.9665764570236206,adversarial,blocked,88
976520d4568ef9af6894f947,R7B-18-E9CFED,adversarial,1,55b60cc5325e113c84d5d23514152b9e5d45dece914cc9a295f8cd6c46d7d6dc,10,57,3,high_v7_plus,long_97_plus,97,568,568,9.964912280701755,0.155233154296875,1.0922310962161783,True,0.0,False,usable,normal,155.89286495534748,61.45,226.435,164.985,3155.1392234204864,0.0,1.992984693877551e-05,usable,156.4960050422424,165.20325000000003,3169.7815514894783,0.0,1.992984693877551e-05,decoded,True,usable,normal,0.9747576713562012,0.9747576713562012,adversarial,blocked,88
976520d4568ef9af6894f947,R7B-18-E9CFED,adversarial,2,9db513708a59fbfca5b6534809e2e22d456458462ddcf85569d609b2103572ab,10,57,3,high_v7_plus,long_97_plus,97,571,571,10.017543859649123,0.15683878580729166,1.091775954802221,True,0.0,False,usable,normal,154.69900486287494,61.179249999999996,224.42399999999998,163.24474999999998,3376.379310659512,0.0,0.0,usable,155.2265840840235,163.985,3374.38570199336,0.0,0.0,decoded,True,usable,normal,0.9757658243179321,0.9757658243179321,adversarial,blocked,88
976520d4568ef9af6894f947,R7B-18-E9CFED,adversarial,3,55acf25b212531c49861ae7e936e8de6ccb48d0d5afe85186a71ef0087928b59,10,57,3,high_v7_plus,long_97_plus,97,549,549,9.631578947368421,0.14496012369791667,1.0754254197904707,True,0.0,False,usable,normal,153.79054422431878,60.396,223.42399999999998,163.02799999999996,3391.2808966163275,0.0,0.0,usable,154.4274932039147,163.20199999999997,3409.710288453694,0.0,0.0,decoded,True,usable,normal,0.9558891654014587,0.9558891654014587,adversarial,blocked,87
976520d4568ef9af6894f947,R7B-18-E9CFED,adversarial,4,fe81aaf234cf223a32f054b9f427e36f87fb26a60081d7749c39cf3b83942acb,10,57,3,high_v7_plus,long_97_plus,97,545,545,9.56140350877193,0.14274698893229168,1.0784845219588177,True,0.0,False,usable,normal,153.68197293526467,60.446250000000006,223.517,163.07074999999998,3293.269860442805,0.0,0.0,usable,154.2616851482756,163.24750000000003,3319.1242937251036,0.0,0.0,decoded,True,usable,normal,0.9728944897651672,0.9728944897651672,adversarial,blocked,88
afb646b2574fe4f7e05ce8ce,R7B-19-D8F6DF,adversarial,0,65a4e7b924523db11775432644ddfc35abfb346aaab553c3e431305cd69a6b63,3,29,4,low_v1_v3,short_1_32,24,541,541,18.655172413793103,0.14063557942708332,1.0936389020975663,True,0.0,False,usable,normal,166.0879048947472,65.416,227.772,162.356,1259.688862388225,0.0,0.0,usable,166.75004633688891,162.53574999999998,1263.7067371601186,0.0,0.0,decoded,True,usable,normal,0.9985694885253906,0.9985694885253906,adversarial,blocked,90
afb646b2574fe4f7e05ce8ce,R7B-19-D8F6DF,adversarial,1,7839926cd247bf370125483d91f018dc042a8c2c04bc37f85434068f9fc52457,3,29,4,low_v1_v3,short_1_32,24,562,562,19.379310344827587,0.151998291015625,1.1187607351170434,True,0.0,False,usable,normal,146.95903770725286,33.900999999999996,226.435,192.534,1798.9561832891955,5.978954081632653e-05,0.0,usable,147.43383316725019,193.409,1810.1019649299299,5.978954081632653e-05,0.0,undecodable,False,usable,normal,0.994253933429718,0.994253933429718,adversarial,blocked,89
afb646b2574fe4f7e05ce8ce,R7B-19-D8F6DF,adversarial,2,56f6df73cc87b79da1be9edceeefc9e72aad9b2a735a735ba8f823461cb75898,3,29,4,low_v1_v3,short_1_32,24,574,574,19.79310344827586,0.15840250651041668,1.12613671208487,True,0.0,False,usable,normal,173.56963584182446,74.467,236.196,161.72899999999998,1231.138759995872,0.0,0.010762117346938776,usable,173.7982399155005,162.01699999999994,1234.2584567158922,0.0,0.01287468112244898,undecodable,False,usable,normal,0.9985556602478027,0.9985556602478027,adversarial,blocked,90
afb646b2574fe4f7e05ce8ce,R7B-19-D8F6DF,adversarial,3,f10869413dbc50ce577e0840e279568f0aa84833704f8ff138364206fe77413e,3,29,4,low_v1_v3,short_1_32,24,582,582,20.06896551724138,0.162545166015625,1.1317013872830892,True,0.0,False,usable,normal,171.62568311543836,74.35275000000001,232.5505,158.19774999999998,1276.5958634288065,0.0,0.000896843112244898,usable,171.78198290018054,158.48574999999997,1285.931464244497,0.0,0.0010762117346938774,undecodable,False,usable,normal,0.9989168047904968,0.9989168047904968,adversarial,blocked,90
afb646b2574fe4f7e05ce8ce,R7B-19-D8F6DF,adversarial,4,383c322feb55a8e3e3b33ea6265e3ea8235595417c0258ca99cb98349b3609d6,3,29,4,low_v1_v3,short_1_32,24,579,579,19.96551724137931,0.16089884440104166,1.1302270817086972,True,0.0,False,usable,normal,170.3983458426256,73.39599999999999,231.0,157.604,1243.8875392759605,0.0,0.0001992984693877551,usable,170.6746982621168,157.89200000000002,1244.2611614231612,0.0,0.00023915816326530612,undecodable,False,usable,normal,0.9987131357192993,0.9987131357192993,adversarial,blocked,90
3e281da2bac987017fc328ea,R7B-20-EA4843,tampered,0,5c1852377d1c63f224966dba51f41337ec1b2de667cb8c979dfba971ecac3598,6,41,5,medium_v4_v6,medium_33_96,48,605,605,14.75609756097561,0.17574137369791668,1.098041497712231,True,0.0,False,usable,normal,168.0472091438067,76.33500000000001,235.19599999999997,158.86099999999996,3344.448634878398,0.0,0.0005978954081632653,usable,168.55040874123299,159.24499999999998,3352.235945204422,0.0,0.0023716517857142855,undecodable,False,usable,normal,0.9984070062637329,0.9984070062637329,tampered,blocked,90
3e281da2bac987017fc328ea,R7B-20-EA4843,tampered,1,1eb62363285a839323be88866a363330e6c3680b1f9160e398ecead19ecd6570,6,41,5,medium_v4_v6,medium_33_96,48,626,626,15.268292682926829,0.18868815104166667,1.1129991931076901,True,0.0,False,usable,normal,133.07501139983802,29.526999999999997,218.0,188.473,4706.7578146888145,0.012595663265306123,0.0,usable,133.25691472017797,188.761,4724.644525485012,0.012595663265306123,0.0,undecodable,False,usable,normal,0.9961414933204651,0.9961414933204651,tampered,blocked,90
3e281da2bac987017fc328ea,R7B-20-EA4843,tampered,2,5e1464c2180e95c3f233b8f621b31c17862f8da04c44522619edf62565581a35,6,41,5,medium_v4_v6,medium_33_96,48,627,627,15.292682926829269,0.18881022135416667,1.1125873865039364,True,0.0,False,usable,normal,164.72314359452096,71.385,232.712,161.327,3557.052803656673,0.0,5.978954081632653e-05,usable,164.98061132812202,161.615,3576.1017928651336,0.0,5.978954081632653e-05,undecodable,False,usable,normal,0.997803270816803,0.997803270816803,tampered,blocked,90
3e281da2bac987017fc328ea,R7B-20-EA4843,tampered,3,707d14859f973a8b8ad0f4f97a78e9397a5d7345db39b66ed25ee0d57eead87b,6,41,5,medium_v4_v6,medium_33_96,48,638,638,15.560975609756097,0.195623779296875,1.1217522894154441,True,0.0,False,usable,normal,164.51598700572472,70.527,232.712,162.185,3733.6943873912824,0.0,9.964923469387755e-05,usable,164.69857437817183,162.473,3749.896043395845,0.0,0.00011957908163265306,undecodable,False,usable,normal,0.998294472694397,0.998294472694397,tampered,blocked,90
3e281da2bac987017fc328ea,R7B-20-EA4843,tampered,4,557a6db29dcef7d11dff5b433040d30bbdc1f15899f896b53b8ef9adafe99a90,6,41,5,medium_v4_v6,medium_33_96,48,620,620,15.121951219512194,0.18466064453125,1.111392600906046,True,0.0,False,usable,normal,162.10462802932486,68.67025000000001,229.484,160.81375,3535.8571299574182,0.0,5.978954081632653e-05,usable,162.69645053409863,161.03399999999993,3549.282906802039,0.0,0.00011957908163265306,undecodable,False,usable,normal,0.9980502128601074,0.9980502128601074,tampered,blocked,90
99034c3d2a6ab713c15f1fc9,R7B-21-F5A9DA,adversarial,0,acf8afa39eeab8013f3738d54459af3d81b964445d5893e384ea4fec460aa9c6,6,41,7,medium_v4_v6,medium_33_96,48,481,481,11.731707317073171,0.11117024739583334,1.0662669848461108,True,0.0,False,usable,normal,151.8425821308753,58.73375,219.435,160.70125000000002,2236.953228302939,0.0,0.0,usable,152.59467610012237,161.37,2254.0992433008473,0.0,0.0,decoded,True,usable,normal,0.9878770709037781,0.9878770709037781,adversarial,blocked,89
99034c3d2a6ab713c15f1fc9,R7B-21-F5A9DA,adversarial,1,112ca23ef6967dbcfa4117591f81ebfc320ea8d82bb7be0e6a87e2a79150a8a5,6,41,7,medium_v4_v6,medium_33_96,48,524,524,12.78048780487805,0.13232218424479167,1.0818544870019309,True,0.0,False,usable,normal,136.27622429048694,33.695,218.399,184.704,3022.5905270395597,0.0004185267857142857,0.0,usable,136.57744242267273,185.177,3044.942165927261,0.0004185267857142857,0.0,undecodable,False,usable,normal,0.9197593927383423,0.9197593927383423,adversarial,blocked,84
99034c3d2a6ab713c15f1fc9,R7B-21-F5A9DA,adversarial,2,9efd71d6ce50fee301ede0c94bcd57b74c7265d0ba039d440fa317ccbd4bbdde,6,41,7,medium_v4_v6,medium_33_96,48,531,531,12.951219512195122,0.13562703450520833,1.0861025047651969,True,0.0,False,usable,normal,135.688482003335,32.759499999999996,218.39524999999998,185.63574999999997,3050.9920674917958,0.003667091836734694,0.0,usable,135.99231409438863,186.10875000000001,3073.0636799552294,0.003667091836734694,0.0,undecodable,False,usable,normal,0.8208168148994446,0.8208168148994446,adversarial,blocked,76
99034c3d2a6ab713c15f1fc9,R7B-21-F5A9DA,adversarial,3,6b158a4b209ea1fdd06fb55fbbc4d08307fbbb5ab267fae28f2dabcb829c10db,6,41,7,medium_v4_v6,medium_33_96,48,523,523,12.75609756097561,0.13150227864583333,1.082063434127898,True,0.0,False,usable,normal,158.44330428889126,68.325,223.01849999999996,154.69349999999997,2229.8466760779734,0.0,0.0,usable,158.66203653140076,154.98149999999998,2237.123652333163,0.0,0.0,decoded,True,usable,normal,0.9826804995536804,0.9826804995536804,adversarial,blocked,89
99034c3d2a6ab713c15f1fc9,R7B-21-F5A9DA,adversarial,4,48279fb96a8394835afe43a49e3cfa096a2dae7d81f2d951d6f69baf0d2e6504,6,41,7,medium_v4_v6,medium_33_96,48,522,522,12.731707317073171,0.13086018880208333,1.0822538441807534,True,0.0,False,usable,normal,157.24452746331372,66.755,221.91924999999998,155.16424999999998,2216.4343855791744,0.0,0.0,usable,157.50268271683595,155.34225000000004,2222.336858122659,0.0,0.0,undecodable,False,usable,normal,0.9776650071144104,0.9776650071144104,adversarial,blocked,88
376d8519e33b9c50e2a1d521,R7B-22-03D724,tampered,0,1b7b89190b82392da2382ea2f9fc23795577701c15e214fe1f6533c4e0f51577,3,29,3,low_v1_v3,short_1_32,24,500,500,17.24137931034483,0.12023234049479167,1.0632621453423508,True,0.0,False,usable,normal,155.1092153419608,50.62125,210.538,159.91675,1167.931922360051,0.0,0.0,usable,155.78832033239556,160.09900000000002,1173.635121250925,0.0,0.0,decoded,True,usable,normal,0.9991539120674133,0.9991539120674133,tampered,blocked,90
376d8519e33b9c50e2a1d521,R7B-22-03D724,tampered,1,48acd33356a86a599464414ab8713bd29ffcf634be35de9e167a76126253241b,3,29,3,low_v1_v3,short_1_32,24,556,556,19.17241379310345,0.14854248046875,1.0871638833484105,True,0.0,False,usable,normal,141.96610233972785,29.384999999999998,212.712,183.327,3085.0090535497025,0.017139668367346938,0.0,usable,142.11153762754478,183.501,3090.459720757912,0.017139668367346938,0.0,decoded,True,usable,normal,0.9985369443893433,0.9985369443893433,tampered,blocked,90
376d8519e33b9c50e2a1d521,R7B-22-03D724,tampered,2,63ed365d7beb3bf3c042a71ac97203cba111a90f29c2b1625697a8d7ce9e9055,3,29,3,low_v1_v3,short_1_32,24,553,553,19.06896551724138,0.147327880859375,1.0900141408670887,True,0.0,False,usable,normal,141.99739353472364,29.4005,212.76749999999998,183.367,2996.400016376722,0.01696029974489796,0.0,usable,142.20052246090629,183.655,3009.859228398027,0.01696029974489796,0.0,decoded,True,usable,normal,0.9983735680580139,0.9983735680580139,tampered,blocked,90
376d8519e33b9c50e2a1d521,R7B-22-03D724,tampered,3,f2a38c88e64e14575eb3e593d4384beaf6cd15ad327b63faa026e6c9eb9105e7,3,29,3,low_v1_v3,short_1_32,24,558,558,19.24137931034483,0.14992513020833334,1.0939753813964703,True,0.0,False,usable,normal,171.22056373565792,69.624,230.424,160.8,2078.3463624512456,0.0,0.0,usable,171.4873803810317,161.088,2079.337554121188,0.0,0.0,decoded,True,usable,normal,0.9989269375801086,0.9989269375801086,tampered,blocked,90
376d8519e33b9c50e2a1d521,R7B-22-03D724,tampered,4,647574d96d6ba967c34c68acb1f52142810064b20e0eaea9a5ba6ed883677c2a,3,29,3,low_v1_v3,short_1_32,24,551,551,19.0,0.145943603515625,1.0953790819810607,True,0.0,False,usable,normal,172.58242703683194,71.467,231.506,160.039,2314.430721411001,0.0,0.0,usable,172.7785286391669,160.327,2324.8026688586137,0.0,1.992984693877551e-05,decoded,True,usable,normal,0.9993350505828857,0.9993350505828857,tampered,blocked,90
2735d5dc1b262224af149efe,R7B-23-1C1B30,tampered,0,59b87eacc4576eb93b45dec9bd1b3f0298c0d6bc63c76e9120cb3d9891f24b27,3,29,0,low_v1_v3,short_1_32,24,476,476,16.413793103448278,0.10915120442708333,1.0555587071206818,True,0.0,False,usable,normal,155.7149945391683,50.613,213.23899999999998,162.62599999999998,1422.6723404115105,0.0,0.0,usable,156.64599599409382,163.27300000000002,1437.6652877824517,0.0,0.0,decoded,True,usable,normal,0.9990583658218384,0.9990583658218384,tampered,blocked,90
2735d5dc1b262224af149efe,R7B-23-1C1B30,tampered,1,2569c7ac1f3e3555d8f77a6c56405f6cfe704bec0436c955217b0e7b8e65fcac,3,29,0,low_v1_v3,short_1_32,24,507,507,17.482758620689655,0.12348388671875,1.0768185262886372,True,0.0,False,usable,normal,145.12226058275212,31.53525,213.79399999999998,182.25875,3061.303916672193,0.001136001275510204,0.0,usable,145.6741082987901,183.11825,3088.746823702178,0.001136001275510204,0.0,decoded,True,usable,normal,0.9994301795959473,0.9994301795959473,tampered,blocked,90
2735d5dc1b262224af149efe,R7B-23-1C1B30,tampered,2,0fb0839939394b6048105efaf2fd25f921064082c6021a89724bfb7f4e4eb509,3,29,0,low_v1_v3,short_1_32,24,509,509,17.551724137931036,0.12460489908854167,1.0736037019020368,True,0.0,False,usable,normal,144.43786453681588,31.238999999999997,213.011,181.772,2950.336853309853,0.0016940369897959183,0.0,usable,144.958335718248,182.533,2971.9612536939508,0.0016741071428571428,0.0,decoded,True,usable,normal,0.9994271993637085,0.9994271993637085,tampered,blocked,90
2735d5dc1b262224af149efe,R7B-23-1C1B30,tampered,3,36cec44a536701cd67d0cbe6b33ab0bbd9cb2fb3de8d11c9eaa04c0771fbf82c,3,29,0,low_v1_v3,short_1_32,24,516,516,17.79310344827586,0.12793538411458333,1.0699764138343313,True,0.0,False,usable,normal,172.99686138790096,72.467,230.538,158.07100000000003,2309.4351835266825,0.0,0.0,usable,173.48300982542,158.359,2321.3929617809954,0.0,0.0,decoded,True,usable,normal,0.9992042779922485,0.9992042779922485,tampered,blocked,90
2735d5dc1b262224af149efe,R7B-23-1C1B30,tampered,4,9988610c8a7a7afa70a6ddf98163555a9a77304f57151a2b7226dd8b00f9be08,3,29,0,low_v1_v3,short_1_32,24,513,513,17.689655172413794,0.12664876302083333,1.067721036509797,True,0.0,False,usable,normal,170.75644712610983,71.37625,227.712,156.33575,2239.1882241794087,0.0,0.0,usable,171.43808892696833,156.959,2258.0846657835828,0.0,0.0,decoded,True,usable,normal,0.9993444681167603,0.9993444681167603,tampered,blocked,90
2ace16b9fcbdf08fa78938e2,R7B-24-90D5AF,clean,0,2aa3544729d6d76d84a03b49f92ed6465c92dee9a500eff0d40fc2d3ee9a4914,10,57,4,high_v7_plus,long_97_plus,97,543,543,9.526315789473685,0.14203369140625,1.0820091675900934,True,0.0,False,usable,normal,137.70702206231928,41.467,221.12499999999997,179.65799999999996,4380.01772844188,0.0007174744897959184,0.0,usable,138.53311684868072,180.11999999999998,4426.046622268048,0.0007174744897959184,0.0,decoded,True,usable,normal,0.05376636981964111,0.05376636981964111,clean,safe,1
2ace16b9fcbdf08fa78938e2,R7B-24-90D5AF,clean,1,e710ae33bb5d999a40ff09d28ae7074439b1b97a822ce5d173604a35e631e275,10,57,4,high_v7_plus,long_97_plus,97,575,575,10.087719298245615,0.15880533854166667,1.0842924890052967,True,0.0,False,usable,normal,117.28116185028613,26.238999999999997,205.41574999999997,179.17674999999997,6489.937748227025,0.028698979591836735,0.0,usable,117.5469332549461,179.75275,6531.690394027135,0.028698979591836735,0.0,decoded,True,usable,normal,0.11831903457641602,0.11831903457641602,clean,safe,2
2ace16b9fcbdf08fa78938e2,R7B-24-90D5AF,clean,2,5e37904bed29edd3ca716cdc44751e2724fc26625621e14c4123de670c4fd5e9,10,57,4,high_v7_plus,long_97_plus,97,575,575,10.087719298245615,0.158804931640625,1.0817385529522516,True,0.0,False,usable,normal,152.8139094786258,50.011,249.054,199.043,8476.851975127489,0.0,0.18271683673469388,usable,153.15782762675994,199.60774999999998,8519.25553249758,0.0,0.1913265306122449,decoded,True,usable,normal,0.04187506437301636,0.04187506437301636,clean,safe,1
2ace16b9fcbdf08fa78938e2,R7B-24-90D5AF,clean,3,ae84003d023607c4fc31b2e0524fd444c030ea8104d811849b33066196537f32,10,57,4,high_v7_plus,long_97_plus,97,578,578,10.140350877192983,0.16061604817708333,1.081330095825864,True,0.0,False,usable,normal,154.93907188695493,67.467,230.495,163.02800000000002,6019.460332541669,0.0,9.964923469387755e-05,usable,155.05427600843117,163.71949999999998,6004.340417670391,0.0,0.00011957908163265306,decoded,True,usable,normal,0.25117266178131104,0.25117266178131104,clean,safe,5
2ace16b9fcbdf08fa78938e2,R7B-24-90D5AF,clean,4,f0a0920fb7ce830e689fa3e294e50ba2257d4ec9d80e0d910093d9c952cb9433,10,57,4,high_v7_plus,long_97_plus,97,578,578,10.140350877192983,0.16096842447916668,1.0813715319219952,True,0.0,False,usable,normal,154.45270408162727,66.538,229.755,163.21699999999998,5617.190127923632,0.0,3.985969387755102e-05,usable,154.761960220001,163.33099999999996,5626.645950797955,0.0,5.978954081632653e-05,decoded,True,usable,normal,0.21350139379501343,0.21350139379501343,clean,safe,4
a80040afc82f6d03cd8b8c09,R7B-25-1381A8,tampered,0,032f1d974ac236a3eba0b1e1646278376a842499d1af00757b468ac8947038cb,6,41,1,medium_v4_v6,medium_33_96,48,560,560,13.658536585365853,0.150736083984375,1.1035597061514177,True,0.0,False,usable,normal,165.59402576929594,65.43499999999999,233.53799999999998,168.103,2310.3960799063657,0.0,0.0,usable,166.16550047830583,167.985,2330.0776833899017,0.0,3.985969387755102e-05,undecodable,False,usable,normal,0.9979696273803711,0.9979696273803711,tampered,blocked,90
a80040afc82f6d03cd8b8c09,R7B-25-1381A8,tampered,1,f7644ebc8acb6c621442b6a16efd16b9d47f4e611c1d8e438eb675198536552c,6,41,1,medium_v4_v6,medium_33_96,48,566,566,13.804878048780488,0.15396728515625,1.0950098253131015,True,0.0,False,usable,normal,141.27344987641285,32.744,225.712,192.968,4590.868991960607,0.004025829081632653,0.0,usable,141.7580674425808,193.72899999999998,4619.227735053822,0.004025829081632653,0.0,undecodable,False,usable,normal,0.9947367310523987,0.9947367310523987,tampered,blocked,89
a80040afc82f6d03cd8b8c09,R7B-25-1381A8,tampered,2,f7a59483fe33114f7ee0c73300344b43673bbe7aaaee80d5c26070ac8bafbc3e,6,41,1,medium_v4_v6,medium_33_96,48,579,579,14.121951219512194,0.16115315755208334,1.107714286185905,True,0.0,False,usable,normal,162.40246476401023,59.467,236.71199999999996,177.24499999999995,3744.210307865614,0.0,0.005699936224489796,usable,162.9168897480725,178.00599999999997,3751.647442143186,0.0,0.013173628826530613,undecodable,False,usable,normal,0.9973806142807007,0.9973806142807007,tampered,blocked,90
a80040afc82f6d03cd8b8c09,R7B-25-1381A8,tampered,3,22b97966ffd7655dc4bcf760ca2b5f1efd78366bfd50a00b74f0cf939e061163,6,41,1,medium_v4_v6,medium_33_96,48,581,581,14.170731707317072,0.16204345703125,1.1098079560548177,True,0.0,False,usable,normal,165.39743480945862,70.37474999999999,232.712,162.33724999999998,3383.2199376834956,0.0,0.00029894770408163266,usable,165.99264919482454,162.55925000000002,3397.673388188977,0.0,0.00033880739795918367,undecodable,False,usable,normal,0.9966555833816528,0.9966555833816528,tampered,blocked,90
a80040afc82f6d03cd8b8c09,R7B-25-1381A8,tampered,4,9e483fefd39034872cde0cd7a6f3c2bf9f5e345d1f498c1b019a3f75180fce6c,6,41,1,medium_v4_v6,medium_33_96,48,583,583,14.21951219512195,0.16330810546875,1.1140137643545611,True,0.0,False,usable,normal,164.49339606583013,69.467,231.424,161.957,3356.9366774827063,0.0,0.0,usable,165.0678739038531,161.832,3377.757256295426,0.0,1.992984693877551e-05,undecodable,False,usable,normal,0.9970622658729553,0.9970622658729553,tampered,blocked,90
9497819f8357b437243aeec2,R7B-26-C08B18,clean,0,bca7dc6b25506928c09f4917fab3aa8b472ab646f03a78ba10748e021e4215fc,10,57,6,high_v7_plus,long_97_plus,97,596,596,10.456140350877194,0.170662841796875,1.087869825704475,True,0.0,False,usable,normal,132.68457657046852,41.467,210.65449999999998,169.1875,3822.1476250452756,0.0011160714285714285,0.0,usable,133.309893993142,170.00599999999997,3841.667784627508,0.0011160714285714285,0.0,decoded,True,usable,normal,0.011674106121063232,0.011674106121063232,clean,safe,1
9497819f8357b437243aeec2,R7B-26-C08B18,clean,1,e5676b42c98cd7b6fa0b7b7fe8fc31850d71d2756e0e3b00b3ff825478345188,10,57,6,high_v7_plus,long_97_plus,97,615,615,10.789473684210526,0.18205891927083334,1.1011824376093073,True,0.0,False,usable,normal,116.22292181519586,27.754999999999995,207.712,179.957,7301.537024830488,0.018176020408163265,0.0,usable,116.38686975844168,180.24499999999998,7329.1553263931855,0.018176020408163265,0.0,decoded,True,usable,normal,0.020444095134735107,0.020444095134735107,clean,safe,1
9497819f8357b437243aeec2,R7B-26-C08B18,clean,2,f5190bf42918b3f9a3789ae67b71e3bf430551b13e24803a29a3da8bc98b77da,10,57,6,high_v7_plus,long_97_plus,97,591,591,10.368421052631579,0.16810139973958332,1.0748455161998232,True,0.0,False,usable,normal,154.17616336494484,68.55799999999999,227.68,159.122,5893.921174304314,0.0,0.0,usable,154.57213936943228,159.445,5917.893819083398,0.0,0.0,decoded,True,usable,normal,0.10534608364105225,0.10534608364105225,clean,safe,2
9497819f8357b437243aeec2,R7B-26-C08B18,clean,3,dc40f25610d3fe510aa8efa351d2fc5f007f505a4acc863764a1792c7427a250,10,57,6,high_v7_plus,long_97_plus,97,599,599,10.508771929824562,0.172760009765625,1.0831724248506256,True,0.0,False,usable,normal,154.58939106343928,67.239,229.71200000000002,162.473,5756.364008045758,0.0,1.992984693877551e-05,usable,154.9694047353311,162.76099999999997,5776.667319713671,0.0,1.992984693877551e-05,decoded,True,usable,normal,0.024991333484649658,0.024991333484649658,clean,safe,1
9497819f8357b437243aeec2,R7B-26-C08B18,clean,4,6313ae07275e22ce0b2059bd14f27b400052352df4358b3d952c83bed9ffa67a,10,57,6,high_v7_plus,long_97_plus,97,586,586,10.280701754385966,0.165517578125,1.0705552927259763,True,0.0,False,usable,normal,151.83660520965773,63.70825,227.506,163.79775,5629.8973030397,0.0,0.0,usable,152.13098278059596,164.387,5647.27326890001,0.0,0.0,decoded,True,usable,normal,0.10563069581985474,0.10563069581985474,clean,safe,2
569efa10a4557ff528261507,R7B-27-44E773,adversarial,0,203cae3357bfe550e1245663a9ff5d62b85bb332f1b167346a7b0634afe2781b,10,57,7,high_v7_plus,long_97_plus,97,571,571,10.017543859649123,0.15698933919270833,1.1064026181634847,True,0.0,False,usable,normal,151.57565644929332,62.239,231.77125,169.53225,3841.5509101662747,0.0,0.003248565051020408,usable,152.04302415497096,170.40374999999997,3860.2829733028498,0.0,0.004902742346938775,decoded,True,usable,normal,0.9991623163223267,0.9991623163223267,adversarial,blocked,90
569efa10a4557ff528261507,R7B-27-44E773,adversarial,1,40788deecfb23f01666a22275d46e5a6c4e633af8ea80b9e759d973e7603f32e,10,57,7,high_v7_plus,long_97_plus,97,571,571,10.017543859649123,0.15665771484375,1.1042285782490986,True,0.0,False,usable,normal,121.43377505180223,29.303,215.538,186.235,4623.830898000201,0.02214205994897959,0.0,usable,121.73003370136823,186.822,4667.665499321377,0.02214205994897959,0.0,decoded,True,usable,normal,0.9992164969444275,0.9992164969444275,adversarial,blocked,90
569efa10a4557ff528261507,R7B-27-44E773,adversarial,2,42accc599a795849cad38159839a5a5ffe603c58e338905428622ab3418d3bfa,10,57,7,high_v7_plus,long_97_plus,97,571,571,10.017543859649123,0.15701985677083333,1.109018035665103,True,0.0,False,usable,normal,152.7664692880997,58.313,240.70024999999998,182.38725,3959.5801554154436,0.0,0.05610251913265306,usable,152.9681978236596,182.67525,3971.728733257128,0.0,0.059072066326530615,decoded,True,usable,normal,0.9991902709007263,0.9991902709007263,adversarial,blocked,90
569efa10a4557ff528261507,R7B-27-44E773,adversarial,3,f0195601273d78a2a195cfe3a31f87689cb47d3e0586503e78e2bb765960b916,10,57,7,high_v7_plus,long_97_plus,97,573,573,10.052631578947368,0.15793782552083332,1.1037383902735745,True,0.0,False,usable,normal,152.13958942521165,66.45,225.90275,159.45274999999998,3470.02677702978,0.0,0.0,usable,152.71911154734883,159.6295,3487.0808692208716,0.0,3.985969387755102e-05,decoded,True,usable,normal,0.9995770454406738,0.9995770454406738,adversarial,blocked,90
569efa10a4557ff528261507,R7B-27-44E773,adversarial,4,c0079cf8074e04f5283a90ca5cd17f85c2473f874f482efbcbdfa34d53a73e49,10,57,7,high_v7_plus,long_97_plus,97,570,570,10.0,0.15612752278645833,1.1069008280725874,True,0.0,False,usable,normal,151.40286726721,65.5145,224.85799999999998,159.34349999999998,3559.834937443846,0.0,0.0,usable,151.65244575095284,159.63150000000002,3561.581549298077,0.0,0.0,decoded,True,usable,normal,0.999553382396698,0.999553382396698,adversarial,blocked,90
f3523a49813f151413eef6f2,R7B-28-387FB1,tampered,0,3be917473438e51f8abd3dc9b2074e97adc32474005fb2d4bc7cbe9ee27dbd61,10,57,4,high_v7_plus,long_97_plus,97,598,598,10.491228070175438,0.17201700846354168,1.109008760893213,True,0.0,False,usable,normal,158.36960058592467,69.228,236.91249999999997,167.68449999999996,5008.1713642205905,0.0,0.01588408801020408,usable,158.77854346698462,168.14925,5030.940983009749,0.0,0.022660235969387755,decoded,True,usable,normal,0.9970921277999878,0.9970921277999878,tampered,blocked,90
f3523a49813f151413eef6f2,R7B-28-387FB1,tampered,1,0e1924067efb5dd9aaa7098675b85e71ebd85ca40ada0ec2a3edbe4054f5b4a7,10,57,4,high_v7_plus,long_97_plus,97,580,580,10.175438596491228,0.16205362955729166,1.0904830370179046,True,0.0,False,usable,normal,116.31755574377823,25.755,204.48399999999998,178.72899999999998,5594.968199555279,0.03262515943877551,0.0,usable,116.68442139667205,179.48999999999998,5637.899776579723,0.03262515943877551,0.0,decoded,True,usable,normal,0.9993715882301331,0.9993715882301331,tampered,blocked,90
f3523a49813f151413eef6f2,R7B-28-387FB1,tampered,2,d736ce20695b941176857c354721a662f5516c64164d9bd2f689d695e0a7c07a,10,57,4,high_v7_plus,long_97_plus,97,577,577,10.12280701754386,0.1602490234375,1.0934725942658463,True,0.0,False,usable,normal,155.26407039222377,66.51675,231.527,165.01024999999998,4698.679234310461,0.0,0.0001992984693877551,usable,155.63261363998942,165.97799999999998,4721.613150633872,0.0,0.00031887755102040814,decoded,True,usable,normal,0.9985846281051636,0.9985846281051636,tampered,blocked,90
f3523a49813f151413eef6f2,R7B-28-387FB1,tampered,3,cd7cca49ce3f0422a36e27b33ee7de045e25c5e7e03945434751c90b75be4c49,10,57,4,high_v7_plus,long_97_plus,97,578,578,10.140350877192983,0.160614013671875,1.0958362044117558,True,0.0,False,usable,normal,155.6725568199839,68.64099999999999,230.549,161.90800000000002,4687.01601138389,0.0,5.978954081632653e-05,usable,155.69338032124486,162.22075,4720.341844172977,0.0,5.978954081632653e-05,decoded,True,usable,normal,0.9990676045417786,0.9990676045417786,tampered,blocked,90
f3523a49813f151413eef6f2,R7B-28-387FB1,tampered,4,2ac810e82f57839787fbe15b824881fd0ee3e1a7ac240328d46e3a3162e3b696,10,57,4,high_v7_plus,long_97_plus,97,578,578,10.140350877192983,0.16080281575520833,1.0908646627793692,True,0.0,False,usable,normal,155.61603904259297,68.527,230.239,161.712,5130.188130070866,0.0,3.985969387755102e-05,usable,155.71338536353028,162.11399999999998,5127.980004630066,0.0,9.964923469387755e-05,decoded,True,usable,normal,0.999378502368927,0.999378502368927,tampered,blocked,90
3748ac615fc727a965d2a1e2,R7B-29-310490,tampered,0,8bdb1f2a8c9649f3c8e92a4f5cc751ed4bb147369652df5ff4caa6f35db7d6fd,10,57,2,high_v7_plus,long_97_plus,97,443,443,7.771929824561403,0.09433512369791666,1.096471262320571,True,0.0,False,usable,normal,158.04546225285497,58.73149999999999,228.88,170.1485,4105.5693560516975,0.0,0.0,usable,158.7231976841432,170.78725,4128.455543442144,0.0,0.0,decoded,True,usable,normal,0.9986485242843628,0.9986485242843628,tampered,blocked,90
3748ac615fc727a965d2a1e2,R7B-29-310490,tampered,1,f84bea5fb18de1250dbebc15ded68e694e69272096ad7a1e71efc77c52648275,10,57,2,high_v7_plus,long_97_plus,97,450,450,7.894736842105263,0.097412109375,1.095217926680594,True,0.0,False,usable,normal,126.92013183587314,23.755,214.527,190.772,5222.440330901638,0.053212691326530615,0.0,usable,127.4318758968504,191.71800000000002,5274.234725652886,0.053212691326530615,0.0,decoded,True,usable,normal,0.9970949292182922,0.9970949292182922,tampered,blocked,90
3748ac615fc727a965d2a1e2,R7B-29-310490,tampered,2,b87fd9716ce7aab40db80c27f3c28b325ed7341f9e61d54db6d72a559ec612bb,10,57,2,high_v7_plus,long_97_plus,97,453,453,7.947368421052632,0.09853312174479166,1.0976559528982475,True,0.0,False,usable,normal,127.17134937013927,23.755,214.527,190.772,5363.85002570361,0.05317283163265306,0.0,usable,127.65690999681127,191.71800000000002,5415.02286754941,0.05317283163265306,0.0,decoded,True,usable,normal,0.9945224523544312,0.9945224523544312,tampered,blocked,89
3748ac615fc727a965d2a1e2,R7B-29-310490,tampered,3,223652b75959765a906eb9e8b7834ac6fde4a66ddcf8cfe328d47ba77e7f49aa,10,57,2,high_v7_plus,long_97_plus,97,458,458,8.035087719298245,0.100810546875,1.0996936491186995,True,0.0,False,usable,normal,159.83683240987656,59.684,230.46475,170.78075,4458.8360483131055,0.0,1.992984693877551e-05,usable,160.46800422509796,170.95475,4477.6125904488845,0.0,1.992984693877551e-05,decoded,True,usable,normal,0.9988760352134705,0.9988760352134705,tampered,blocked,90
3748ac615fc727a965d2a1e2,R7B-29-310490,tampered,4,7ffdccd4463af0732fe16b3555b610dc05abe09d36f23c60955f9b5cc9a99213,10,57,2,high_v7_plus,long_97_plus,97,457,457,8.017543859649123,0.1003759765625,1.1029335365952053,True,0.0,False,usable,normal,160.44700282999202,59.744,231.45874999999998,171.71474999999998,4480.167725144461,0.0,1.992984693877551e-05,usable,160.83267809312136,172.18774999999997,4494.547941663746,0.0,7.971938775510203e-05,decoded,True,usable,normal,0.9990004301071167,0.9990004301071167,tampered,blocked,90
6778198c8b3c21fe8ef9be64,R7B-30-453F46,adversarial,0,97168fe8ec0bb33a0eff141ccdaee01dc23ef0b8bb18ef9ae8bc7de8a1c2e480,6,41,6,medium_v4_v6,medium_33_96,48,535,535,13.048780487804878,0.13764078776041666,1.1218380149166334,True,0.0,False,usable,normal,160.3140822504642,67.79149999999998,229.42399999999998,161.6325,2121.884944464416,0.0,0.0002192283163265306,usable,160.60826664141774,161.92050000000003,2118.114073896231,0.0,0.00023915816326530612,undecodable,False,usable,normal,0.9933831691741943,0.9933831691741943,adversarial,blocked,89
6778198c8b3c21fe8ef9be64,R7B-30-453F46,adversarial,1,5719f6e848aa1f9055f3ee6486ba83a67a0d6270f24194bd2011a8e69ef75d80,6,41,6,medium_v4_v6,medium_33_96,48,538,538,13.121951219512194,0.139033203125,1.1106722748124238,True,0.0,False,usable,normal,130.62663534357844,29.054,220.929,191.875,2857.361415927866,0.01717952806122449,0.0,usable,131.015234414852,192.63599999999997,2872.8699063606296,0.01717952806122449,0.0,undecodable,False,usable,normal,0.9813725352287292,0.9813725352287292,adversarial,blocked,89
6778198c8b3c21fe8ef9be64,R7B-30-453F46,adversarial,2,f0904cc32aeff3aeb9bea497d18bd20eef069a821409e75c3c4ed4909c95ccfc,6,41,6,medium_v4_v6,medium_33_96,48,535,535,13.048780487804878,0.13749186197916666,1.1140285389857982,True,0.0,False,usable,normal,131.1304984255299,29.499,220.858,191.359,2836.658509976609,0.013970822704081632,0.0,usable,131.53733286829248,192.11999999999998,2848.2491511297426,0.013970822704081632,0.0,undecodable,False,usable,normal,0.971493124961853,0.971493124961853,adversarial,blocked,88
6778198c8b3c21fe8ef9be64,R7B-30-453F46,adversarial,3,291c1dad75869b9afc4116d7950f46add4ba88e67dbf44e33a97fc1993ff24d1,6,41,6,medium_v4_v6,medium_33_96,48,530,530,12.926829268292684,0.13498779296875,1.1097515357265766,True,0.0,False,usable,normal,156.50538992744723,63.738,224.5775,160.8395,2270.18610835876,0.0,0.0,usable,156.7490968191905,161.1275,2273.6729191866425,0.0,0.0,undecodable,False,usable,normal,0.9943732619285583,0.9943732619285583,adversarial,blocked,89
6778198c8b3c21fe8ef9be64,R7B-30-453F46,adversarial,4,6845a3d7ffb1eec141847b2da9703b101e08423f3e159e3913cc3df91541ed83,6,41,6,medium_v4_v6,medium_33_96,48,531,531,12.951219512195122,0.1356396484375,1.1041149507004562,True,0.0,False,usable,normal,157.03628318318397,64.76599999999999,225.136,160.37,2183.4063057592152,0.0,0.0,usable,157.6207357302246,160.31900000000002,2201.4475535584693,0.0,0.0,undecodable,False,usable,normal,0.9938953518867493,0.9938953518867493,adversarial,blocked,89
111e09ac324f5661c75ed35f,R7B-31-384631,clean,0,73d4f064b56252d8e4af9f27a8a4340dbccc3f2da94076920c170c2d380eb8e6,3,29,3,low_v1_v3,short_1_32,24,410,410,14.137931034482758,0.08097330729166667,1.0774670660020318,True,0.0,False,usable,normal,163.46595605462147,58.76599999999999,221.53799999999998,162.772,1507.3699053024607,0.0,0.0,usable,164.1599714803916,163.387,1519.9699857300404,0.0,0.0,decoded,True,usable,normal,0.027489185333251953,0.027489185333251953,clean,safe,1
111e09ac324f5661c75ed35f,R7B-31-384631,clean,1,6255d597d939332326201668863d6d9fba62ea4bab0f092355253f656094f3a4,3,29,3,low_v1_v3,short_1_32,24,486,486,16.75862068965517,0.113818359375,1.094182133894581,True,0.0,False,usable,normal,142.88780980949326,28.395999999999997,213.1805,184.7845,2572.0916825695226,0.01739875637755102,0.0,usable,143.2907630540301,185.6595,2589.2501975527994,0.017378826530612245,0.0,decoded,True,usable,normal,0.017151296138763428,0.017151296138763428,clean,safe,1
111e09ac324f5661c75ed35f,R7B-31-384631,clean,2,0ecec41f0d377de1d9181934717d18fede7f2d59b478c1147215f1fdb54226cf,3,29,3,low_v1_v3,short_1_32,24,482,482,16.620689655172413,0.11154866536458333,1.0893720564783482,True,0.0,False,usable,normal,141.2862948222114,28.238999999999997,209.516,181.277,2612.765130377663,0.018136160714285716,0.0,usable,141.81781285871187,182.03799999999998,2633.0528094639576,0.018136160714285716,0.0,decoded,True,usable,normal,0.011652529239654541,0.011652529239654541,clean,safe,1
111e09ac324f5661c75ed35f,R7B-31-384631,clean,3,f8b95dadbbc50479f6430b66258260abb012a771b1dec5d92a101a646b0fb8b6,3,29,3,low_v1_v3,short_1_32,24,488,488,16.82758620689655,0.11473958333333334,1.0880882116319641,True,0.0,False,usable,normal,173.71092869099667,69.912,231.549,161.637,2152.62808332429,0.0,0.0,usable,174.20792283164815,161.925,2163.7446487761044,0.0,5.978954081632653e-05,decoded,True,usable,normal,0.009839832782745361,0.009839832782745361,clean,safe,1
111e09ac324f5661c75ed35f,R7B-31-384631,clean,4,ec85d2d57c5b7d293683e0b67d5edc19916140623e29a36c86fd70cb98ed5e15,3,29,3,low_v1_v3,short_1_32,24,488,488,16.82758620689655,0.11458780924479167,1.0880650061499475,True,0.0,False,usable,normal,174.08195310505906,70.613,232.96349999999995,162.35049999999995,2023.2896975764882,0.0,3.985969387755102e-05,usable,174.59898780293875,162.63849999999996,2034.3220281836104,0.0,0.00011957908163265306,decoded,True,usable,normal,0.012194156646728516,0.012194156646728516,clean,safe,1
c30a1d5fa48e6e349ceb8d8b,R7B-32-E60C7B,adversarial,0,c4ba6cc8aedc073bace06ad8529878a431d8cbb77a3688374ca938967f79e92e,6,41,0,medium_v4_v6,medium_33_96,48,543,543,13.24390243902439,0.14183349609375,1.1071796466387194,True,0.0,False,usable,normal,162.2831501115947,69.93275,229.69499999999996,159.76224999999997,2034.7590993550539,0.0,0.0004384566326530612,usable,162.63687884645526,160.556,2035.741135941734,0.0,0.0009765625,undecodable,False,usable,normal,0.995829164981842,0.995829164981842,adversarial,blocked,90
c30a1d5fa48e6e349ceb8d8b,R7B-32-E60C7B,adversarial,1,b6de74d664490501ff7831993d132f49316afdc8fb2b0cc6c6f546961f686a6b,6,41,0,medium_v4_v6,medium_33_96,48,542,542,13.21951219512195,0.14134562174479168,1.112701311875208,True,0.0,False,usable,normal,130.4029869060769,28.652249999999995,216.99599999999998,188.34375,2888.7046543770675,0.021683673469387755,0.0,usable,130.65913452645862,189.17525,2897.487224568732,0.021683673469387755,0.0,undecodable,False,usable,normal,0.9904301166534424,0.9904301166534424,adversarial,blocked,89
c30a1d5fa48e6e349ceb8d8b,R7B-32-E60C7B,adversarial,2,939f3f2fecab05f6929993236cbaa6a6be6946a027dca5f5c88c1f2ae9de22b1,6,41,0,medium_v4_v6,medium_33_96,48,540,540,13.170731707317072,0.1403564453125,1.1050843571060485,True,0.0,False,usable,normal,167.2806032166576,60.63825,251.72999999999996,191.09174999999996,2825.6083335580934,0.0,0.2015704719387755,usable,167.66705227598095,191.724,2820.497726657699,0.0,0.20976163903061223,undecodable,False,usable,normal,0.994304358959198,0.994304358959198,adversarial,blocked,89
c30a1d5fa48e6e349ceb8d8b,R7B-32-E60C7B,adversarial,3,5116ce9ebfe8a18abc1408e64415d287216fcc5bdc016743d717209702034a9c,6,41,0,medium_v4_v6,medium_33_96,48,534,534,13.024390243902438,0.13737263997395832,1.1008750177119275,True,0.0,False,usable,normal,159.6222099210604,66.67025,226.73399999999998,160.06374999999997,2218.7594045494443,0.0,0.0,usable,160.09609321188768,160.751,2212.8737407571452,0.0,0.0,undecodable,False,usable,normal,0.9958733916282654,0.9958733916282654,adversarial,blocked,90
c30a1d5fa48e6e349ceb8d8b,R7B-32-E60C7B,adversarial,4,561ae2d5627642cb6b1985699a180ed94b346bbaf0ebd23fdc4543df8e8444f6,6,41,0,medium_v4_v6,medium_33_96,48,528,528,12.878048780487806,0.134068603515625,1.096783856480986,True,0.0,False,usable,normal,157.1461180843287,64.086,223.42399999999998,159.33799999999997,2221.894217148866,0.0,0.0,usable,157.43480470742412,159.62599999999998,2219.800504556565,0.0,0.0,undecodable,False,usable,normal,0.9950187802314758,0.9950187802314758,adversarial,blocked,90
e749f7589862edc983894f54,R7B-33-FF6F1C,adversarial,0,d46c72c05068ed616226444e24f414fa1c1098c7ecd0a1b4309048a552ba5df1,6,41,5,medium_v4_v6,medium_33_96,48,390,390,9.512195121951219,0.07296549479166667,1.1064727071995555,True,0.0,False,usable,normal,179.57343508848803,81.1445,238.35299999999998,157.2085,1516.1002409088,0.0,0.03419961734693878,usable,179.9404352080701,157.68149999999997,1526.6081831525244,0.0,0.03864397321428571,undecodable,False,usable,normal,0.9922206997871399,0.9922206997871399,adversarial,blocked,89
e749f7589862edc983894f54,R7B-33-FF6F1C,adversarial,1,20c124a40b8b54b3d8370412895bc8b805f8ceedfd4ed04d62ecb1ec14daddeb,6,41,5,medium_v4_v6,medium_33_96,48,389,389,9.487804878048781,0.07284505208333333,1.1030367552688491,True,0.0,False,usable,normal,146.96377248084542,32.75225,223.49499999999998,190.74274999999997,2075.19955977342,0.004065688775510204,0.0,usable,147.35293859615237,191.21674999999996,2095.541522535034,0.004065688775510204,0.0,undecodable,False,usable,normal,0.9928548336029053,0.9928548336029053,adversarial,blocked,89
e749f7589862edc983894f54,R7B-33-FF6F1C,adversarial,2,1deb9e69f4695e9f04b1a1e959a39ed36a3bddc0acc0c7bd2d2ebc2ee9696b99,6,41,5,medium_v4_v6,medium_33_96,48,389,389,9.487804878048781,0.07260416666666666,1.099638384339693,True,0.0,False,usable,normal,147.76542336970243,33.114,224.964,191.85,2114.478525483394,0.0034677933673469387,0.0,usable,148.10650569993763,192.60225,2127.1523694811535,0.0034677933673469387,0.0,undecodable,False,usable,normal,0.9903626441955566,0.9903626441955566,adversarial,blocked,89
e749f7589862edc983894f54,R7B-33-FF6F1C,adversarial,3,1a1f85a28ddfc5bf7ccdfb6e796ad42bb3b3aa553a77c9539d4a36bcedfeb87c,6,41,5,medium_v4_v6,medium_33_96,48,385,385,9.390243902439025,0.07115275065104167,1.0964721834236608,True,0.0,False,usable,normal,191.16600542091672,76.19725000000001,255.0,178.80275,1904.1234636240104,0.0,0.3172632334183674,usable,191.3459519690881,178.38975,1902.04772273151,0.0,0.3190369897959184,undecodable,False,usable,normal,0.9964041709899902,0.9964041709899902,adversarial,blocked,90
e749f7589862edc983894f54,R7B-33-FF6F1C,adversarial,4,bb5748bc2d54ac3429318415fd624dc4aef89f60397a5e79a3fbc69aa96936d4,6,41,5,medium_v4_v6,medium_33_96,48,388,388,9.463414634146341,0.07235880533854167,1.09616485422077,True,0.0,False,usable,normal,174.20336411829186,76.601,229.0065,152.4055,1551.8936908563367,0.0,0.0,usable,174.5260493064481,152.66399999999996,1551.213806227592,0.0,1.992984693877551e-05,undecodable,False,usable,normal,0.9926076531410217,0.9926076531410217,adversarial,blocked,89
403e9ff69e000823516482e7,R7B-34-CE3DDF,clean,0,127c25d9a32f85008cda76941e1d8dd90f5a570b0673c82c0c1853ee848d5740,6,41,1,medium_v4_v6,medium_33_96,48,551,551,13.439024390243903,0.14565104166666668,1.1691201713267518,True,0.0,False,usable,normal,160.91901550540862,60.755,231.712,170.957,2614.347896292847,0.0,7.971938775510203e-05,usable,161.4725801777709,170.832,2633.8434708681075,0.0,9.964923469387755e-05,undecodable,False,usable,normal,0.006806433200836182,0.006806433200836182,clean,warning,26
403e9ff69e000823516482e7,R7B-34-CE3DDF,clean,1,058f5dfe45e928e8b873ccd5dbf27e8a76e19fc90169dabd94a4c281c86a9434,6,41,1,medium_v4_v6,medium_33_96,48,544,544,13.268292682926829,0.142061767578125,1.152488305479775,True,0.0,False,usable,normal,121.70810046632809,20.526999999999997,216.239,195.71200000000002,3829.924725495835,0.0782047193877551,0.0,usable,122.01857888231291,196.288,3853.69859344807,0.0782047193877551,0.0,undecodable,False,usable,normal,0.001466512680053711,0.001466512680053711,clean,warning,26
403e9ff69e000823516482e7,R7B-34-CE3DDF,clean,2,be7ae4340422b5eec315849eb8fc5b10bab0a9b38b6045fc17917b469c6577c4,6,41,1,medium_v4_v6,medium_33_96,48,550,550,13.414634146341463,0.145164794921875,1.1615281468375127,True,0.0,False,usable,normal,119.51533165256859,20.0,211.196,191.196,3910.970077229067,0.08229033801020408,0.0,usable,119.59867486446069,191.185,3919.5308470278296,0.08229033801020408,0.0,undecodable,False,usable,normal,0.0014685392379760742,0.0014685392379760742,clean,warning,26
403e9ff69e000823516482e7,R7B-34-CE3DDF,clean,3,662fdf1b3b9668afb14ae5e9a069b5dff4dc658d948ee7130ca7d72ba8a70969,6,41,1,medium_v4_v6,medium_33_96,48,544,544,13.268292682926829,0.14207926432291668,1.1603409993336278,True,0.0,False,usable,normal,158.01953150906695,57.754999999999995,230.67999999999998,172.92499999999998,2996.8924156555136,0.0,0.0009167729591836735,usable,158.53085441244755,173.68599999999998,3007.0363657797666,0.0,0.0012356505102040817,undecodable,False,usable,normal,0.002832472324371338,0.002832472324371338,clean,warning,26
403e9ff69e000823516482e7,R7B-34-CE3DDF,clean,4,cd01ed54f5cda63801b0493fa691e9227b49bf6b70a1611d0321519ace30ea82,6,41,1,medium_v4_v6,medium_33_96,48,546,546,13.317073170731707,0.1431494140625,1.1549268311920835,True,0.0,False,usable,normal,158.31250994498723,57.652,230.555,172.90300000000002,3270.737306501027,0.0,0.0001793686224489796,usable,158.86636208543723,173.45825,3294.283813135271,0.0,0.0003786670918367347,undecodable,False,usable,normal,0.004634261131286621,0.004634261131286621,clean,warning,26
a745dab6400abf85cbc29267,R7B-35-008AC4,tampered,0,8a2291fa50bb4bb9d309d946839b9d8e097e07df6b6562a4218c4abb153de89f,6,41,7,medium_v4_v6,medium_33_96,48,495,495,12.073170731707316,0.11731689453125,1.1528189908272632,True,0.0,False,usable,normal,165.01609608177426,68.396,226.435,158.039,1316.2418380062293,0.0,0.0,usable,165.7632326609934,158.85200000000003,1328.426998236159,0.0,0.0,undecodable,False,usable,normal,0.9897102117538452,0.9897102117538452,tampered,blocked,89
a745dab6400abf85cbc29267,R7B-35-008AC4,tampered,1,e7e6a04ca51d2a77c278bbbc3b98833ff172ce9480acf4e55ab708c91c4bf350,6,41,7,medium_v4_v6,medium_33_96,48,511,511,12.463414634146341,0.12537841796875,1.1552799037673371,True,0.0,False,usable,normal,131.54628948101785,27.239,225.424,198.185,4355.477971783198,0.029436383928571428,0.0,usable,131.97038731664003,198.761,4386.536388549092,0.029436383928571428,0.0,undecodable,False,usable,normal,0.9984974265098572,0.9984974265098572,tampered,blocked,90
a745dab6400abf85cbc29267,R7B-35-008AC4,tampered,2,eb399af819913c94c416a99eae3225b80eebd56fed484bd9b2e7a5fca5d6485a,6,41,7,medium_v4_v6,medium_33_96,48,516,516,12.585365853658537,0.12763346354166666,1.1591794528704509,True,0.0,False,usable,normal,133.92076979032288,28.527,228.239,199.712,4231.133829855227,0.0243343431122449,0.0,usable,134.3518456831857,200.17399999999998,4260.494914760732,0.0243343431122449,0.0,undecodable,False,usable,normal,0.9967629909515381,0.9967629909515381,tampered,blocked,90
a745dab6400abf85cbc29267,R7B-35-008AC4,tampered,3,2ffde5462bdaea7713091bf920a4601bb82c47426a0fbfa1d50af3bfcb13dd09,6,41,7,medium_v4_v6,medium_33_96,48,504,504,12.292682926829269,0.12192789713541667,1.1403772244271837,True,0.0,False,usable,normal,159.4910415337982,64.353,229.53799999999998,165.185,3436.961130956331,0.0,5.978954081632653e-05,usable,160.08023188376768,165.23399999999998,3462.739458897479,0.0,9.964923469387755e-05,undecodable,False,usable,normal,0.998069167137146,0.998069167137146,tampered,blocked,90
a745dab6400abf85cbc29267,R7B-35-008AC4,tampered,4,c377d12d99667b920d90d94540c7a5c157fb82feea4828c59b0137424a20b7a2,6,41,7,medium_v4_v6,medium_33_96,48,505,505,12.317073170731707,0.122548828125,1.1455849174400639,True,0.0,False,usable,normal,159.76587368461838,63.54899999999999,230.435,166.88600000000002,3277.7118626273086,0.0,0.0,usable,160.36107017297212,167.10174999999998,3296.660793820195,0.0,5.978954081632653e-05,undecodable,False,usable,normal,0.9982903003692627,0.9982903003692627,tampered,blocked,90
34af78ca77a403bbccc50af8,R7B-36-440538,clean,0,bbc1a2c43042435921f4b2be3702ac872231ed7384c0dc66ec071b9950f956d9,3,29,4,low_v1_v3,short_1_32,24,425,425,14.655172413793103,0.08701497395833334,1.0879293873766598,True,0.0,False,usable,normal,162.46271263152187,54.69499999999999,228.766,174.071,2063.470155234204,0.0,0.0,usable,163.07133406408093,174.53300000000002,2074.3806675312785,0.0,0.0,decoded,True,usable,normal,0.013215899467468262,0.013215899467468262,clean,safe,1
34af78ca77a403bbccc50af8,R7B-36-440538,clean,1,e9aa83c9f86d949a65f737fd3734b039f0e4f8a23142e6d57295de1c02ef3dbb,3,29,4,low_v1_v3,short_1_32,24,451,451,15.551724137931034,0.09784383138020833,1.0920614301629494,True,0.0,False,usable,normal,134.8037717434309,24.755,207.712,182.957,2510.2043993594966,0.03828523596938776,0.0,usable,135.04910770088912,183.71800000000002,2519.32072149548,0.03828523596938776,0.0,decoded,True,usable,normal,0.03976160287857056,0.03976160287857056,clean,safe,1
34af78ca77a403bbccc50af8,R7B-36-440538,clean,2,e9b94bbf6b1a9802c86b3cb5749721f0569e3e97c12b63e51bb5a0ff1f0829bd,3,29,4,low_v1_v3,short_1_32,24,455,455,15.689655172413794,0.099678955078125,1.0910422724016802,True,0.0,False,usable,normal,135.37762284757912,25.168,208.23899999999998,183.07099999999997,2454.1341170063174,0.03609295280612245,0.0,usable,135.75755478714282,183.647,2471.269540229293,0.03609295280612245,0.0,decoded,True,usable,normal,0.017053842544555664,0.017053842544555664,clean,safe,1
34af78ca77a403bbccc50af8,R7B-36-440538,clean,3,b2629e1a333c0f36840f55ea71db486b0e23584062f98cc551126706acaec43d,3,29,4,low_v1_v3,short_1_32,24,457,457,15.758620689655173,0.10054524739583333,1.0969682834767236,True,0.0,False,usable,normal,170.9960979950407,69.23899999999999,232.42399999999998,163.185,2047.4007318696656,0.0,3.985969387755102e-05,usable,171.25579643652893,163.473,2049.6910902340082,0.0,0.00013950892857142856,decoded,True,usable,normal,0.01644313335418701,0.01644313335418701,clean,safe,1
34af78ca77a403bbccc50af8,R7B-36-440538,clean,4,bfde5b87ae283b7b45b5be7967f28cee5616b5b94ac8018e3e43412ef44750a1,3,29,4,low_v1_v3,short_1_32,24,467,467,16.103448275862068,0.104736328125,1.0977855438849322,True,0.0,False,usable,normal,172.5434007294158,71.64099999999999,232.35299999999998,160.712,1975.430120732296,0.0,0.0,usable,172.9821517059821,160.99999999999997,1983.563823804456,0.0,3.985969387755102e-05,decoded,True,usable,normal,0.014294981956481934,0.014294981956481934,clean,safe,1
975f8941ec1fa3ea2fce4a42,R7B-37-BE5042,clean,0,30f9d62cd55a5a2dbe8440e51a4b0598393072b639d383ad40beef9e93e62576,10,57,7,high_v7_plus,long_97_plus,97,556,556,9.75438596491228,0.14834513346354167,1.1195245937384002,True,0.0,False,usable,normal,150.35517697702832,60.34349999999999,229.12499999999997,168.7815,4725.993338633368,0.0,9.964923469387755e-05,usable,150.94970390224927,169.05999999999997,4741.117733477974,0.0,0.0001992984693877551,decoded,True,usable,normal,0.02649533748626709,0.02649533748626709,clean,safe,1
975f8941ec1fa3ea2fce4a42,R7B-37-BE5042,clean,1,161cae56f056b515ccaed649065479f5a920ae71c364cbe16686a63c80f79134,10,57,7,high_v7_plus,long_97_plus,97,563,563,9.87719298245614,0.15256673177083332,1.1228096435917436,True,0.0,False,usable,normal,116.76179719385873,23.826,214.16899999999998,190.343,6356.2743395203215,0.050701530612244895,0.0,usable,117.10299982060995,191.104,6397.264487501148,0.050701530612244895,0.0,decoded,True,usable,normal,0.016668975353240967,0.016668975353240967,clean,safe,1
975f8941ec1fa3ea2fce4a42,R7B-37-BE5042,clean,2,ad5f368185981b9a585731ac43899eeac4a4459a3ef6925e7dcae2504b018038,10,57,7,high_v7_plus,long_97_plus,97,565,565,9.912280701754385,0.15344034830729167,1.1276148032369668,True,0.0,False,usable,normal,117.04891854670778,24.054,214.527,190.47299999999998,6508.724735554778,0.049884406887755105,0.0,usable,117.37340236366205,191.23399999999998,6551.362514018969,0.049884406887755105,0.0,undecodable,False,usable,normal,0.03907322883605957,0.03907322883605957,clean,warning,26
975f8941ec1fa3ea2fce4a42,R7B-37-BE5042,clean,3,13566bc4e9a6d11b76a75ca4000f0b2cd8544863ed8aa9214292dac675f680da,10,57,7,high_v7_plus,long_97_plus,97,563,563,9.87719298245614,0.1521875,1.1255451061391897,True,0.0,False,usable,normal,153.76204538025732,64.755,231.0235,166.26850000000002,5750.820457872796,0.0,0.00015943877551020407,usable,154.3504251833476,166.44099999999997,5784.153736658056,0.0,0.00033880739795918367,undecodable,False,usable,normal,0.03236275911331177,0.03236275911331177,clean,warning,26
975f8941ec1fa3ea2fce4a42,R7B-37-BE5042,clean,4,1612197dfa4116f22942007f6e312534a360040746c2b24acad0027208902b89,10,57,7,high_v7_plus,long_97_plus,97,564,564,9.894736842105264,0.15289225260416667,1.1251939315505326,True,0.0,False,usable,normal,153.5487544443515,65.19475,230.61999999999998,165.42524999999998,5710.248266595957,0.0,0.00013950892857142856,usable,154.17280076131283,165.61749999999998,5734.89273854955,0.0,0.00027901785714285713,decoded,True,usable,normal,0.027830898761749268,0.027830898761749268,clean,safe,1
b859b64960ccbd8580183faa,R7B-38-B5063F,tampered,0,2d39cdd20aedba2cc3f01ce6cc0b329e1b80ab4229817d0fd1e41e275b26927a,6,41,6,medium_v4_v6,medium_33_96,48,505,505,12.317073170731707,0.12264363606770834,1.0875795892776812,True,0.0,False,usable,normal,153.72874394133015,53.711999999999996,229.53799999999998,175.826,3592.9510086472446,0.0,0.0,usable,154.3461001275458,175.712,3614.334000674738,0.0,0.0,undecodable,False,usable,normal,0.9990031719207764,0.9990031719207764,tampered,blocked,90
b859b64960ccbd8580183faa,R7B-38-B5063F,tampered,1,efd7f492a3cd11e4cf075c45d9e09526475b3facd6b8947ff98cb88b1d852c17,6,41,6,medium_v4_v6,medium_33_96,48,547,547,13.341463414634147,0.14407958984375,1.0987807919796493,True,0.0,False,usable,normal,130.6932523118556,27.467,214.794,187.327,4727.4864351616,0.02325813137755102,0.0,usable,131.1220032485696,187.789,4754.545137612042,0.023238201530612245,0.0,undecodable,False,usable,normal,0.9977080821990967,0.9977080821990967,tampered,blocked,90
b859b64960ccbd8580183faa,R7B-38-B5063F,tampered,2,b900eb16e15ea1590dede026383d46062426e3fb70a6121e3608e977868d0eb7,6,41,6,medium_v4_v6,medium_33_96,48,561,561,13.682926829268293,0.15119222005208333,1.099224277608978,True,0.0,False,usable,normal,134.1825170998257,29.376749999999994,217.0,187.62325,4818.496752192828,0.01038345025510204,0.0,usable,134.29028639189212,188.19925,4828.336286082617,0.01038345025510204,0.0,undecodable,False,usable,normal,0.9985424876213074,0.9985424876213074,tampered,blocked,90
b859b64960ccbd8580183faa,R7B-38-B5063F,tampered,3,190d0a0d12801d1cce1c28aa6949120f6da67d3040fe3abf1c1db56c526e0f16,6,41,6,medium_v4_v6,medium_33_96,48,523,523,12.75609756097561,0.1318408203125,1.0713152339596355,True,0.0,False,usable,normal,162.59295455998497,68.527,230.424,161.897,3683.396275125239,0.0,1.992984693877551e-05,usable,162.93600862961372,162.473,3695.035914590674,0.0,1.992984693877551e-05,decoded,True,usable,normal,0.9986876249313354,0.9986876249313354,tampered,blocked,90
b859b64960ccbd8580183faa,R7B-38-B5063F,tampered,4,d3b6c1078f8cb6094730bfcb26801a3b34cabf227028d6438857df756ce2f5db,6,41,6,medium_v4_v6,medium_33_96,48,526,526,12.829268292682928,0.13334228515625,1.0761881178680994,True,0.0,False,usable,normal,163.63240367905206,69.31400000000001,230.897,161.58299999999997,3443.623786156663,0.0,1.992984693877551e-05,usable,163.937372767839,162.30749999999998,3453.2338400931294,0.0,7.971938775510203e-05,decoded,True,usable,normal,0.9989557266235352,0.9989557266235352,tampered,blocked,90
7eba29001a2db0d5c2a8eb7f,R7B-39-AEF82D,adversarial,0,c9d1cb6f5f5159be8c2804a78fd98f3b7aca94c7410dbf54505a5ed4444a5e64,3,29,3,low_v1_v3,short_1_32,24,524,524,18.06896551724138,0.13195719401041667,1.0943586808483325,True,0.0,False,usable,normal,168.24338364953837,68.9395,228.2625,159.32299999999998,1281.9691258105315,0.0,0.0,usable,168.86181257971123,159.50075,1285.4906262258348,0.0,1.992984693877551e-05,decoded,True,usable,normal,0.9951583743095398,0.9951583743095398,adversarial,blocked,90
7eba29001a2db0d5c2a8eb7f,R7B-39-AEF82D,adversarial,1,c7f37ac97bf0a121afa7cc088fa98da4e33569636cb995237b2bc4941bcf307e,3,29,3,low_v1_v3,short_1_32,24,539,539,18.586206896551722,0.13997314453125,1.0947796320046366,True,0.0,False,usable,normal,147.82547751911522,33.239,224.136,190.897,1885.9160161178743,0.0011559311224489796,0.0,usable,148.27376432954915,191.658,1893.479127142569,0.0011559311224489796,0.0,decoded,True,usable,normal,0.9920868277549744,0.9920868277549744,adversarial,blocked,89
7eba29001a2db0d5c2a8eb7f,R7B-39-AEF82D,adversarial,2,7e61a67642cbbd6f2a66168bc04b30798f31efdac3b2f5f20542512a4d31bb09,3,29,3,low_v1_v3,short_1_32,24,543,543,18.724137931034484,0.14168050130208334,1.096827312654794,True,0.0,False,usable,normal,147.74978429924542,33.396,223.78549999999998,190.3895,1909.1990086626165,0.0013153698979591836,0.0,usable,148.21106855866554,191.15049999999997,1919.252004564546,0.0013153698979591836,0.0,decoded,True,usable,normal,0.9869820475578308,0.9869820475578308,adversarial,blocked,89
7eba29001a2db0d5c2a8eb7f,R7B-39-AEF82D,adversarial,3,da5d26984951555896261e7934ef6203e29b11bbe21d698b6d5b634dc02a002e,3,29,3,low_v1_v3,short_1_32,24,548,548,18.896551724137932,0.14459147135416667,1.1087801755074327,True,0.0,False,usable,normal,172.6142655652018,73.7595,232.5505,158.791,1408.542667770485,0.0,0.002272002551020408,usable,173.1160368502847,159.039,1414.4000781554616,0.0,0.0034877232142857145,decoded,True,usable,normal,0.9890413284301758,0.9890413284301758,adversarial,blocked,89
7eba29001a2db0d5c2a8eb7f,R7B-39-AEF82D,adversarial,4,c7b332d38eb61c3e88498cdaeb755df3959b24e407096470d248af47884a1105,3,29,3,low_v1_v3,short_1_32,24,547,547,18.862068965517242,0.143896484375,1.101154920539109,True,0.0,False,usable,normal,172.61588657923613,74.23725,232.23899999999998,158.00174999999996,1387.4604855433151,0.0,0.001753826530612245,usable,172.6887918925366,158.44275000000002,1383.4801423835886,0.0,0.003009406887755102,decoded,True,usable,normal,0.99647057056427,0.99647057056427,adversarial,blocked,90
57497950e38f391f2b2bef21,R7B-40-099955,clean,0,e5b3562734572445e15a68fda2e64f65dc8d707b19799e2fb237cea9fe743e8f,6,41,7,medium_v4_v6,medium_33_96,48,500,500,12.195121951219512,0.11996337890625,1.1135589071009928,True,0.0,False,usable,normal,164.19268154095897,67.50999999999999,236.23899999999998,168.72899999999998,3427.0067237861203,0.0,0.004264987244897959,usable,164.826048210303,169.48999999999998,3455.148057685137,0.0,0.01211734693877551,undecodable,False,usable,normal,0.005145430564880371,0.005145430564880371,clean,warning,26
57497950e38f391f2b2bef21,R7B-40-099955,clean,1,4be29bca00ac35dd54bc8b41e0425337743055b1251d66af38ae903eac60d020,6,41,7,medium_v4_v6,medium_33_96,48,513,513,12.512195121951219,0.12632080078125,1.1134701153200464,True,0.0,False,usable,normal,127.9207083864396,25.526999999999997,214.826,189.299,4371.394575503204,0.03804607780612245,0.0,usable,128.25529811061529,190.06,4392.159223661948,0.03804607780612245,0.0,undecodable,False,usable,normal,0.002964615821838379,0.002964615821838379,clean,warning,26
57497950e38f391f2b2bef21,R7B-40-099955,clean,2,b0d52b3cd564db048e48ec21bd6f81b65981795d62d2aa496d6f84da94c24edc,6,41,7,medium_v4_v6,medium_33_96,48,516,516,12.585365853658537,0.127919921875,1.1098384956556846,True,0.0,False,usable,normal,127.91913893092601,25.526999999999997,214.8935,189.3665,4287.629636086711,0.03716916454081633,0.0,usable,128.31144987640025,190.1275,4315.291258841982,0.03716916454081633,0.0,undecodable,False,usable,normal,0.0026885271072387695,0.0026885271072387695,clean,warning,26
57497950e38f391f2b2bef21,R7B-40-099955,clean,3,8aae586da8beb277d1a3fb745f77f049c1205e1bece5f444a861dfdbcb57a0b2,6,41,7,medium_v4_v6,medium_33_96,48,518,518,12.634146341463415,0.12904012044270832,1.1093423244213314,True,0.0,False,usable,normal,162.42042687737435,67.239,232.49499999999998,165.25599999999997,3614.6456262517036,0.0,0.00023915816326530612,usable,163.06557256455136,165.43,3628.2228718443703,0.0,0.0003786670918367347,undecodable,False,usable,normal,0.003267526626586914,0.003267526626586914,clean,warning,26
57497950e38f391f2b2bef21,R7B-40-099955,clean,4,1b3e527ac400f777b8fefcab421ae46db2cf43d3f4902ee44937847e4cf27712,6,41,7,medium_v4_v6,medium_33_96,48,524,524,12.78048780487805,0.13197713216145834,1.1137071967816228,True,0.0,False,usable,normal,163.50565694751236,68.527,232.82599999999996,164.29899999999998,3587.698870388323,0.0,0.0005779655612244898,usable,164.15522897398085,164.473,3599.655118139896,0.0,0.0012555803571428572,undecodable,False,usable,normal,0.0037611722946166992,0.0037611722946166992,clean,warning,26
af7658a27fd1e594ee30ce6b,R7B-41-5FA406,tampered,0,1fa6fcbd0cf6abb07e769621e7e6f29bd65c82f598c805ceb816d9a91ddb52c4,10,57,3,high_v7_plus,long_97_plus,97,578,578,10.140350877192983,0.16058349609375,1.1025600011741423,True,0.0,False,usable,normal,153.81810491069746,65.402,230.31,164.90800000000002,4858.572745937131,0.0,5.978954081632653e-05,usable,154.05769602997464,165.19599999999997,4867.170963150552,0.0,9.964923469387755e-05,decoded,True,usable,normal,0.9974216222763062,0.9974216222763062,tampered,blocked,90
af7658a27fd1e594ee30ce6b,R7B-41-5FA406,tampered,1,c0fa78cbe364a7382dd8d95773365e7de28d6fc37ce92903fbd97a4028df7ba4,10,57,3,high_v7_plus,long_97_plus,97,582,582,10.210526315789474,0.16300048828125,1.1136945859006255,True,0.0,False,usable,normal,114.28710676418815,23.743999999999996,207.125,183.381,5674.599417114068,0.05213647959183673,0.0,usable,114.63910437260796,184.24499999999998,5720.036897244304,0.05213647959183673,0.0,decoded,True,usable,normal,0.9976084232330322,0.9976084232330322,tampered,blocked,90
af7658a27fd1e594ee30ce6b,R7B-41-5FA406,tampered,2,40decd6fbd6c5915f560d62866844e67754506f35c893ed2b1dbe04b5a5b5546,10,57,3,high_v7_plus,long_97_plus,97,584,584,10.24561403508772,0.16409423828125,1.1085829497745356,True,0.0,False,usable,normal,154.56526885363695,65.712,231.60999999999999,165.89799999999997,5263.709459860454,0.0,0.00025908801020408165,usable,154.74460997288503,165.918,5270.765637655149,0.0,0.0003587372448979592,decoded,True,usable,normal,0.99784916639328,0.99784916639328,tampered,blocked,90
af7658a27fd1e594ee30ce6b,R7B-41-5FA406,tampered,3,bcdb56edba27d81ea614df69ce8f082c7d4a35e350064e04fbf2bb9060b91524,10,57,3,high_v7_plus,long_97_plus,97,592,592,10.385964912280702,0.168673095703125,1.11195026666092,True,0.0,False,usable,normal,155.54680624203473,67.467,232.413,164.94600000000003,4875.3510578973255,0.0,0.0001992984693877551,usable,155.8315186742701,165.76100000000002,4888.195644193561,0.0,0.00023915816326530612,decoded,True,usable,normal,0.998164176940918,0.998164176940918,tampered,blocked,90
af7658a27fd1e594ee30ce6b,R7B-41-5FA406,tampered,4,d3c61d2d7afcfae08d0217e26f16f9a6913b70a6c591782a19269c1337cd6637,10,57,3,high_v7_plus,long_97_plus,97,588,588,10.31578947368421,0.16607503255208333,1.1079098298063035,True,0.0,False,usable,normal,154.4856640027,66.467,230.52700000000002,164.06,5045.570572909287,0.0,0.00011957908163265306,usable,154.7543255939113,164.53575,5058.266197523665,0.0,0.0002192283163265306,decoded,True,usable,normal,0.9989537596702576,0.9989537596702576,tampered,blocked,90
b04720f1cd2dcc82f28e5115,R7B-42-245F1B,tampered,0,21092469aed3dd308a55d8dbe241f2d423dd6100dbeaeba56ebeddb79e599eb2,10,57,7,high_v7_plus,long_97_plus,97,605,605,10.614035087719298,0.17583658854166667,1.0980953356339527,True,0.0,False,usable,normal,165.00427674585913,75.239,236.837,161.59799999999998,3633.4426383259415,0.0,0.010981345663265306,usable,165.12082806518572,161.67900000000003,3623.4085894372715,0.0,0.012715242346938776,decoded,True,usable,normal,0.9969735145568848,0.9969735145568848,tampered,blocked,90
b04720f1cd2dcc82f28e5115,R7B-42-245F1B,tampered,1,9f29e168b338f4ead71adedf08cb08db6c38beac9be685ac1f13a3f10c3d219e,10,57,7,high_v7_plus,long_97_plus,97,586,586,10.280701754385966,0.165447998046875,1.0772781319684654,True,0.0,False,usable,normal,121.91054671556104,27.754999999999995,212.125,184.37,7229.621306396721,0.0185546875,0.0,usable,122.30146773356857,185.213,7290.163588851294,0.0185546875,0.0,decoded,True,usable,normal,0.9973577857017517,0.9973577857017517,tampered,blocked,90
b04720f1cd2dcc82f28e5115,R7B-42-245F1B,tampered,2,368defe6ec744a7c53adec405e397e3e65e4ee648c19cf35b9bc255b42892d7c,10,57,7,high_v7_plus,long_97_plus,97,583,583,10.228070175438596,0.16328206380208332,1.0801140431972245,True,0.0,False,usable,normal,154.43047415097854,65.39599999999999,230.712,165.316,6100.598140041043,0.0,0.00011957908163265306,usable,154.7985450015792,166.27700000000002,6132.946180561349,0.0,0.0001992984693877551,decoded,True,usable,normal,0.9972645044326782,0.9972645044326782,tampered,blocked,90
b04720f1cd2dcc82f28e5115,R7B-42-245F1B,tampered,3,3d95debbcb8bc24ab36d3482b9370b2cc67612b3247d9c3a123a8e1cbac884a9,10,57,7,high_v7_plus,long_97_plus,97,577,577,10.12280701754386,0.16040771484375,1.0808294587747531,True,0.0,False,usable,normal,155.327219108727,66.424,232.23899999999998,165.81499999999997,5477.624850696196,0.0,0.00045838647959183676,usable,155.54428095104635,166.49399999999997,5486.265361289555,0.0,0.0007772640306122449,decoded,True,usable,normal,0.9984605312347412,0.9984605312347412,tampered,blocked,90
b04720f1cd2dcc82f28e5115,R7B-42-245F1B,tampered,4,dff5712a75d5db6dfe80801b6124ffe2e1760dfc9d193c911d1a5e54b1254d86,10,57,7,high_v7_plus,long_97_plus,97,578,578,10.140350877192983,0.16075439453125,1.080808843519655,True,0.0,False,usable,normal,154.09113486525607,65.196,230.424,165.228,5687.148719122622,0.0,7.971938775510203e-05,usable,154.48999894370206,166.163,5716.8241177719465,0.0,0.00013950892857142856,decoded,True,usable,normal,0.9974397420883179,0.9974397420883179,tampered,blocked,90
53fcd3e3c013d98c40fb14a3,R7B-43-EB242D,clean,0,e31c8b98a9fa19c74dc43146b96741677ae55819ac2c7614e506252e3aa9ccb7,3,29,2,low_v1_v3,short_1_32,24,554,554,19.103448275862068,0.14762410481770832,1.1041236058944104,True,0.0,False,usable,normal,164.18463626033198,57.900999999999996,231.79399999999998,173.89299999999997,1859.97054938977,0.0,9.964923469387755e-05,usable,164.90496524232603,174.35499999999996,1875.0866136189236,0.0,0.00015943877551020407,decoded,True,usable,normal,0.007696092128753662,0.007696092128753662,clean,safe,1
53fcd3e3c013d98c40fb14a3,R7B-43-EB242D,clean,1,8451c05b3c811aef5fac0590ab95b8cce04bd404000e11313de3884e353c99f6,3,29,2,low_v1_v3,short_1_32,24,569,569,19.620689655172413,0.1557666015625,1.1362424898919297,True,0.0,False,usable,normal,132.70610443237499,23.86625,214.239,190.37275,2833.6564441972155,0.051438934948979595,0.0,usable,132.99334165733245,191.24775,2847.028618336339,0.051438934948979595,0.0,undecodable,False,usable,normal,0.021840572357177734,0.021840572357177734,clean,warning,26
53fcd3e3c013d98c40fb14a3,R7B-43-EB242D,clean,2,8227bc626a5e6388493bc71f2fe80e63b69fd9c0a900627bfb648da8a57edbe5,3,29,2,low_v1_v3,short_1_32,24,568,568,19.586206896551722,0.15485066731770833,1.1367353799319382,True,0.0,False,usable,normal,132.842671097718,23.712,215.48399999999998,191.772,3025.079484471669,0.05504623724489796,0.0,usable,133.04032896203532,192.06,3036.621939743429,0.05504623724489796,0.0,undecodable,False,usable,normal,0.013359129428863525,0.013359129428863525,clean,warning,26
53fcd3e3c013d98c40fb14a3,R7B-43-EB242D,clean,3,27203d392a8d211a442b226bd94c002eb4800bfde2a2ba7e1a34f26ce4a206e7,3,29,2,low_v1_v3,short_1_32,24,561,561,19.344827586206897,0.15095947265625,1.1357730620623772,True,0.0,False,usable,normal,168.99049055322683,68.396,231.712,163.31599999999997,1971.7158037218521,0.0,0.00015943877551020407,usable,169.6100283203075,163.60399999999998,1985.630811034381,0.0,0.00025908801020408165,undecodable,False,usable,normal,0.00859755277633667,0.00859755277633667,clean,warning,26
53fcd3e3c013d98c40fb14a3,R7B-43-EB242D,clean,4,9be6a3d59dc7beddd8b8c784f49d28820590149d84b67d16cf739abee5626fac,3,29,2,low_v1_v3,short_1_32,24,559,559,19.275862068965516,0.1499267578125,1.1390698885508896,True,0.0,False,usable,normal,168.9357536869983,67.581,232.712,165.13099999999997,2238.736943306995,0.0,5.978954081632653e-05,usable,169.30214273756562,165.707,2247.095303133579,0.0,0.00013950892857142856,undecodable,False,usable,normal,0.01150602102279663,0.01150602102279663,clean,warning,26
5db62c0fe38bf2b48dccad11,R7B-44-7976D4,tampered,0,4fd3a9e287f31af15967b9ac313be5fd7ad12589a427be457c5f1b815adec36a,10,57,6,high_v7_plus,long_97_plus,97,638,638,11.192982456140351,0.1955029296875,1.1296234141717436,True,0.0,False,usable,normal,163.18036900112446,77.538,232.712,155.17399999999998,3312.1469884003686,0.0,0.0,usable,163.19583392459504,155.23399999999998,3300.1930524998697,0.0,0.0,undecodable,False,usable,normal,0.9972617626190186,0.9972617626190186,tampered,blocked,90
5db62c0fe38bf2b48dccad11,R7B-44-7976D4,tampered,1,2e0708ed4e7eba2092849fd7c88633dccfce5d659035540cc91f4e8dabb21d45,10,57,6,high_v7_plus,long_97_plus,97,626,626,10.982456140350877,0.18828206380208334,1.0862578242284602,True,0.0,False,usable,normal,117.9733700374595,28.424,206.826,178.402,6457.468380929948,0.013612085459183673,0.0,usable,118.14089283719993,178.68999999999997,6480.69505584337,0.013612085459183673,0.0,decoded,True,usable,normal,0.9988158941268921,0.9988158941268921,tampered,blocked,90
5db62c0fe38bf2b48dccad11,R7B-44-7976D4,tampered,2,ba96958067ff9e7bb6d8ee8e55c2e2de928f64bb35b9d650f0dddb41441f446a,10,57,6,high_v7_plus,long_97_plus,97,627,627,11.0,0.18886067708333334,1.083724981407071,True,0.0,False,usable,normal,156.57383268891587,71.41449999999999,232.712,161.2975,5587.182216154951,0.0,0.00025908801020408165,usable,156.53004017857077,161.6995,5623.9740203565425,0.0,0.00027901785714285713,decoded,True,usable,normal,0.9982542991638184,0.9982542991638184,tampered,blocked,90
5db62c0fe38bf2b48dccad11,R7B-44-7976D4,tampered,3,b4ad9d3616e207e11e4c7606063ce1087ee51fb64519dfceace5189d45cdb14e,10,57,6,high_v7_plus,long_97_plus,97,627,627,11.0,0.188875732421875,1.0905711106104081,True,0.0,False,usable,normal,157.17706556916573,72.57,232.712,160.142,5209.570822568351,0.0,0.00015943877551020407,usable,157.11138976801402,160.5365,5245.139621977783,0.0,0.00015943877551020407,decoded,True,usable,normal,0.9982926249504089,0.9982926249504089,tampered,blocked,90
5db62c0fe38bf2b48dccad11,R7B-44-7976D4,tampered,4,0d54d924b5416c524c216e9b622a67f68764358a08aae5acbd2e41ea7c5d3abf,10,57,6,high_v7_plus,long_97_plus,97,628,628,11.017543859649123,0.1896728515625,1.090386155234453,True,0.0,False,usable,normal,157.4614571308758,73.38499999999999,232.48399999999998,159.099,5235.518152004387,0.0,0.0001992984693877551,usable,157.51892171556293,159.50099999999998,5238.754004273498,0.0,0.0001992984693877551,decoded,True,usable,normal,0.9980697631835938,0.9980697631835938,tampered,blocked,90
00c58ca003f96c19656e0458,R7B-45-786666,clean,0,dbee1d3ba0723b12a6197d04659d041663b0739a34dc63468c0b4cdc05359dd8,10,57,5,high_v7_plus,long_97_plus,97,522,522,9.157894736842104,0.13121419270833334,1.107909458402936,True,0.0,False,usable,normal,153.0382411312224,65.712,231.538,165.82600000000002,5228.660454013439,0.0,0.0001793686224489796,usable,153.66612673388482,166.0,5254.380286207205,0.0,0.00045838647959183676,decoded,True,usable,normal,0.024967193603515625,0.024967193603515625,clean,safe,1
00c58ca003f96c19656e0458,R7B-45-786666,clean,1,187885d5404e66900764e4d41aa19bd9cf68ca84f7fe8f5c4849d08daa6ef6b0,10,57,5,high_v7_plus,long_97_plus,97,540,540,9.473684210526315,0.13996256510416666,1.105041794692151,True,0.0,False,usable,normal,115.17428633212842,25.467000000000002,208.42399999999998,182.95699999999997,6999.414710696055,0.03762755102040816,0.0,usable,115.58841109296773,183.71799999999996,7057.329282063201,0.037607621173469385,0.0,decoded,True,usable,normal,0.01140815019607544,0.01140815019607544,clean,safe,1
00c58ca003f96c19656e0458,R7B-45-786666,clean,2,10398f82a0e4d705a35e486a5ac466823fca90775512f1562d3876a8729d13a0,10,57,5,high_v7_plus,long_97_plus,97,545,545,9.56140350877193,0.14283772786458335,1.101242283274289,True,0.0,False,usable,normal,113.9321373963797,23.641,208.01099999999997,184.36999999999998,6263.512393228317,0.053411989795918366,0.0,usable,114.26582832429656,184.946,6308.7806708806165,0.053431919642857144,0.0,decoded,True,usable,normal,0.01912522315979004,0.01912522315979004,clean,safe,1
00c58ca003f96c19656e0458,R7B-45-786666,clean,3,77888836230ff74ab88f1b1e71f3f3567927e2bea232b2826e9de3927e2c3b2e,10,57,5,high_v7_plus,long_97_plus,97,558,558,9.789473684210526,0.149927978515625,1.1065518585064544,True,0.0,False,usable,normal,152.21712053572767,63.52699999999999,230.908,167.381,5447.4541956745215,0.0,1.992984693877551e-05,usable,152.7281826171906,167.37,5479.339596935121,0.0,1.992984693877551e-05,decoded,True,usable,normal,0.03132009506225586,0.03132009506225586,clean,safe,1
00c58ca003f96c19656e0458,R7B-45-786666,clean,4,7e0e5e87490b77585caac6f81a83ee2fef03602172157812f8370d90869e6b45,10,57,5,high_v7_plus,long_97_plus,97,578,578,10.140350877192983,0.16040445963541666,1.1252854135941717,True,0.0,False,usable,normal,156.3799980668127,70.95400000000001,233.52699999999996,162.57299999999995,5280.412689782418,0.0,0.0004185267857142857,usable,156.9432292530333,162.587,5320.2558444534025,0.0,0.0007971938775510204,decoded,True,usable,normal,0.012449681758880615,0.012449681758880615,clean,safe,1
938dcc2eb252a2c139b7e0c5,R7B-46-D739A9,adversarial,0,283c3659fb1be6c2a87e4f998d29aba92f69a4df86a79a2408ae5ac16552d1ae,10,57,2,high_v7_plus,long_97_plus,97,534,534,9.368421052631579,0.1371728515625,1.095304748065846,True,0.0,False,usable,normal,146.20365842233568,40.3295,228.19599999999997,187.86649999999997,2991.0175765616877,0.0015345982142857143,0.0,usable,146.80194856105544,188.62225,3005.175107544424,0.0015345982142857143,0.0,decoded,True,usable,normal,0.9955670237541199,0.9955670237541199,adversarial,blocked,90
938dcc2eb252a2c139b7e0c5,R7B-46-D739A9,adversarial,1,64aee284b1703b09dff3daf52ef8f4a93d1b1cacf68d0446d573d07d6ca81e59,10,57,2,high_v7_plus,long_97_plus,97,569,569,9.982456140350877,0.15574544270833332,1.113992283266571,True,0.0,False,usable,normal,134.49897221778144,28.673000000000002,228.43124999999998,199.75824999999998,4311.638533223801,0.034857302295918366,9.964923469387755e-05,usable,134.576650350765,199.74724999999998,4325.965886201129,0.034857302295918366,9.964923469387755e-05,decoded,True,usable,normal,0.9943758249282837,0.9943758249282837,adversarial,blocked,89
938dcc2eb252a2c139b7e0c5,R7B-46-D739A9,adversarial,2,32a61d52fdf6b0b9c5057c947702a3f2ab3372891e65848e591e0088e949c131,10,57,2,high_v7_plus,long_97_plus,97,571,571,10.017543859649123,0.15684285481770832,1.1211462028510863,True,0.0,False,usable,normal,176.98530404975685,60.38125,255.0,194.61875,4279.799558499121,0.0,0.31943558673469385,usable,176.98530404975685,194.61875,4279.799558499121,0.0,0.31943558673469385,decoded,True,usable,normal,0.9754970073699951,0.9754970073699951,adversarial,blocked,88
938dcc2eb252a2c139b7e0c5,R7B-46-D739A9,adversarial,3,9b420a093ac7a5e4558ae716b464b32b67c1b90c4d96239ab0f0a24b91b4afee,10,57,2,high_v7_plus,long_97_plus,97,575,575,10.087719298245615,0.158634033203125,1.120573538980775,True,0.0,False,usable,normal,160.06737222974442,64.402,231.435,167.03300000000002,3083.8780584651763,0.0,0.002650669642857143,usable,160.28512015704223,167.32099999999997,3092.108534915442,0.0,0.0029296875,decoded,True,usable,normal,0.9916582107543945,0.9916582107543945,adversarial,blocked,89
938dcc2eb252a2c139b7e0c5,R7B-46-D739A9,adversarial,4,980845395e22a7134e0ea2af8f85bf2a51a6ca01e28b5f23d00e1cb07ce771ea,10,57,2,high_v7_plus,long_97_plus,97,566,566,9.929824561403509,0.153966064453125,1.1223137138365558,True,0.0,False,usable,normal,160.3029035594611,64.74775,230.95824999999996,166.21049999999997,2966.8859008889012,0.0,0.001953125,usable,160.47575073740023,166.49849999999998,2984.0367923772938,0.0,0.00253109056122449,decoded,True,usable,normal,0.9936984181404114,0.9936984181404114,adversarial,blocked,89
060aae1073f51ffbb5b74f99,R7B-47-C889A0,tampered,0,b246b0c6005f8420d05ba6fee1d3d13a26f1c101b34482228873f9739403a276,6,41,0,medium_v4_v6,medium_33_96,48,517,517,12.609756097560975,0.128721923828125,1.1096690788632346,True,0.0,False,usable,normal,162.99538085933955,63.57825,237.53799999999998,173.95974999999999,3696.48741061526,0.0,0.018514827806122448,usable,163.62676387117685,174.718,3728.8743113719042,0.0,0.03053252551020408,undecodable,False,usable,normal,0.9988797903060913,0.9988797903060913,tampered,blocked,90
060aae1073f51ffbb5b74f99,R7B-47-C889A0,tampered,1,5cc27804d2cdc43ae23e74de3f239fabb4cd2653374b2dc4a454b8b5c0b4025f,6,41,0,medium_v4_v6,medium_33_96,48,528,528,12.878048780487806,0.134276123046875,1.104504938730295,True,0.0,False,usable,normal,126.16496841119626,24.755,212.136,187.381,4386.434253909467,0.04372608418367347,0.0,usable,126.5506229472171,187.957,4419.283368943158,0.04368622448979592,0.0,undecodable,False,usable,normal,0.9979084134101868,0.9979084134101868,tampered,blocked,90
060aae1073f51ffbb5b74f99,R7B-47-C889A0,tampered,2,95efe815ec195407f10cf1f714ae8532a42632bbabc4f36296264bfc26d3db85,6,41,0,medium_v4_v6,medium_33_96,48,529,529,12.902439024390244,0.13462483723958332,1.1019383170812782,True,0.0,False,usable,normal,126.02074085219688,24.526999999999997,211.196,186.669,4448.088207481275,0.044443558673469385,0.0,usable,126.27493678252934,187.245,4475.265971007809,0.044443558673469385,0.0,undecodable,False,usable,normal,0.9991892576217651,0.9991892576217651,tampered,blocked,90
060aae1073f51ffbb5b74f99,R7B-47-C889A0,tampered,3,b7f7e03ca63241d5734bc78e5b54b4affc53011d7fde32fe331b4d61452e4ab7,6,41,0,medium_v4_v6,medium_33_96,48,531,531,12.951219512195122,0.13544962565104166,1.1042234004298086,True,0.0,False,usable,normal,163.315883908628,68.353,233.0,164.647,3780.2098425030867,0.0,0.00029894770408163266,usable,163.77351377154784,164.93500000000003,3798.541091350716,0.0,0.0006178252551020409,undecodable,False,usable,normal,0.9992871880531311,0.9992871880531311,tampered,blocked,90
060aae1073f51ffbb5b74f99,R7B-47-C889A0,tampered,4,4b80babf85978fcb179755a413552a6f2bd39e82362298d9f742b3b5e58cf7eb,6,41,0,medium_v4_v6,medium_33_96,48,530,530,12.926829268292684,0.13495035807291667,1.1044742505833678,True,0.0,False,usable,normal,163.6465122767578,69.467,232.321,162.85399999999998,3749.2115605998424,0.0,0.00011957908163265306,usable,164.00968907447518,162.843,3758.526059993076,0.0,0.0001992984693877551,undecodable,False,usable,normal,0.9996344447135925,0.9996344447135925,tampered,blocked,90
46adaf90b15ef71d48b2e57b,R7B-48-574A6B,adversarial,0,75869f4c141ae38aff758ebe370f299621fd07c8f58112d5eb473ae77f688c50,3,29,1,low_v1_v3,short_1_32,24,465,465,16.03448275862069,0.10381917317708333,1.094296128716153,True,0.0,False,usable,normal,166.04906283876102,51.755,241.81599999999997,190.06099999999998,1516.1988316597813,0.0,0.0725845025510204,usable,166.58310166217825,190.72899999999998,1524.775015605138,0.0,0.08599728954081633,decoded,True,usable,normal,0.9926393628120422,0.9926393628120422,adversarial,blocked,89
46adaf90b15ef71d48b2e57b,R7B-48-574A6B,adversarial,1,9bb9fa215c2616c04be285b15d854e113b1ed83514f49ca7520073a3cef97d37,3,29,1,low_v1_v3,short_1_32,24,489,489,16.862068965517242,0.11487996419270834,1.1074256051566091,True,0.0,False,usable,normal,144.10283922591773,30.043,222.527,192.48399999999998,1794.3822978172307,0.004364636479591837,0.0,usable,144.3038073581169,192.897,1801.3695926082228,0.004364636479591837,0.0,decoded,True,usable,normal,0.9925288558006287,0.9925288558006287,adversarial,blocked,89
46adaf90b15ef71d48b2e57b,R7B-48-574A6B,adversarial,2,a0ffce5a5766e283f71967247f69c1dabf86a69f81e7b0b24a56f75c5cfcde4f,3,29,1,low_v1_v3,short_1_32,24,498,498,17.17241379310345,0.1190283203125,1.1138139996915062,True,0.0,False,usable,normal,144.10888402820171,30.168000000000003,222.50599999999997,192.33799999999997,1651.9636543765412,0.004245057397959184,0.0,usable,144.43624960141014,192.68599999999998,1661.4261608100621,0.004245057397959184,0.0,decoded,True,usable,normal,0.9861117601394653,0.9861117601394653,adversarial,blocked,89
46adaf90b15ef71d48b2e57b,R7B-48-574A6B,adversarial,3,3b8a775c6425b952abe9a643510346bd7c05f0afc09fbbdda9a4ede63615411a,3,29,1,low_v1_v3,short_1_32,24,502,502,17.310344827586206,0.12092529296875,1.1075084024337338,True,0.0,False,usable,normal,171.50518905452583,70.4325,233.42399999999998,162.99149999999997,1222.1175731501576,0.0,0.0012356505102040817,usable,171.9739847536633,162.9985,1228.037280695668,0.0,0.002192283163265306,decoded,True,usable,normal,0.9977573752403259,0.9977573752403259,adversarial,blocked,90
46adaf90b15ef71d48b2e57b,R7B-48-574A6B,adversarial,4,947cddb1ede1638759a1ac8c00e22bb237cc6b6be7f1688f6f8a65afcc3d5a03,3,29,1,low_v1_v3,short_1_32,24,502,502,17.310344827586206,0.12090657552083334,1.1102310215327973,True,0.0,False,usable,normal,171.59336577247882,71.00299999999999,232.79399999999998,161.791,1225.944753316547,0.0,0.0009167729591836735,usable,172.02950259089633,162.082,1230.4203998177318,0.0,0.0017737563775510204,decoded,True,usable,normal,0.9975369572639465,0.9975369572639465,adversarial,blocked,90
