path,group_id,extraction_method,p_structural,predicted_type,p_clean,p_adversarial,p_tampered,latency_ms
ml_training/datasets/structural/raw/qrdn/extracted One/test/1500.jpg,qrdn:qr_identity:50,one,0.948714017868042,tampered,0.051286011934280396,0.040946949273347855,0.9077670574188232,56.87680000119144
ml_training/datasets/structural/raw/qrdn/extracted One/test/1501.jpg,qrdn:qr_identity:50,one,0.3259285092353821,clean,0.6740714907646179,0.14123229682445526,0.18469616770744324,31.15040000193403
ml_training/datasets/structural/raw/qrdn/extracted One/test/1502.jpg,qrdn:qr_identity:50,one,0.8461700677871704,tampered,0.1538299322128296,0.06634780764579773,0.7798222303390503,33.363700000336394
ml_training/datasets/structural/raw/qrdn/extracted One/test/1503.jpg,qrdn:qr_identity:50,one,0.8654388189315796,tampered,0.1345611810684204,0.05351400375366211,0.8119248151779175,27.817400001367787
ml_training/datasets/structural/raw/qrdn/extracted One/test/1504.jpg,qrdn:qr_identity:50,one,0.5853413343429565,tampered,0.41465863585472107,0.09185706824064255,0.49348434805870056,30.593700001190882
ml_training/datasets/structural/raw/qrdn/extracted One/test/1505.jpg,qrdn:qr_identity:50,one,0.9125999212265015,tampered,0.08740008622407913,0.0239692535251379,0.8886306881904602,28.737399999954505
ml_training/datasets/structural/raw/qrdn/extracted One/test/1506.jpg,qrdn:qr_identity:50,one,0.9451253414154053,tampered,0.05487467348575592,0.024684501811861992,0.9204408526420593,30.353599999216385
ml_training/datasets/structural/raw/qrdn/extracted One/test/1507.jpg,qrdn:qr_identity:50,one,0.7458268404006958,tampered,0.2541731894016266,0.050184205174446106,0.6956425905227661,32.55910000007134
ml_training/datasets/structural/raw/qrdn/extracted One/test/1508.jpg,qrdn:qr_identity:50,one,0.570685863494873,tampered,0.42931413650512695,0.05000873655080795,0.5206771492958069,31.470899997657398
ml_training/datasets/structural/raw/qrdn/extracted One/test/1509.jpg,qrdn:qr_identity:50,one,0.482407808303833,clean,0.517592191696167,0.18059515953063965,0.30181264877319336,39.07769999932498
ml_training/datasets/structural/raw/qrdn/extracted One/test/1510.jpg,qrdn:qr_identity:50,one,0.3156745433807373,clean,0.6843254566192627,0.17059661448001862,0.1450778692960739,32.1592000000237
ml_training/datasets/structural/raw/qrdn/extracted One/test/1511.jpg,qrdn:qr_identity:50,one,0.5609360933303833,clean,0.4390639364719391,0.18765220046043396,0.37328386306762695,38.821800000732765
ml_training/datasets/structural/raw/qrdn/extracted One/test/1512.jpg,qrdn:qr_identity:50,one,0.8945226669311523,tampered,0.10547731071710587,0.10465997457504272,0.7898627519607544,36.15210000134539
ml_training/datasets/structural/raw/qrdn/extracted One/test/1513.jpg,qrdn:qr_identity:50,one,0.42576420307159424,clean,0.5742357969284058,0.11509251594543457,0.3106716275215149,31.24789999856148
ml_training/datasets/structural/raw/qrdn/extracted One/test/1514.jpg,qrdn:qr_identity:50,one,0.5249146819114685,clean,0.4750853180885315,0.2006545215845108,0.3242601752281189,36.09579999829293
ml_training/datasets/structural/raw/qrdn/extracted One/test/1515.jpg,qrdn:qr_identity:50,one,0.4714201092720032,clean,0.5285798907279968,0.2794325351715088,0.19198758900165558,32.26840000206721
ml_training/datasets/structural/raw/qrdn/extracted One/test/1516.jpg,qrdn:qr_identity:50,one,0.9956946969032288,tampered,0.004305294249206781,0.0011708361562341452,0.9945238828659058,36.36740000001737
ml_training/datasets/structural/raw/qrdn/extracted One/test/1517.jpg,qrdn:qr_identity:50,one,0.6954392194747925,tampered,0.3045607805252075,0.19191177189350128,0.5035274624824524,30.97429999979795
ml_training/datasets/structural/raw/qrdn/extracted One/test/1518.jpg,qrdn:qr_identity:50,one,0.9414282441139221,tampered,0.05857173353433609,0.03908910974860191,0.9023391604423523,38.87839999879361
ml_training/datasets/structural/raw/qrdn/extracted One/test/1519.jpg,qrdn:qr_identity:50,one,0.5762981176376343,tampered,0.4237018823623657,0.1398499608039856,0.4364481270313263,32.668899999407586
ml_training/datasets/structural/raw/qrdn/extracted One/test/1520.jpg,qrdn:qr_identity:50,one,0.8569287061691284,tampered,0.14307129383087158,0.10137493908405304,0.7555537223815918,38.923599997360725
ml_training/datasets/structural/raw/qrdn/extracted One/test/1521.jpg,qrdn:qr_identity:50,one,0.5309081077575684,clean,0.46909189224243164,0.1533520221710205,0.37755605578422546,33.03559999767458
ml_training/datasets/structural/raw/qrdn/extracted One/test/1522.jpg,qrdn:qr_identity:50,one,0.6496678590774536,tampered,0.3503321409225464,0.1486094444990158,0.5010584592819214,34.30079999816371
ml_training/datasets/structural/raw/qrdn/extracted One/test/1523.jpg,qrdn:qr_identity:50,one,0.5179898738861084,clean,0.482010155916214,0.1765572726726532,0.3414326012134552,39.71589999855496
ml_training/datasets/structural/raw/qrdn/extracted One/test/1524.jpg,qrdn:qr_identity:50,one,0.4623299837112427,clean,0.5376700162887573,0.21247905492782593,0.24985088407993317,33.87079999811249
ml_training/datasets/structural/raw/qrdn/extracted One/test/1525.jpg,qrdn:qr_identity:50,one,0.48028624057769775,clean,0.5197137594223022,0.1995486170053482,0.28073766827583313,41.95419999814476
ml_training/datasets/structural/raw/qrdn/extracted One/test/1526.jpg,qrdn:qr_identity:50,one,0.866108775138855,tampered,0.13389119505882263,0.06809484958648682,0.7980139851570129,35.52309999940917
ml_training/datasets/structural/raw/qrdn/extracted One/test/1527.jpg,qrdn:qr_identity:50,one,0.6925837993621826,tampered,0.3074162006378174,0.1564912050962448,0.5360926389694214,42.835500000364846
ml_training/datasets/structural/raw/qrdn/extracted One/test/1528.jpg,qrdn:qr_identity:50,one,0.2466745376586914,clean,0.7533254623413086,0.14948613941669464,0.09718840569257736,41.88170000270475
ml_training/datasets/structural/raw/qrdn/extracted One/test/1529.jpg,qrdn:qr_identity:50,one,0.5748869180679321,clean,0.4251130521297455,0.17744752764701843,0.39743947982788086,44.11469999831752
ml_training/datasets/structural/raw/qrdn/extracted One/test/1530.jpg,qrdn:qr_identity:51,one,0.7845970988273621,tampered,0.21540288627147675,0.07809429615736008,0.7065028548240662,52.44990000210237
ml_training/datasets/structural/raw/qrdn/extracted One/test/1531.jpg,qrdn:qr_identity:51,one,0.48183131217956543,clean,0.5181686878204346,0.2485191375017166,0.23331217467784882,42.073999997228384
ml_training/datasets/structural/raw/qrdn/extracted One/test/1532.jpg,qrdn:qr_identity:51,one,0.42622846364974976,clean,0.5737715363502502,0.08724120259284973,0.33898717164993286,34.82660000008764
ml_training/datasets/structural/raw/qrdn/extracted One/test/1533.jpg,qrdn:qr_identity:51,one,0.5706021785736084,tampered,0.429397851228714,0.13989420235157013,0.4307079613208771,40.3760000008333
ml_training/datasets/structural/raw/qrdn/extracted One/test/1534.jpg,qrdn:qr_identity:51,one,0.499014675617218,clean,0.500985324382782,0.0752411037683487,0.42377355694770813,31.434300002729287
ml_training/datasets/structural/raw/qrdn/extracted One/test/1535.jpg,qrdn:qr_identity:51,one,0.9944648742675781,tampered,0.005535148549824953,0.003483101259917021,0.9909817576408386,45.279199999640696
ml_training/datasets/structural/raw/qrdn/extracted One/test/1536.jpg,qrdn:qr_identity:51,one,0.9211944341659546,tampered,0.07880554348230362,0.02562636509537697,0.8955680727958679,34.71899999931338
ml_training/datasets/structural/raw/qrdn/extracted One/test/1537.jpg,qrdn:qr_identity:51,one,0.3309023976325989,clean,0.6690976023674011,0.12364234775304794,0.2072601020336151,42.81059999993886
ml_training/datasets/structural/raw/qrdn/extracted One/test/1538.jpg,qrdn:qr_identity:51,one,0.32230323553085327,clean,0.6776967644691467,0.0751672089099884,0.24713599681854248,34.403800000291085
ml_training/datasets/structural/raw/qrdn/extracted One/test/1539.jpg,qrdn:qr_identity:51,one,0.3707992434501648,clean,0.6292007565498352,0.18079666793346405,0.19000250101089478,33.32340000270051
ml_training/datasets/structural/raw/qrdn/extracted One/test/1540.jpg,qrdn:qr_identity:51,one,0.5190552473068237,clean,0.48094478249549866,0.21894444525241852,0.300110787153244,34.77750000092783
ml_training/datasets/structural/raw/qrdn/extracted One/test/1541.jpg,qrdn:qr_identity:51,one,0.5403299331665039,clean,0.4596700966358185,0.11393456161022186,0.4263952970504761,38.511800001288066
ml_training/datasets/structural/raw/qrdn/extracted One/test/1542.jpg,qrdn:qr_identity:51,one,0.4171098470687866,clean,0.5828901529312134,0.17074501514434814,0.24636487662792206,35.073900002316805
ml_training/datasets/structural/raw/qrdn/extracted One/test/1543.jpg,qrdn:qr_identity:51,one,0.36890536546707153,clean,0.6310946345329285,0.07881776243448257,0.29008758068084717,35.44830000100774
ml_training/datasets/structural/raw/qrdn/extracted One/test/1544.jpg,qrdn:qr_identity:51,one,0.6833338737487793,tampered,0.3166661262512207,0.20749707520008087,0.4758368730545044,44.34419999961392
ml_training/datasets/structural/raw/qrdn/extracted One/test/1545.jpg,qrdn:qr_identity:51,one,0.4621585011482239,clean,0.5378414988517761,0.2007642537355423,0.2613942623138428,31.376699997053947
ml_training/datasets/structural/raw/qrdn/extracted One/test/1546.jpg,qrdn:qr_identity:51,one,0.9405795931816101,tampered,0.05942041054368019,0.023260947316884995,0.91731858253479,36.29029999865452
ml_training/datasets/structural/raw/qrdn/extracted One/test/1547.jpg,qrdn:qr_identity:51,one,0.4350237250328064,clean,0.5649762749671936,0.17987193167209625,0.25515177845954895,35.245600000052946
ml_training/datasets/structural/raw/qrdn/extracted One/test/1548.jpg,qrdn:qr_identity:51,one,0.9659520387649536,tampered,0.03404795750975609,0.01855333521962166,0.9473986625671387,37.27280000020983
ml_training/datasets/structural/raw/qrdn/extracted One/test/1549.jpg,qrdn:qr_identity:51,one,0.49487125873565674,clean,0.5051287412643433,0.25908800959587097,0.23578324913978577,43.51709999900777
ml_training/datasets/structural/raw/qrdn/extracted One/test/1550.jpg,qrdn:qr_identity:51,one,0.7619635462760925,tampered,0.23803646862506866,0.14660540223121643,0.6153581738471985,35.877199999958975
ml_training/datasets/structural/raw/qrdn/extracted One/test/1551.jpg,qrdn:qr_identity:51,one,0.4422263503074646,clean,0.5577736496925354,0.05777803808450699,0.3844483196735382,33.54770000078133
ml_training/datasets/structural/raw/qrdn/extracted One/test/1552.jpg,qrdn:qr_identity:51,one,0.34251004457473755,clean,0.6574899554252625,0.16480110585689545,0.1777089387178421,31.99300000051153
ml_training/datasets/structural/raw/qrdn/extracted One/test/1553.jpg,qrdn:qr_identity:51,one,0.5272518396377563,clean,0.47274816036224365,0.22742092609405518,0.29983094334602356,33.63770000214572
ml_training/datasets/structural/raw/qrdn/extracted One/test/1554.jpg,qrdn:qr_identity:51,one,0.4014173746109009,clean,0.5985826253890991,0.15785792469978333,0.24355943500995636,31.44120000069961
ml_training/datasets/structural/raw/qrdn/extracted One/test/1555.jpg,qrdn:qr_identity:51,one,0.6387676000595093,tampered,0.3612323999404907,0.06195995584130287,0.5768076181411743,28.756300001987256
ml_training/datasets/structural/raw/qrdn/extracted One/test/1556.jpg,qrdn:qr_identity:51,one,0.628578782081604,tampered,0.3714212477207184,0.05819619074463844,0.5703825950622559,26.49369999926421
ml_training/datasets/structural/raw/qrdn/extracted One/test/1557.jpg,qrdn:qr_identity:51,one,0.5100831985473633,clean,0.48991677165031433,0.1397295892238617,0.370353639125824,27.372100001230137
ml_training/datasets/structural/raw/qrdn/extracted One/test/1558.jpg,qrdn:qr_identity:51,one,0.31468862295150757,clean,0.6853113770484924,0.11124864965677261,0.20343995094299316,31.093100002181018
ml_training/datasets/structural/raw/qrdn/extracted One/test/1559.jpg,qrdn:qr_identity:51,one,0.8994317054748535,tampered,0.1005682647228241,0.042125049978494644,0.857306718826294,26.543300002231263
ml_training/datasets/structural/raw/qrdn/extracted One/test/1560.jpg,qrdn:qr_identity:52,one,0.6836440563201904,tampered,0.31635597348213196,0.2056533694267273,0.47799065709114075,33.566300000529736
ml_training/datasets/structural/raw/qrdn/extracted One/test/1561.jpg,qrdn:qr_identity:52,one,0.5581473112106323,tampered,0.44185271859169006,0.1132132038474083,0.44493407011032104,27.78299999772571
ml_training/datasets/structural/raw/qrdn/extracted One/test/1562.jpg,qrdn:qr_identity:52,one,0.7552217245101929,tampered,0.24477826058864594,0.09441880881786346,0.660802960395813,29.622100002598017
ml_training/datasets/structural/raw/qrdn/extracted One/test/1563.jpg,qrdn:qr_identity:52,one,0.4937790632247925,clean,0.5062209367752075,0.2250688374042511,0.26871025562286377,30.33049999794457
ml_training/datasets/structural/raw/qrdn/extracted One/test/1564.jpg,qrdn:qr_identity:52,one,0.6455659866333008,tampered,0.3544340431690216,0.15570247173309326,0.4898635149002075,30.96690000165836
ml_training/datasets/structural/raw/qrdn/extracted One/test/1565.jpg,qrdn:qr_identity:52,one,0.8670278787612915,tampered,0.1329721212387085,0.0414348803460598,0.8255930542945862,35.093100002995925
ml_training/datasets/structural/raw/qrdn/extracted One/test/1566.jpg,qrdn:qr_identity:52,one,0.49459028244018555,clean,0.5054097175598145,0.1746959239244461,0.31989428400993347,35.876700003427686
ml_training/datasets/structural/raw/qrdn/extracted One/test/1567.jpg,qrdn:qr_identity:52,one,0.478524386882782,clean,0.521475613117218,0.08110857754945755,0.3974158465862274,31.292299998312956
ml_training/datasets/structural/raw/qrdn/extracted One/test/1568.jpg,qrdn:qr_identity:52,one,0.9079952239990234,tampered,0.09200474619865417,0.04110368341207504,0.8668915629386902,33.714199998939876
ml_training/datasets/structural/raw/qrdn/extracted One/test/1569.jpg,qrdn:qr_identity:52,one,0.3805108070373535,clean,0.6194891929626465,0.17363134026527405,0.20687948167324066,29.027100001258077
ml_training/datasets/structural/raw/qrdn/extracted One/test/1570.jpg,qrdn:qr_identity:52,one,0.4483368396759033,clean,0.5516631603240967,0.21062417328357697,0.23771266639232635,34.40520000003744
ml_training/datasets/structural/raw/qrdn/extracted One/test/1571.jpg,qrdn:qr_identity:52,one,0.8984953761100769,tampered,0.10150463134050369,0.045526422560214996,0.8529689311981201,31.994500001019333
ml_training/datasets/structural/raw/qrdn/extracted One/test/1572.jpg,qrdn:qr_identity:52,one,0.6281800270080566,tampered,0.37181994318962097,0.20851922035217285,0.4196608066558838,33.211199999641394
ml_training/datasets/structural/raw/qrdn/extracted One/test/1573.jpg,qrdn:qr_identity:52,one,0.47719305753707886,clean,0.5228069424629211,0.17332294583320618,0.30387014150619507,31.945599999744445
ml_training/datasets/structural/raw/qrdn/extracted One/test/1574.jpg,qrdn:qr_identity:52,one,0.5665509700775146,clean,0.43344900012016296,0.25297921895980835,0.3135717511177063,30.844100001559127
ml_training/datasets/structural/raw/qrdn/extracted One/test/1575.jpg,qrdn:qr_identity:52,one,0.5158007144927979,clean,0.48419925570487976,0.17877541482448578,0.33702534437179565,32.961799999611685
ml_training/datasets/structural/raw/qrdn/extracted One/test/1576.jpg,qrdn:qr_identity:52,one,0.9882473945617676,tampered,0.011752577498555183,0.0048559363931417465,0.983391523361206,29.937299997982336
ml_training/datasets/structural/raw/qrdn/extracted One/test/1577.jpg,qrdn:qr_identity:52,one,0.9755244851112366,tampered,0.02447553537786007,0.027299949899315834,0.9482244849205017,29.710700000578072
ml_training/datasets/structural/raw/qrdn/extracted One/test/1578.jpg,qrdn:qr_identity:52,one,0.9585368037223816,tampered,0.0414632223546505,0.018377097323536873,0.9401597380638123,32.33589999945252
ml_training/datasets/structural/raw/qrdn/extracted One/test/1579.jpg,qrdn:qr_identity:52,one,0.411327600479126,clean,0.588672399520874,0.15859252214431763,0.25273510813713074,34.6888999993098
ml_training/datasets/structural/raw/qrdn/extracted One/test/1580.jpg,qrdn:qr_identity:52,one,0.8651899099349976,tampered,0.13481010496616364,0.043733615428209305,0.821456253528595,31.132899999647634
ml_training/datasets/structural/raw/qrdn/extracted One/test/1581.jpg,qrdn:qr_identity:52,one,0.9915213584899902,tampered,0.008478669449687004,0.006296009756624699,0.985225260257721,36.65240000191261
ml_training/datasets/structural/raw/qrdn/extracted One/test/1582.jpg,qrdn:qr_identity:52,one,0.5808172225952148,clean,0.41918277740478516,0.23360837996006012,0.34720876812934875,30.685699999594362
ml_training/datasets/structural/raw/qrdn/extracted One/test/1583.jpg,qrdn:qr_identity:52,one,0.8084236979484558,tampered,0.191576287150383,0.08374758064746857,0.7246761322021484,36.351700000523124
ml_training/datasets/structural/raw/qrdn/extracted One/test/1584.jpg,qrdn:qr_identity:52,one,0.5746673345565796,clean,0.4253326952457428,0.2757168412208557,0.2989504337310791,30.67620000001625
ml_training/datasets/structural/raw/qrdn/extracted One/test/1585.jpg,qrdn:qr_identity:52,one,0.8677048683166504,tampered,0.1322951465845108,0.07468349486589432,0.7930213212966919,33.32829999999376
ml_training/datasets/structural/raw/qrdn/extracted One/test/1586.jpg,qrdn:qr_identity:52,one,0.5736255049705505,clean,0.42637449502944946,0.1523960530757904,0.42122945189476013,31.22559999974328
ml_training/datasets/structural/raw/qrdn/extracted One/test/1587.jpg,qrdn:qr_identity:52,one,0.8224207162857056,tampered,0.17757925391197205,0.15250001847743988,0.6699207425117493,36.523399998259265
ml_training/datasets/structural/raw/qrdn/extracted One/test/1588.jpg,qrdn:qr_identity:52,one,0.7031230926513672,tampered,0.2968769073486328,0.07899564504623413,0.6241273880004883,28.66630000062287
ml_training/datasets/structural/raw/qrdn/extracted One/test/1589.jpg,qrdn:qr_identity:52,one,0.683995246887207,tampered,0.31600478291511536,0.1408103108406067,0.5431849360466003,36.692999998194864
ml_training/datasets/structural/raw/qrdn/extracted One/test/1590.jpg,qrdn:qr_identity:53,one,0.7776898145675659,tampered,0.22231020033359528,0.09953881800174713,0.6781509518623352,29.986400000780122
ml_training/datasets/structural/raw/qrdn/extracted One/test/1591.jpg,qrdn:qr_identity:53,one,0.3216339945793152,clean,0.6783660054206848,0.18152213096618652,0.14011187851428986,39.615300000150455
ml_training/datasets/structural/raw/qrdn/extracted One/test/1592.jpg,qrdn:qr_identity:53,one,0.6917113065719604,tampered,0.30828872323036194,0.10077793896198273,0.5909333825111389,28.792299999622628
ml_training/datasets/structural/raw/qrdn/extracted One/test/1593.jpg,qrdn:qr_identity:53,one,0.6479861736297607,tampered,0.35201382637023926,0.09973571449518204,0.5482504963874817,33.097499999712454
ml_training/datasets/structural/raw/qrdn/extracted One/test/1594.jpg,qrdn:qr_identity:53,one,0.8295691013336182,tampered,0.17043091356754303,0.03276371210813522,0.7968053817749023,31.764100000145845
ml_training/datasets/structural/raw/qrdn/extracted One/test/1595.jpg,qrdn:qr_identity:53,one,0.8749051094055176,tampered,0.12509487569332123,0.04200063645839691,0.8329044580459595,36.47840000121505
ml_training/datasets/structural/raw/qrdn/extracted One/test/1596.jpg,qrdn:qr_identity:53,one,0.6977963447570801,tampered,0.30220362544059753,0.11956261843442917,0.5782337188720703,36.116999999649124
ml_training/datasets/structural/raw/qrdn/extracted One/test/1597.jpg,qrdn:qr_identity:53,one,0.5424405932426453,clean,0.45755940675735474,0.09845446795225143,0.44398605823516846,32.84160000112024
ml_training/datasets/structural/raw/qrdn/extracted One/test/1598.jpg,qrdn:qr_identity:53,one,0.9021840691566467,tampered,0.09781590849161148,0.01866222359240055,0.8835218548774719,31.431800001882948
ml_training/datasets/structural/raw/qrdn/extracted One/test/1599.jpg,qrdn:qr_identity:53,one,0.6826152801513672,tampered,0.3173846900463104,0.05908506363630295,0.6235302686691284,32.321899998351
ml_training/datasets/structural/raw/qrdn/extracted One/test/1600.jpg,qrdn:qr_identity:53,one,0.23739725351333618,clean,0.7626027464866638,0.09686242789030075,0.14053483307361603,28.083900000638096
ml_training/datasets/structural/raw/qrdn/extracted One/test/1601.jpg,qrdn:qr_identity:53,one,0.5230404138565063,clean,0.47695958614349365,0.12759827077388763,0.3954421281814575,35.395499999140156
ml_training/datasets/structural/raw/qrdn/extracted One/test/1602.jpg,qrdn:qr_identity:53,one,0.8211154341697693,tampered,0.17888455092906952,0.06295100599527359,0.7581644058227539,28.928299998369766
ml_training/datasets/structural/raw/qrdn/extracted One/test/1603.jpg,qrdn:qr_identity:53,one,0.5108742713928223,clean,0.48912572860717773,0.12131467461585999,0.3895595967769623,34.454799999366514
ml_training/datasets/structural/raw/qrdn/extracted One/test/1604.jpg,qrdn:qr_identity:53,one,0.5421978235244751,clean,0.4578021764755249,0.20302245020866394,0.33917534351348877,30.43460000117193
ml_training/datasets/structural/raw/qrdn/extracted One/test/1605.jpg,qrdn:qr_identity:53,one,0.5224637985229492,clean,0.4775362014770508,0.1564084142446518,0.366055428981781,31.017000001156703
ml_training/datasets/structural/raw/qrdn/extracted One/test/1606.jpg,qrdn:qr_identity:53,one,0.9943826198577881,tampered,0.005617406219244003,0.0014256862923502922,0.9929568767547607,30.22209999835468
ml_training/datasets/structural/raw/qrdn/extracted One/test/1607.jpg,qrdn:qr_identity:53,one,0.8846555352210999,tampered,0.11534448713064194,0.05077778548002243,0.8338777422904968,28.76029999970342
ml_training/datasets/structural/raw/qrdn/extracted One/test/1608.jpg,qrdn:qr_identity:53,one,0.9358723759651184,tampered,0.06412763893604279,0.013270629569888115,0.9226017594337463,28.72900000147638
ml_training/datasets/structural/raw/qrdn/extracted One/test/1609.jpg,qrdn:qr_identity:53,one,0.4843311905860901,clean,0.5156688094139099,0.3059175908565521,0.17841365933418274,28.83529999962775
ml_training/datasets/structural/raw/qrdn/extracted One/test/1610.jpg,qrdn:qr_identity:53,one,0.9674296975135803,tampered,0.03257029131054878,0.013465119525790215,0.9539645314216614,29.345200000534533
ml_training/datasets/structural/raw/qrdn/extracted One/test/1611.jpg,qrdn:qr_identity:53,one,0.2450914978981018,clean,0.7549085021018982,0.13276605308055878,0.11232540756464005,28.472400001192
ml_training/datasets/structural/raw/qrdn/extracted One/test/1612.jpg,qrdn:qr_identity:53,one,0.5986409783363342,tampered,0.40135902166366577,0.10091300308704376,0.49772799015045166,31.61520000139717
ml_training/datasets/structural/raw/qrdn/extracted One/test/1613.jpg,qrdn:qr_identity:53,one,0.3902050256729126,clean,0.6097949743270874,0.21605195105075836,0.17415302991867065,29.835699999239296
ml_training/datasets/structural/raw/qrdn/extracted One/test/1614.jpg,qrdn:qr_identity:53,one,0.4176720380783081,clean,0.5823279619216919,0.12702152132987976,0.29065051674842834,27.672699998220196
ml_training/datasets/structural/raw/qrdn/extracted One/test/1615.jpg,qrdn:qr_identity:53,one,0.4639841914176941,clean,0.5360158085823059,0.09453557431697845,0.36944854259490967,27.76580000136164
ml_training/datasets/structural/raw/qrdn/extracted One/test/1616.jpg,qrdn:qr_identity:53,one,0.9765664935112,tampered,0.02343352884054184,0.006657433696091175,0.9699090123176575,26.558000001386972
ml_training/datasets/structural/raw/qrdn/extracted One/test/1617.jpg,qrdn:qr_identity:53,one,0.9435611367225647,tampered,0.056438885629177094,0.02154950611293316,0.9220116138458252,31.013600000733277
ml_training/datasets/structural/raw/qrdn/extracted One/test/1618.jpg,qrdn:qr_identity:53,one,0.6481621265411377,tampered,0.3518378436565399,0.10819293558597565,0.539969265460968,31.75089999785996
ml_training/datasets/structural/raw/qrdn/extracted One/test/1619.jpg,qrdn:qr_identity:53,one,0.5361453294754028,clean,0.46385470032691956,0.15053389966487885,0.38561147451400757,30.946499999117805
ml_training/datasets/structural/raw/qrdn/extracted One/test/1620.jpg,qrdn:qr_identity:54,one,0.5457816123962402,clean,0.4542183578014374,0.18580064177513123,0.3599810302257538,27.670499999658205
ml_training/datasets/structural/raw/qrdn/extracted One/test/1621.jpg,qrdn:qr_identity:54,one,0.3919958472251892,clean,0.6080041527748108,0.2752126455307007,0.11678311973810196,37.60369999872637
ml_training/datasets/structural/raw/qrdn/extracted One/test/1622.jpg,qrdn:qr_identity:54,one,0.4116467833518982,clean,0.5883532166481018,0.1398184448480606,0.27182838320732117,29.84210000067833
ml_training/datasets/structural/raw/qrdn/extracted One/test/1623.jpg,qrdn:qr_identity:54,one,0.30821114778518677,clean,0.6917888522148132,0.20695491135120392,0.10125626623630524,36.250000001018634
ml_training/datasets/structural/raw/qrdn/extracted One/test/1624.jpg,qrdn:qr_identity:54,one,0.48177027702331543,clean,0.5182297229766846,0.17855514585971832,0.3032152056694031,27.224599998589838
ml_training/datasets/structural/raw/qrdn/extracted One/test/1625.jpg,qrdn:qr_identity:54,one,0.3669387102127075,clean,0.6330612897872925,0.17402306199073792,0.19291555881500244,35.8790999998746
ml_training/datasets/structural/raw/qrdn/extracted One/test/1626.jpg,qrdn:qr_identity:54,one,0.549444854259491,clean,0.45055514574050903,0.19900448620319366,0.3504403531551361,28.01030000046012
ml_training/datasets/structural/raw/qrdn/extracted One/test/1627.jpg,qrdn:qr_identity:54,one,0.2419261336326599,clean,0.7580738663673401,0.07862761616706848,0.16329848766326904,30.682599997817306
ml_training/datasets/structural/raw/qrdn/extracted One/test/1628.jpg,qrdn:qr_identity:54,one,0.9346791505813599,tampered,0.06532087922096252,0.04972001910209656,0.8849591016769409,28.773900001397124
ml_training/datasets/structural/raw/qrdn/extracted One/test/1629.jpg,qrdn:qr_identity:54,one,0.22567158937454224,clean,0.7743284106254578,0.11410332471132278,0.11156818270683289,26.61670000088634
ml_training/datasets/structural/raw/qrdn/extracted One/test/1630.jpg,qrdn:qr_identity:54,one,0.41766583919525146,clean,0.5823341608047485,0.19463515281677246,0.22303064167499542,32.238499999948544
ml_training/datasets/structural/raw/qrdn/extracted One/test/1631.jpg,qrdn:qr_identity:54,one,0.8107863068580627,tampered,0.18921367824077606,0.10307417064905167,0.7077121138572693,30.174499999702675
ml_training/datasets/structural/raw/qrdn/extracted One/test/1632.jpg,qrdn:qr_identity:54,one,0.21452075242996216,clean,0.7854792475700378,0.11907682567834854,0.09544387459754944,27.789499999926193
ml_training/datasets/structural/raw/qrdn/extracted One/test/1633.jpg,qrdn:qr_identity:54,one,0.39894986152648926,clean,0.6010501384735107,0.10237539559602737,0.2965744435787201,28.860099999292288
ml_training/datasets/structural/raw/qrdn/extracted One/test/1634.jpg,qrdn:qr_identity:54,one,0.510028600692749,clean,0.4899713695049286,0.3541920781135559,0.15583652257919312,31.66830000191112
ml_training/datasets/structural/raw/qrdn/extracted One/test/1635.jpg,qrdn:qr_identity:54,one,0.3509337902069092,clean,0.6490662097930908,0.2109544724225998,0.13997939229011536,28.209500000230037
ml_training/datasets/structural/raw/qrdn/extracted One/test/1636.jpg,qrdn:qr_identity:54,one,0.9877146482467651,tampered,0.012285381555557251,0.004411929752677679,0.983302652835846,30.1828999981808
ml_training/datasets/structural/raw/qrdn/extracted One/test/1637.jpg,qrdn:qr_identity:54,one,0.638508677482605,tampered,0.3614913523197174,0.16410692036151886,0.47440168261528015,26.957499998388812
ml_training/datasets/structural/raw/qrdn/extracted One/test/1638.jpg,qrdn:qr_identity:54,one,0.8538297414779663,tampered,0.1461702585220337,0.043138522654771805,0.810691237449646,26.429300000017975
ml_training/datasets/structural/raw/qrdn/extracted One/test/1639.jpg,qrdn:qr_identity:54,one,0.45110946893692017,clean,0.5488905310630798,0.3033202886581421,0.14778921008110046,29.36079999926733
ml_training/datasets/structural/raw/qrdn/extracted One/test/1640.jpg,qrdn:qr_identity:54,one,0.6972309350967407,tampered,0.3027690351009369,0.14136408269405365,0.5558668971061707,28.55749999798718
ml_training/datasets/structural/raw/qrdn/extracted One/test/1641.jpg,qrdn:qr_identity:54,one,0.31092602014541626,clean,0.6890739798545837,0.15056057274341583,0.16036544740200043,31.025500000396278
ml_training/datasets/structural/raw/qrdn/extracted One/test/1642.jpg,qrdn:qr_identity:54,one,0.39563995599746704,clean,0.604360044002533,0.1816132366657257,0.21402670443058014,28.874400002678158
ml_training/datasets/structural/raw/qrdn/extracted One/test/1643.jpg,qrdn:qr_identity:54,one,0.5472421646118164,clean,0.452757865190506,0.10057402402162552,0.4466680586338043,29.56629999971483
ml_training/datasets/structural/raw/qrdn/extracted One/test/1644.jpg,qrdn:qr_identity:54,one,0.19062530994415283,clean,0.8093746900558472,0.12234954535961151,0.06827575713396072,28.844500000559492
ml_training/datasets/structural/raw/qrdn/extracted One/test/1645.jpg,qrdn:qr_identity:54,one,0.637167751789093,tampered,0.362832248210907,0.1606929451227188,0.4764748215675354,32.732000003306894
ml_training/datasets/structural/raw/qrdn/extracted One/test/1646.jpg,qrdn:qr_identity:54,one,0.24474245309829712,clean,0.7552575469017029,0.12517112493515015,0.1195712611079216,28.36380000007921
ml_training/datasets/structural/raw/qrdn/extracted One/test/1647.jpg,qrdn:qr_identity:54,one,0.30155229568481445,clean,0.6984477043151855,0.20034664869308472,0.10120560228824615,31.981300002371427
ml_training/datasets/structural/raw/qrdn/extracted One/test/1648.jpg,qrdn:qr_identity:54,one,0.6029660701751709,clean,0.3970339298248291,0.21671853959560394,0.38624757528305054,32.12669999993523
ml_training/datasets/structural/raw/qrdn/extracted One/test/1649.jpg,qrdn:qr_identity:54,one,0.4189646244049072,clean,0.5810353755950928,0.1563427895307541,0.26262181997299194,32.11050000027171
ml_training/datasets/structural/raw/qrdn/extracted One/test/1650.jpg,qrdn:qr_identity:55,one,0.9955726861953735,tampered,0.004427290987223387,0.0022865785285830498,0.9932860732078552,30.09829999791691
ml_training/datasets/structural/raw/qrdn/extracted One/test/1651.jpg,qrdn:qr_identity:55,one,0.3146316409111023,clean,0.6853683590888977,0.12815387547016144,0.18647778034210205,28.487999999924796
ml_training/datasets/structural/raw/qrdn/extracted One/test/1652.jpg,qrdn:qr_identity:55,one,0.7740144729614258,tampered,0.22598552703857422,0.025290289893746376,0.7487242221832275,30.31859999828157
ml_training/datasets/structural/raw/qrdn/extracted One/test/1653.jpg,qrdn:qr_identity:55,one,0.5058376789093018,clean,0.49416232109069824,0.07903487980365753,0.42680275440216064,28.05639999860432
ml_training/datasets/structural/raw/qrdn/extracted One/test/1654.jpg,qrdn:qr_identity:55,one,0.8604746460914612,tampered,0.13952533900737762,0.03198820352554321,0.8284865021705627,30.0768999986758
ml_training/datasets/structural/raw/qrdn/extracted One/test/1655.jpg,qrdn:qr_identity:55,one,0.9054023027420044,tampered,0.0945977196097374,0.022599782794713974,0.8828024864196777,29.3729999975767
ml_training/datasets/structural/raw/qrdn/extracted One/test/1656.jpg,qrdn:qr_identity:55,one,0.9385631084442139,tampered,0.061436910182237625,0.029530834406614304,0.9090322852134705,29.24659999916912
ml_training/datasets/structural/raw/qrdn/extracted One/test/1657.jpg,qrdn:qr_identity:55,one,0.5871249437332153,tampered,0.4128750264644623,0.03127635642886162,0.5558486580848694,29.296699998667464
ml_training/datasets/structural/raw/qrdn/extracted One/test/1658.jpg,qrdn:qr_identity:55,one,0.665981650352478,tampered,0.33401837944984436,0.027903400361537933,0.6380782723426819,28.192800000397256
ml_training/datasets/structural/raw/qrdn/extracted One/test/1659.jpg,qrdn:qr_identity:55,one,0.5844124555587769,tampered,0.41558751463890076,0.06536012887954712,0.5190523266792297,35.345299998880364
ml_training/datasets/structural/raw/qrdn/extracted One/test/1660.jpg,qrdn:qr_identity:55,one,0.8867212533950806,tampered,0.11327876895666122,0.021365845575928688,0.865355372428894,30.541600001015468
ml_training/datasets/structural/raw/qrdn/extracted One/test/1661.jpg,qrdn:qr_identity:55,one,0.5672725439071655,tampered,0.4327274560928345,0.07738006114959717,0.48989245295524597,33.56600000188337
ml_training/datasets/structural/raw/qrdn/extracted One/test/1662.jpg,qrdn:qr_identity:55,one,0.666441798210144,tampered,0.33355820178985596,0.07864134013652802,0.5878004431724548,26.69900000182679
ml_training/datasets/structural/raw/qrdn/extracted One/test/1663.jpg,qrdn:qr_identity:55,one,0.9076391458511353,tampered,0.09236083924770355,0.019422555342316628,0.8882166147232056,29.651699998794356
ml_training/datasets/structural/raw/qrdn/extracted One/test/1664.jpg,qrdn:qr_identity:55,one,0.5492660403251648,clean,0.4507339596748352,0.24771802127361298,0.30154797434806824,29.532900000049267
ml_training/datasets/structural/raw/qrdn/extracted One/test/1665.jpg,qrdn:qr_identity:55,one,0.3575586676597595,clean,0.6424413323402405,0.06834724545478821,0.2892114222049713,32.98509999876842
ml_training/datasets/structural/raw/qrdn/extracted One/test/1666.jpg,qrdn:qr_identity:55,one,0.9993323683738708,tampered,0.0006676367484033108,0.00017799333727452904,0.9991543292999268,28.06369999962044
ml_training/datasets/structural/raw/qrdn/extracted One/test/1667.jpg,qrdn:qr_identity:55,one,0.5227015614509583,clean,0.47729843854904175,0.10421589016914368,0.4184855818748474,29.564799999207025
ml_training/datasets/structural/raw/qrdn/extracted One/test/1668.jpg,qrdn:qr_identity:55,one,0.9337945580482483,tampered,0.06620541960000992,0.012272457592189312,0.9215221405029297,29.680999999982305
ml_training/datasets/structural/raw/qrdn/extracted One/test/1669.jpg,qrdn:qr_identity:55,one,0.7263325452804565,tampered,0.27366742491722107,0.02024223655462265,0.7060903906822205,30.086700000538258
ml_training/datasets/structural/raw/qrdn/extracted One/test/1670.jpg,qrdn:qr_identity:55,one,0.9364435076713562,tampered,0.0635564923286438,0.016553418710827827,0.9198900461196899,57.899100000213366
ml_training/datasets/structural/raw/qrdn/extracted One/test/1671.jpg,qrdn:qr_identity:55,one,0.637759804725647,tampered,0.36224016547203064,0.06354970484972,0.5742101073265076,49.97000000003027
ml_training/datasets/structural/raw/qrdn/extracted One/test/1672.jpg,qrdn:qr_identity:55,one,0.6091105937957764,tampered,0.39088937640190125,0.06507837027311325,0.5440322160720825,38.901399999303976
ml_training/datasets/structural/raw/qrdn/extracted One/test/1673.jpg,qrdn:qr_identity:55,one,0.7562482357025146,tampered,0.24375176429748535,0.03303508087992668,0.7232131361961365,28.81399999751011
ml_training/datasets/structural/raw/qrdn/extracted One/test/1674.jpg,qrdn:qr_identity:55,one,0.8088478446006775,tampered,0.1911521703004837,0.03521640971302986,0.7736314535140991,28.546000001369976
ml_training/datasets/structural/raw/qrdn/extracted One/test/1675.jpg,qrdn:qr_identity:55,one,0.9407629370689392,tampered,0.05923706665635109,0.017566116526722908,0.9231968522071838,29.983899999933783
ml_training/datasets/structural/raw/qrdn/extracted One/test/1676.jpg,qrdn:qr_identity:55,one,0.612919807434082,tampered,0.38708019256591797,0.0514700673520565,0.5614497065544128,31.48729999884381
ml_training/datasets/structural/raw/qrdn/extracted One/test/1677.jpg,qrdn:qr_identity:55,one,0.6743499040603638,tampered,0.32565006613731384,0.07753347605466843,0.5968164205551147,32.645100000081584
ml_training/datasets/structural/raw/qrdn/extracted One/test/1678.jpg,qrdn:qr_identity:55,one,0.5232982635498047,clean,0.4767017662525177,0.13575100898742676,0.38754722476005554,28.600199999345932
ml_training/datasets/structural/raw/qrdn/extracted One/test/1679.jpg,qrdn:qr_identity:55,one,0.984813392162323,tampered,0.0151866115629673,0.004286888521164656,0.9805265069007874,31.371699998999247
ml_training/datasets/structural/raw/qrdn/extracted One/test/1680.jpg,qrdn:qr_identity:56,one,0.6754294037818909,tampered,0.32457059621810913,0.059446997940540314,0.6159824728965759,27.733599999919534
ml_training/datasets/structural/raw/qrdn/extracted One/test/1681.jpg,qrdn:qr_identity:56,one,0.9669482707977295,tampered,0.033051714301109314,0.012246922589838505,0.9547014236450195,30.230500000470784
ml_training/datasets/structural/raw/qrdn/extracted One/test/1682.jpg,qrdn:qr_identity:56,one,0.528616189956665,clean,0.47138383984565735,0.06514283269643784,0.46347329020500183,28.67119999791612
ml_training/datasets/structural/raw/qrdn/extracted One/test/1683.jpg,qrdn:qr_identity:56,one,0.3911603093147278,clean,0.6088396906852722,0.04470966383814812,0.3464506268501282,28.636000002734363
ml_training/datasets/structural/raw/qrdn/extracted One/test/1684.jpg,qrdn:qr_identity:56,one,0.7946279644966125,tampered,0.20537203550338745,0.027888040989637375,0.7667398452758789,26.891299999988405
ml_training/datasets/structural/raw/qrdn/extracted One/test/1685.jpg,qrdn:qr_identity:56,one,0.787219762802124,tampered,0.21278022229671478,0.022889191284775734,0.7643306255340576,28.92539999811561
ml_training/datasets/structural/raw/qrdn/extracted One/test/1686.jpg,qrdn:qr_identity:56,one,0.9882708191871643,tampered,0.011729164980351925,0.00527078565210104,0.9830000400543213,28.578499997820472
ml_training/datasets/structural/raw/qrdn/extracted One/test/1687.jpg,qrdn:qr_identity:56,one,0.9411183595657349,tampered,0.05888163298368454,0.007009414490312338,0.9341089129447937,29.521799999201903
ml_training/datasets/structural/raw/qrdn/extracted One/test/1688.jpg,qrdn:qr_identity:56,one,0.6048790812492371,tampered,0.39512091875076294,0.023778684437274933,0.5811004638671875,37.02780000094208
ml_training/datasets/structural/raw/qrdn/extracted One/test/1689.jpg,qrdn:qr_identity:56,one,0.688345730304718,tampered,0.311654269695282,0.030127547681331635,0.6582182049751282,26.153400001931004
ml_training/datasets/structural/raw/qrdn/extracted One/test/1690.jpg,qrdn:qr_identity:56,one,0.8138691186904907,tampered,0.18613091111183167,0.029496949166059494,0.7843722105026245,38.884999998117564
ml_training/datasets/structural/raw/qrdn/extracted One/test/1691.jpg,qrdn:qr_identity:56,one,0.8212667107582092,tampered,0.17873330414295197,0.0698818489909172,0.7513848543167114,29.61969999887515
ml_training/datasets/structural/raw/qrdn/extracted One/test/1692.jpg,qrdn:qr_identity:56,one,0.6212975978851318,tampered,0.3787023723125458,0.05631202459335327,0.5649856328964233,37.142500001209555
ml_training/datasets/structural/raw/qrdn/extracted One/test/1693.jpg,qrdn:qr_identity:56,one,0.8839479088783264,tampered,0.11605209112167358,0.017429761588573456,0.8665181398391724,34.447499998350395
ml_training/datasets/structural/raw/qrdn/extracted One/test/1694.jpg,qrdn:qr_identity:56,one,0.6010537147521973,tampered,0.39894628524780273,0.1684563159942627,0.43259745836257935,35.63560000111465
ml_training/datasets/structural/raw/qrdn/extracted One/test/1695.jpg,qrdn:qr_identity:56,one,0.23156970739364624,clean,0.7684302926063538,0.07086101919412613,0.16070865094661713,30.815800000709714
ml_training/datasets/structural/raw/qrdn/extracted One/test/1696.jpg,qrdn:qr_identity:56,one,0.995947539806366,tampered,0.004052477423101664,0.0007160419481806457,0.9952314496040344,33.835499998531304
ml_training/datasets/structural/raw/qrdn/extracted One/test/1697.jpg,qrdn:qr_identity:56,one,0.8967808485031128,tampered,0.1032191589474678,0.013750854879617691,0.8830299377441406,29.794499998388346
ml_training/datasets/structural/raw/qrdn/extracted One/test/1698.jpg,qrdn:qr_identity:56,one,0.9748949408531189,tampered,0.025105087086558342,0.0052327364683151245,0.9696622490882874,34.067600001435494
ml_training/datasets/structural/raw/qrdn/extracted One/test/1699.jpg,qrdn:qr_identity:56,one,0.7386873960494995,tampered,0.2613126337528229,0.08623228222131729,0.6524551510810852,29.139199999917764
ml_training/datasets/structural/raw/qrdn/extracted One/test/1700.jpg,qrdn:qr_identity:56,one,0.9532426595687866,tampered,0.04675735533237457,0.005373287480324507,0.9478693604469299,31.25999999974738
ml_training/datasets/structural/raw/qrdn/extracted One/test/1701.jpg,qrdn:qr_identity:56,one,0.8079749345779419,tampered,0.19202503561973572,0.046519163995981216,0.761455774307251,29.122099997039186
ml_training/datasets/structural/raw/qrdn/extracted One/test/1702.jpg,qrdn:qr_identity:56,one,0.7693120241165161,tampered,0.23068799078464508,0.04563131183385849,0.7236807346343994,35.7045000018843
ml_training/datasets/structural/raw/qrdn/extracted One/test/1703.jpg,qrdn:qr_identity:56,one,0.8568030595779419,tampered,0.1431969404220581,0.014388791285455227,0.8424142599105835,28.98029999778373
ml_training/datasets/structural/raw/qrdn/extracted One/test/1704.jpg,qrdn:qr_identity:56,one,0.6744008660316467,tampered,0.32559913396835327,0.06310511380434036,0.611295759677887,31.006900000647875
ml_training/datasets/structural/raw/qrdn/extracted One/test/1705.jpg,qrdn:qr_identity:56,one,0.9670648574829102,tampered,0.03293512761592865,0.013285660184919834,0.9537791609764099,28.603900002053706
ml_training/datasets/structural/raw/qrdn/extracted One/test/1706.jpg,qrdn:qr_identity:56,one,0.24955332279205322,clean,0.7504466772079468,0.01835799776017666,0.23119528591632843,29.735700001765508
ml_training/datasets/structural/raw/qrdn/extracted One/test/1707.jpg,qrdn:qr_identity:56,one,0.2953907251358032,clean,0.7046092748641968,0.0576089583337307,0.23778173327445984,26.65820000038366
ml_training/datasets/structural/raw/qrdn/extracted One/test/1708.jpg,qrdn:qr_identity:56,one,0.44175010919570923,clean,0.5582498908042908,0.0861758217215538,0.3555743098258972,31.14139999888721
ml_training/datasets/structural/raw/qrdn/extracted One/test/1709.jpg,qrdn:qr_identity:56,one,0.5892857313156128,tampered,0.4107142984867096,0.07334025949239731,0.5159454941749573,34.268399998836685
ml_training/datasets/structural/raw/qrdn/extracted One/test/1710.jpg,qrdn:qr_identity:57,one,0.7952250242233276,tampered,0.20477494597434998,0.05553680285811424,0.7396882772445679,30.900900001142872
ml_training/datasets/structural/raw/qrdn/extracted One/test/1711.jpg,qrdn:qr_identity:57,one,0.4929930567741394,clean,0.5070069432258606,0.2762920558452606,0.21670101583003998,33.689800002321135
ml_training/datasets/structural/raw/qrdn/extracted One/test/1712.jpg,qrdn:qr_identity:57,one,0.6019089221954346,tampered,0.3980911076068878,0.03948785737156868,0.5624210834503174,30.09600000223145
ml_training/datasets/structural/raw/qrdn/extracted One/test/1713.jpg,qrdn:qr_identity:57,one,0.7511364221572876,tampered,0.24886354804039001,0.0252617709338665,0.725874662399292,32.21570000096108
ml_training/datasets/structural/raw/qrdn/extracted One/test/1714.jpg,qrdn:qr_identity:57,one,0.8599268198013306,tampered,0.14007321000099182,0.006800560280680656,0.8531262874603271,29.649199997948017
ml_training/datasets/structural/raw/qrdn/extracted One/test/1715.jpg,qrdn:qr_identity:57,one,0.7945796847343445,tampered,0.20542030036449432,0.024111784994602203,0.7704678773880005,31.841500000155065
ml_training/datasets/structural/raw/qrdn/extracted One/test/1716.jpg,qrdn:qr_identity:57,one,0.882487416267395,tampered,0.11751261353492737,0.03342083469033241,0.8490665555000305,27.66700000211131
ml_training/datasets/structural/raw/qrdn/extracted One/test/1717.jpg,qrdn:qr_identity:57,one,0.6750706434249878,tampered,0.3249293863773346,0.03598691523075104,0.6390836834907532,32.6902999986487
ml_training/datasets/structural/raw/qrdn/extracted One/test/1718.jpg,qrdn:qr_identity:57,one,0.27050167322158813,clean,0.7294983267784119,0.05383601784706116,0.21666570007801056,27.78300000136369
ml_training/datasets/structural/raw/qrdn/extracted One/test/1719.jpg,qrdn:qr_identity:57,one,0.8131105899810791,tampered,0.1868894398212433,0.021912358701229095,0.7911982536315918,27.413799998612376
ml_training/datasets/structural/raw/qrdn/extracted One/test/1720.jpg,qrdn:qr_identity:57,one,0.49302494525909424,clean,0.5069750547409058,0.06971044093370438,0.42331454157829285,30.533100001775892
ml_training/datasets/structural/raw/qrdn/extracted One/test/1721.jpg,qrdn:qr_identity:57,one,0.7586894035339355,tampered,0.24131059646606445,0.042406875640153885,0.7162824869155884,29.497100000298815
ml_training/datasets/structural/raw/qrdn/extracted One/test/1722.jpg,qrdn:qr_identity:57,one,0.9616512060165405,tampered,0.038348790258169174,0.00554791372269392,0.9561033844947815,34.33700000095996
ml_training/datasets/structural/raw/qrdn/extracted One/test/1723.jpg,qrdn:qr_identity:57,one,0.6424597501754761,tampered,0.35754022002220154,0.049164075404405594,0.593295693397522,30.414500000915723
ml_training/datasets/structural/raw/qrdn/extracted One/test/1724.jpg,qrdn:qr_identity:57,one,0.7753550410270691,tampered,0.2246449589729309,0.05720304325222969,0.7181519865989685,30.63069999916479
ml_training/datasets/structural/raw/qrdn/extracted One/test/1725.jpg,qrdn:qr_identity:57,one,0.381713330745697,clean,0.618286669254303,0.02763250842690468,0.35408085584640503,30.206200000975514
ml_training/datasets/structural/raw/qrdn/extracted One/test/1726.jpg,qrdn:qr_identity:57,one,0.9910587072372437,tampered,0.008941308595240116,0.0019517706241458654,0.9891069531440735,33.136199999717064
ml_training/datasets/structural/raw/qrdn/extracted One/test/1727.jpg,qrdn:qr_identity:57,one,0.5671830177307129,tampered,0.4328169524669647,0.08561988919973373,0.48156312108039856,28.841999999713153
ml_training/datasets/structural/raw/qrdn/extracted One/test/1728.jpg,qrdn:qr_identity:57,one,0.9578492045402527,tampered,0.04215079918503761,0.008267724886536598,0.9495814442634583,34.89139999874169
ml_training/datasets/structural/raw/qrdn/extracted One/test/1729.jpg,qrdn:qr_identity:57,one,0.6624163389205933,tampered,0.3375836908817291,0.04334094002842903,0.619075357913971,34.30060000027879
ml_training/datasets/structural/raw/qrdn/extracted One/test/1730.jpg,qrdn:qr_identity:57,one,0.3538351058959961,clean,0.6461648941040039,0.05575436353683472,0.29808080196380615,36.49269999732496
ml_training/datasets/structural/raw/qrdn/extracted One/test/1731.jpg,qrdn:qr_identity:57,one,0.8078556060791016,tampered,0.19214442372322083,0.021808382123708725,0.7860472202301025,33.9985999999044
ml_training/datasets/structural/raw/qrdn/extracted One/test/1732.jpg,qrdn:qr_identity:57,one,0.33625757694244385,clean,0.6637424230575562,0.1308230459690094,0.20543454587459564,35.296899997774744
ml_training/datasets/structural/raw/qrdn/extracted One/test/1733.jpg,qrdn:qr_identity:57,one,0.7026287317276001,tampered,0.2973712384700775,0.06082025542855263,0.6418085098266602,36.944399998901645
ml_training/datasets/structural/raw/qrdn/extracted One/test/1734.jpg,qrdn:qr_identity:57,one,0.6498081684112549,tampered,0.3501918315887451,0.07024935632944107,0.579558789730072,29.35079999951995
ml_training/datasets/structural/raw/qrdn/extracted One/test/1735.jpg,qrdn:qr_identity:57,one,0.9744242429733276,tampered,0.02557574026286602,0.0041612437926232815,0.9702630639076233,28.016600001137704
ml_training/datasets/structural/raw/qrdn/extracted One/test/1736.jpg,qrdn:qr_identity:57,one,0.33596736192703247,clean,0.6640326380729675,0.026016229763627052,0.30995118618011475,32.72280000237515
ml_training/datasets/structural/raw/qrdn/extracted One/test/1737.jpg,qrdn:qr_identity:57,one,0.5572190284729004,clean,0.442781001329422,0.15908290445804596,0.39813610911369324,27.128500001708744
ml_training/datasets/structural/raw/qrdn/extracted One/test/1738.jpg,qrdn:qr_identity:57,one,0.5454483032226562,tampered,0.45455169677734375,0.06387598812580109,0.4815724194049835,28.355200000078185
ml_training/datasets/structural/raw/qrdn/extracted One/test/1739.jpg,qrdn:qr_identity:57,one,0.2642541527748108,clean,0.7357458472251892,0.04397697001695633,0.2202771157026291,29.311499998584623
ml_training/datasets/structural/raw/qrdn/extracted One/test/1740.jpg,qrdn:qr_identity:58,one,0.8809055685997009,tampered,0.11909444630146027,0.04084380716085434,0.8400617241859436,28.30539999922621
ml_training/datasets/structural/raw/qrdn/extracted One/test/1741.jpg,qrdn:qr_identity:58,one,0.4031793475151062,clean,0.5968206524848938,0.14146722853183746,0.26171210408210754,28.42600000076345
ml_training/datasets/structural/raw/qrdn/extracted One/test/1742.jpg,qrdn:qr_identity:58,one,0.622596025466919,tampered,0.37740397453308105,0.04091997072100639,0.5816760659217834,27.355700000043726
ml_training/datasets/structural/raw/qrdn/extracted One/test/1743.jpg,qrdn:qr_identity:58,one,0.6423207521438599,tampered,0.35767924785614014,0.06424317508935928,0.5780776143074036,30.21439999793074
ml_training/datasets/structural/raw/qrdn/extracted One/test/1744.jpg,qrdn:qr_identity:58,one,0.7402905225753784,tampered,0.25970950722694397,0.028559088706970215,0.7117314338684082,27.594899998803157
ml_training/datasets/structural/raw/qrdn/extracted One/test/1745.jpg,qrdn:qr_identity:58,one,0.7545183300971985,tampered,0.2454816848039627,0.049240853637456894,0.7052774429321289,32.209299999522045
ml_training/datasets/structural/raw/qrdn/extracted One/test/1746.jpg,qrdn:qr_identity:58,one,0.9753934741020203,tampered,0.024606497958302498,0.006605056580156088,0.9687883853912354,30.457600001682295
ml_training/datasets/structural/raw/qrdn/extracted One/test/1747.jpg,qrdn:qr_identity:58,one,0.4913761019706726,clean,0.5086238980293274,0.04932105168700218,0.44205501675605774,29.151899998396402
ml_training/datasets/structural/raw/qrdn/extracted One/test/1748.jpg,qrdn:qr_identity:58,one,0.24440056085586548,clean,0.7555994391441345,0.024467451497912407,0.21993309259414673,30.073300000367453
ml_training/datasets/structural/raw/qrdn/extracted One/test/1749.jpg,qrdn:qr_identity:58,one,0.7272688150405884,tampered,0.2727311849594116,0.03868835046887398,0.6885804533958435,29.826999998476822
ml_training/datasets/structural/raw/qrdn/extracted One/test/1750.jpg,qrdn:qr_identity:58,one,0.9623034000396729,tampered,0.03769661486148834,0.010217160917818546,0.9520862102508545,29.247800001030555
ml_training/datasets/structural/raw/qrdn/extracted One/test/1751.jpg,qrdn:qr_identity:58,one,0.6657117605209351,tampered,0.33428820967674255,0.05142127722501755,0.6142904758453369,29.565200002252823
ml_training/datasets/structural/raw/qrdn/extracted One/test/1752.jpg,qrdn:qr_identity:58,one,0.5764291882514954,tampered,0.42357081174850464,0.07627400755882263,0.5001552104949951,34.92440000263741
ml_training/datasets/structural/raw/qrdn/extracted One/test/1753.jpg,qrdn:qr_identity:58,one,0.3405002951622009,clean,0.6594997048377991,0.04912548512220383,0.2913748621940613,27.385099998355145
ml_training/datasets/structural/raw/qrdn/extracted One/test/1754.jpg,qrdn:qr_identity:58,one,0.7384989261627197,tampered,0.2615010440349579,0.1956011950969696,0.5428977608680725,30.87009999944712
ml_training/datasets/structural/raw/qrdn/extracted One/test/1755.jpg,qrdn:qr_identity:58,one,0.3014821410179138,clean,0.6985178589820862,0.05758390948176384,0.2438982129096985,27.960999999777414
ml_training/datasets/structural/raw/qrdn/extracted One/test/1756.jpg,qrdn:qr_identity:58,one,0.9830757975578308,tampered,0.016924191266298294,0.003516135038807988,0.9795596599578857,32.99990000232356
ml_training/datasets/structural/raw/qrdn/extracted One/test/1757.jpg,qrdn:qr_identity:58,one,0.6250355839729309,tampered,0.3749644160270691,0.1097697913646698,0.5152657628059387,26.831300001504133
ml_training/datasets/structural/raw/qrdn/extracted One/test/1758.jpg,qrdn:qr_identity:58,one,0.989339292049408,tampered,0.010660727508366108,0.0043835630640387535,0.9849557280540466,27.985199998511234
ml_training/datasets/structural/raw/qrdn/extracted One/test/1759.jpg,qrdn:qr_identity:58,one,0.7772294878959656,tampered,0.22277049720287323,0.06267764419317245,0.7145518660545349,30.385000001842855
ml_training/datasets/structural/raw/qrdn/extracted One/test/1760.jpg,qrdn:qr_identity:58,one,0.9246028065681458,tampered,0.07539721578359604,0.015174387954175472,0.9094284176826477,27.295600000798004
ml_training/datasets/structural/raw/qrdn/extracted One/test/1761.jpg,qrdn:qr_identity:58,one,0.5081967115402222,clean,0.49180328845977783,0.024697817862033844,0.48349884152412415,28.83289999954286
ml_training/datasets/structural/raw/qrdn/extracted One/test/1762.jpg,qrdn:qr_identity:58,one,0.911525309085846,tampered,0.08847470581531525,0.010569729842245579,0.9009555578231812,27.49760000006063
ml_training/datasets/structural/raw/qrdn/extracted One/test/1763.jpg,qrdn:qr_identity:58,one,0.8233922719955444,tampered,0.17660771310329437,0.022509559988975525,0.8008827567100525,27.8044000006048
ml_training/datasets/structural/raw/qrdn/extracted One/test/1764.jpg,qrdn:qr_identity:58,one,0.8567249178886414,tampered,0.14327506721019745,0.028443608433008194,0.8282813429832458,27.259099999355385
ml_training/datasets/structural/raw/qrdn/extracted One/test/1765.jpg,qrdn:qr_identity:58,one,0.8688697814941406,tampered,0.13113023340702057,0.04485674574971199,0.8240129947662354,29.485199996997835
ml_training/datasets/structural/raw/qrdn/extracted One/test/1766.jpg,qrdn:qr_identity:58,one,0.5282073616981506,tampered,0.47179263830184937,0.0449911393225193,0.483216255903244,33.08599999945727
ml_training/datasets/structural/raw/qrdn/extracted One/test/1767.jpg,qrdn:qr_identity:58,one,0.6187254190444946,tampered,0.38127458095550537,0.08136381953954697,0.5373616218566895,28.48000000085449
ml_training/datasets/structural/raw/qrdn/extracted One/test/1768.jpg,qrdn:qr_identity:58,one,0.6520079374313354,tampered,0.34799209237098694,0.0793699398636818,0.5726379752159119,31.164100000751205
ml_training/datasets/structural/raw/qrdn/extracted One/test/1769.jpg,qrdn:qr_identity:58,one,0.6826196908950806,tampered,0.31738027930259705,0.06677667051553726,0.6158430576324463,27.967900001385715
ml_training/datasets/structural/raw/qrdn/extracted One/test/1770.jpg,qrdn:qr_identity:59,one,0.7532997727394104,tampered,0.2467002123594284,0.04871293157339096,0.7045868635177612,30.017299999599345
ml_training/datasets/structural/raw/qrdn/extracted One/test/1771.jpg,qrdn:qr_identity:59,one,0.5508660078048706,tampered,0.449133962392807,0.08706365525722504,0.46380236744880676,27.863499999511987
ml_training/datasets/structural/raw/qrdn/extracted One/test/1772.jpg,qrdn:qr_identity:59,one,0.4633229374885559,clean,0.5366770625114441,0.03781404346227646,0.42550885677337646,29.71140000227024
ml_training/datasets/structural/raw/qrdn/extracted One/test/1773.jpg,qrdn:qr_identity:59,one,0.8808030486106873,tampered,0.11919695883989334,0.009569305926561356,0.8712337613105774,25.487800001428695
ml_training/datasets/structural/raw/qrdn/extracted One/test/1774.jpg,qrdn:qr_identity:59,one,0.6136718988418579,tampered,0.3863280713558197,0.027992038056254387,0.5856799483299255,30.01629999926081
ml_training/datasets/structural/raw/qrdn/extracted One/test/1775.jpg,qrdn:qr_identity:59,one,0.642085075378418,tampered,0.3579149544239044,0.09162821620702744,0.5504568815231323,31.027199998789
ml_training/datasets/structural/raw/qrdn/extracted One/test/1776.jpg,qrdn:qr_identity:59,one,0.8004004955291748,tampered,0.1995995193719864,0.028142426162958145,0.7722580432891846,27.85319999748026
ml_training/datasets/structural/raw/qrdn/extracted One/test/1777.jpg,qrdn:qr_identity:59,one,0.6437056064605713,tampered,0.3562944233417511,0.03655044734477997,0.6071551442146301,32.86540000044624
ml_training/datasets/structural/raw/qrdn/extracted One/test/1778.jpg,qrdn:qr_identity:59,one,0.5394765138626099,tampered,0.46052348613739014,0.015698647126555443,0.5237778425216675,54.62970000007772
ml_training/datasets/structural/raw/qrdn/extracted One/test/1779.jpg,qrdn:qr_identity:59,one,0.258209228515625,clean,0.741790771484375,0.033018238842487335,0.2251909375190735,28.35419999973965
ml_training/datasets/structural/raw/qrdn/extracted One/test/1780.jpg,qrdn:qr_identity:59,one,0.24596953392028809,clean,0.7540304660797119,0.04509936645627022,0.2008701115846634,26.300400000764057
ml_training/datasets/structural/raw/qrdn/extracted One/test/1781.jpg,qrdn:qr_identity:59,one,0.44366198778152466,clean,0.5563380122184753,0.06581991910934448,0.37784209847450256,33.29229999872041
ml_training/datasets/structural/raw/qrdn/extracted One/test/1782.jpg,qrdn:qr_identity:59,one,0.8708853721618652,tampered,0.12911459803581238,0.029705921187996864,0.8411794900894165,27.035700000851648
ml_training/datasets/structural/raw/qrdn/extracted One/test/1783.jpg,qrdn:qr_identity:59,one,0.583199143409729,tampered,0.416800856590271,0.04710117354989052,0.5360979437828064,29.40149999994901
ml_training/datasets/structural/raw/qrdn/extracted One/test/1784.jpg,qrdn:qr_identity:59,one,0.8890418410301208,tampered,0.11095816642045975,0.06497751921415329,0.824064314365387,31.662000001233537
ml_training/datasets/structural/raw/qrdn/extracted One/test/1785.jpg,qrdn:qr_identity:59,one,0.4044092893600464,clean,0.5955907106399536,0.037782009690999985,0.3666272759437561,34.66939999998431
ml_training/datasets/structural/raw/qrdn/extracted One/test/1786.jpg,qrdn:qr_identity:59,one,0.9885804653167725,tampered,0.011419531889259815,0.0013991356827318668,0.9871813654899597,30.459699999482837
ml_training/datasets/structural/raw/qrdn/extracted One/test/1787.jpg,qrdn:qr_identity:59,one,0.8585155606269836,tampered,0.14148445427417755,0.028846537694334984,0.8296689987182617,34.536899998784065
ml_training/datasets/structural/raw/qrdn/extracted One/test/1788.jpg,qrdn:qr_identity:59,one,0.955341637134552,tampered,0.04465838521718979,0.01559807825833559,0.9397434592247009,32.45070000048145
ml_training/datasets/structural/raw/qrdn/extracted One/test/1789.jpg,qrdn:qr_identity:59,one,0.6605836153030396,tampered,0.33941641449928284,0.06264381855726242,0.5979397892951965,40.401599999313476
ml_training/datasets/structural/raw/qrdn/extracted One/test/1790.jpg,qrdn:qr_identity:59,one,0.7368923425674438,tampered,0.26310765743255615,0.04552556574344635,0.6913667917251587,30.142300001898548
ml_training/datasets/structural/raw/qrdn/extracted One/test/1791.jpg,qrdn:qr_identity:59,one,0.5324703454971313,tampered,0.46752968430519104,0.036327823996543884,0.49614250659942627,30.133899999782443
ml_training/datasets/structural/raw/qrdn/extracted One/test/1792.jpg,qrdn:qr_identity:59,one,0.31093961000442505,clean,0.689060389995575,0.09234682470560074,0.2185928076505661,26.942500000586733
ml_training/datasets/structural/raw/qrdn/extracted One/test/1793.jpg,qrdn:qr_identity:59,one,0.10176479816436768,clean,0.8982352018356323,0.033972617238759995,0.067792147397995,34.14870000051451
ml_training/datasets/structural/raw/qrdn/extracted One/test/1794.jpg,qrdn:qr_identity:59,one,0.5299891233444214,tampered,0.4700108766555786,0.04564950242638588,0.48433956503868103,29.160800000681775
ml_training/datasets/structural/raw/qrdn/extracted One/test/1795.jpg,qrdn:qr_identity:59,one,0.5441429615020752,tampered,0.4558570086956024,0.04230043664574623,0.5018425583839417,30.559099999663886
ml_training/datasets/structural/raw/qrdn/extracted One/test/1796.jpg,qrdn:qr_identity:59,one,0.36843007802963257,clean,0.6315699219703674,0.05577124282717705,0.3126588463783264,28.294399999140296
ml_training/datasets/structural/raw/qrdn/extracted One/test/1797.jpg,qrdn:qr_identity:59,one,0.8156327605247498,tampered,0.18436725437641144,0.020294243469834328,0.79533851146698,26.064000001497334
ml_training/datasets/structural/raw/qrdn/extracted One/test/1798.jpg,qrdn:qr_identity:59,one,0.3252025246620178,clean,0.6747974753379822,0.08617381006479263,0.2390286922454834,31.064599999808706
ml_training/datasets/structural/raw/qrdn/extracted One/test/1799.jpg,qrdn:qr_identity:59,one,0.8414469957351685,tampered,0.15855297446250916,0.017740966752171516,0.8237060904502869,28.688300000794698
ml_training/datasets/structural/raw/qrdn/extracted One/test/1800.jpg,qrdn:qr_identity:60,one,0.8775171637535095,tampered,0.12248281389474869,0.01809384860098362,0.8594233393669128,29.20570000060252
ml_training/datasets/structural/raw/qrdn/extracted One/test/1801.jpg,qrdn:qr_identity:60,one,0.9767090082168579,tampered,0.023291001096367836,0.0028530238196253777,0.9738559126853943,28.098499999032356
ml_training/datasets/structural/raw/qrdn/extracted One/test/1802.jpg,qrdn:qr_identity:60,one,0.666831374168396,tampered,0.333168625831604,0.01724504865705967,0.6495863199234009,31.75810000175261
ml_training/datasets/structural/raw/qrdn/extracted One/test/1803.jpg,qrdn:qr_identity:60,one,0.9457333087921143,tampered,0.054266683757305145,0.006005226634442806,0.9397281408309937,27.456799998617498
ml_training/datasets/structural/raw/qrdn/extracted One/test/1804.jpg,qrdn:qr_identity:60,one,0.8539224863052368,tampered,0.14607754349708557,0.012268811464309692,0.8416536450386047,27.514600002177758
ml_training/datasets/structural/raw/qrdn/extracted One/test/1805.jpg,qrdn:qr_identity:60,one,0.94613116979599,tampered,0.05386880412697792,0.006095120217651129,0.9400360584259033,28.63979999892763
ml_training/datasets/structural/raw/qrdn/extracted One/test/1806.jpg,qrdn:qr_identity:60,one,0.7852464914321899,tampered,0.21475353837013245,0.02782508172094822,0.7574213147163391,28.08819999700063
ml_training/datasets/structural/raw/qrdn/extracted One/test/1807.jpg,qrdn:qr_identity:60,one,0.9128250479698181,tampered,0.08717495948076248,0.008342786692082882,0.9044822454452515,32.608699999400415
ml_training/datasets/structural/raw/qrdn/extracted One/test/1808.jpg,qrdn:qr_identity:60,one,0.9452983140945435,tampered,0.05470168963074684,0.007827552035450935,0.9374707341194153,27.742199999920558
ml_training/datasets/structural/raw/qrdn/extracted One/test/1809.jpg,qrdn:qr_identity:60,one,0.2894608974456787,clean,0.7105391025543213,0.035177409648895264,0.25428345799446106,29.900999998062616
ml_training/datasets/structural/raw/qrdn/extracted One/test/1810.jpg,qrdn:qr_identity:60,one,0.8106217384338379,tampered,0.1893782764673233,0.037853989750146866,0.7727676630020142,30.546899997716537
ml_training/datasets/structural/raw/qrdn/extracted One/test/1811.jpg,qrdn:qr_identity:60,one,0.7561986446380615,tampered,0.24380134046077728,0.029657680541276932,0.7265409827232361,33.295600002020365
ml_training/datasets/structural/raw/qrdn/extracted One/test/1812.jpg,qrdn:qr_identity:60,one,0.8182506561279297,tampered,0.18174932897090912,0.014247236773371696,0.8040034770965576,27.278099998511607
ml_training/datasets/structural/raw/qrdn/extracted One/test/1813.jpg,qrdn:qr_identity:60,one,0.5246965885162354,tampered,0.47530344128608704,0.020339949056506157,0.5043565630912781,34.43599999809521
ml_training/datasets/structural/raw/qrdn/extracted One/test/1814.jpg,qrdn:qr_identity:60,one,0.8734323978424072,tampered,0.12656763195991516,0.015381229110062122,0.8580511212348938,29.845799999748124
ml_training/datasets/structural/raw/qrdn/extracted One/test/1815.jpg,qrdn:qr_identity:60,one,0.5665982961654663,tampered,0.4334016740322113,0.02428450807929039,0.542313814163208,31.836900001508184
ml_training/datasets/structural/raw/qrdn/extracted One/test/1816.jpg,qrdn:qr_identity:60,one,0.9462344646453857,tampered,0.053765542805194855,0.004846634343266487,0.9413878321647644,29.272300002048723
ml_training/datasets/structural/raw/qrdn/extracted One/test/1817.jpg,qrdn:qr_identity:60,one,0.3941643238067627,clean,0.6058356761932373,0.05863839387893677,0.3355259895324707,29.461300000548363
ml_training/datasets/structural/raw/qrdn/extracted One/test/1818.jpg,qrdn:qr_identity:60,one,0.980713963508606,tampered,0.019286030903458595,0.0036199637688696384,0.9770939946174622,34.52049999759765
ml_training/datasets/structural/raw/qrdn/extracted One/test/1819.jpg,qrdn:qr_identity:60,one,0.799358069896698,tampered,0.2006419450044632,0.04711649566888809,0.7522415518760681,28.66800000265357
ml_training/datasets/structural/raw/qrdn/extracted One/test/1820.jpg,qrdn:qr_identity:60,one,0.9635524749755859,tampered,0.03644750639796257,0.002069067442789674,0.9614834189414978,35.03210000053514
ml_training/datasets/structural/raw/qrdn/extracted One/test/1821.jpg,qrdn:qr_identity:60,one,0.7869563102722168,tampered,0.21304365992546082,0.022400114685297012,0.7645562291145325,25.57119999983115
ml_training/datasets/structural/raw/qrdn/extracted One/test/1822.jpg,qrdn:qr_identity:60,one,0.32153332233428955,clean,0.6784666776657104,0.05156390368938446,0.2699693441390991,38.03459999835468
ml_training/datasets/structural/raw/qrdn/extracted One/test/1823.jpg,qrdn:qr_identity:60,one,0.9308470487594604,tampered,0.06915293633937836,0.009379059076309204,0.9214680194854736,30.308199999126373
ml_training/datasets/structural/raw/qrdn/extracted One/test/1824.jpg,qrdn:qr_identity:60,one,0.3506702780723572,clean,0.6493297219276428,0.06285891681909561,0.28781139850616455,35.53200000169454
ml_training/datasets/structural/raw/qrdn/extracted One/test/1825.jpg,qrdn:qr_identity:60,one,0.6589337587356567,tampered,0.34106627106666565,0.016290586441755295,0.6426430940628052,27.118300000438467
ml_training/datasets/structural/raw/qrdn/extracted One/test/1826.jpg,qrdn:qr_identity:60,one,0.5983083248138428,tampered,0.40169164538383484,0.023606454953551292,0.5747019052505493,37.26409999944735
ml_training/datasets/structural/raw/qrdn/extracted One/test/1827.jpg,qrdn:qr_identity:60,one,0.6007339954376221,tampered,0.39926600456237793,0.03652505204081535,0.564208984375,28.438000001187902
ml_training/datasets/structural/raw/qrdn/extracted One/test/1828.jpg,qrdn:qr_identity:60,one,0.24326997995376587,clean,0.7567300200462341,0.042258985340595245,0.20101097226142883,31.046100000821752
ml_training/datasets/structural/raw/qrdn/extracted One/test/1829.jpg,qrdn:qr_identity:60,one,0.5605740547180176,tampered,0.4394259750843048,0.029003411531448364,0.531570553779602,30.44630000295001
ml_training/datasets/structural/raw/qrdn/extracted One/test/1830.jpg,qrdn:qr_identity:61,one,0.9279944896697998,tampered,0.07200552523136139,0.010636424645781517,0.9173580408096313,30.95969999776571
ml_training/datasets/structural/raw/qrdn/extracted One/test/1831.jpg,qrdn:qr_identity:61,one,0.6627222299575806,tampered,0.3372777998447418,0.06332401186227798,0.5993981957435608,28.43639999991865
ml_training/datasets/structural/raw/qrdn/extracted One/test/1832.jpg,qrdn:qr_identity:61,one,0.5391862392425537,tampered,0.4608137905597687,0.014656898565590382,0.5245293378829956,28.706000000966014
ml_training/datasets/structural/raw/qrdn/extracted One/test/1833.jpg,qrdn:qr_identity:61,one,0.9053081274032593,tampered,0.09469189494848251,0.011110471561551094,0.8941975831985474,28.5014000000956
ml_training/datasets/structural/raw/qrdn/extracted One/test/1834.jpg,qrdn:qr_identity:61,one,0.7649683356285095,tampered,0.23503166437149048,0.03331343084573746,0.731654942035675,27.532000000064727
ml_training/datasets/structural/raw/qrdn/extracted One/test/1835.jpg,qrdn:qr_identity:61,one,0.9313291311264038,tampered,0.06867088377475739,0.006817486137151718,0.9245116114616394,33.66699999969569
ml_training/datasets/structural/raw/qrdn/extracted One/test/1836.jpg,qrdn:qr_identity:61,one,0.8243054747581482,tampered,0.1756945252418518,0.032271623611450195,0.792033851146698,30.0427000001946
ml_training/datasets/structural/raw/qrdn/extracted One/test/1837.jpg,qrdn:qr_identity:61,one,0.8892524838447571,tampered,0.11074749380350113,0.01574861817061901,0.8735038638114929,30.462200000329176
ml_training/datasets/structural/raw/qrdn/extracted One/test/1838.jpg,qrdn:qr_identity:61,one,0.956153154373169,tampered,0.04384683445096016,0.009074649773538113,0.94707852602005,26.44239999790443
ml_training/datasets/structural/raw/qrdn/extracted One/test/1839.jpg,qrdn:qr_identity:61,one,0.510308027267456,clean,0.48969200253486633,0.02889091894030571,0.48141705989837646,27.92299999782699
ml_training/datasets/structural/raw/qrdn/extracted One/test/1840.jpg,qrdn:qr_identity:61,one,0.49299919605255127,clean,0.5070008039474487,0.02791532315313816,0.46508386731147766,28.232399999978952
ml_training/datasets/structural/raw/qrdn/extracted One/test/1841.jpg,qrdn:qr_identity:61,one,0.49452686309814453,clean,0.5054731369018555,0.061960142105817795,0.43256673216819763,27.89899999697809
ml_training/datasets/structural/raw/qrdn/extracted One/test/1842.jpg,qrdn:qr_identity:61,one,0.5162968039512634,clean,0.4837031960487366,0.046911947429180145,0.4693848490715027,31.011800001579104
ml_training/datasets/structural/raw/qrdn/extracted One/test/1843.jpg,qrdn:qr_identity:61,one,0.7259432673454285,tampered,0.27405673265457153,0.014425711706280708,0.7115175127983093,27.472300000226824
ml_training/datasets/structural/raw/qrdn/extracted One/test/1844.jpg,qrdn:qr_identity:61,one,0.9634115099906921,tampered,0.03658847510814667,0.003940227907150984,0.9594713449478149,37.79750000103377
ml_training/datasets/structural/raw/qrdn/extracted One/test/1845.jpg,qrdn:qr_identity:61,one,0.5248126983642578,tampered,0.4751872718334198,0.012499934062361717,0.5123128294944763,29.482400001143105
ml_training/datasets/structural/raw/qrdn/extracted One/test/1846.jpg,qrdn:qr_identity:61,one,0.9915143251419067,tampered,0.008485684171319008,0.0005808534915558994,0.9909334182739258,33.5873999974865
ml_training/datasets/structural/raw/qrdn/extracted One/test/1847.jpg,qrdn:qr_identity:61,one,0.4417058825492859,clean,0.5582941174507141,0.030121196061372757,0.4115847051143646,27.689900001860224
ml_training/datasets/structural/raw/qrdn/extracted One/test/1848.jpg,qrdn:qr_identity:61,one,0.9773271679878235,tampered,0.022672835737466812,0.0015170312253758311,0.9758101105690002,33.12000000005355
ml_training/datasets/structural/raw/qrdn/extracted One/test/1849.jpg,qrdn:qr_identity:61,one,0.7255820035934448,tampered,0.2744179666042328,0.037576306611299515,0.6880056858062744,26.509200000873534
ml_training/datasets/structural/raw/qrdn/extracted One/test/1850.jpg,qrdn:qr_identity:61,one,0.9769066572189331,tampered,0.023093331605196,0.00259320717304945,0.9743134379386902,29.48859999742126
ml_training/datasets/structural/raw/qrdn/extracted One/test/1851.jpg,qrdn:qr_identity:61,one,0.7541515827178955,tampered,0.2458484172821045,0.01847870647907257,0.7356728315353394,26.48629999748664
ml_training/datasets/structural/raw/qrdn/extracted One/test/1852.jpg,qrdn:qr_identity:61,one,0.4939752221107483,clean,0.5060247778892517,0.03568798676133156,0.4582872688770294,27.72460000051069
ml_training/datasets/structural/raw/qrdn/extracted One/test/1853.jpg,qrdn:qr_identity:61,one,0.9257246851921082,tampered,0.07427530735731125,0.005917288362979889,0.9198074340820312,34.06069999982719
ml_training/datasets/structural/raw/qrdn/extracted One/test/1854.jpg,qrdn:qr_identity:61,one,0.9089628458023071,tampered,0.09103716164827347,0.0181106124073267,0.890852153301239,24.9565000012808
ml_training/datasets/structural/raw/qrdn/extracted One/test/1855.jpg,qrdn:qr_identity:61,one,0.6242067813873291,tampered,0.3757931888103485,0.025498660281300545,0.5987081527709961,30.710199996974552
ml_training/datasets/structural/raw/qrdn/extracted One/test/1856.jpg,qrdn:qr_identity:61,one,0.9012610912322998,tampered,0.09873892366886139,0.026533734053373337,0.8747273087501526,31.616899999789894
ml_training/datasets/structural/raw/qrdn/extracted One/test/1857.jpg,qrdn:qr_identity:61,one,0.40949583053588867,clean,0.5905041694641113,0.04707679525017738,0.3624190390110016,29.567099998530466
ml_training/datasets/structural/raw/qrdn/extracted One/test/1858.jpg,qrdn:qr_identity:61,one,0.6226738691329956,tampered,0.3773261308670044,0.05622453615069389,0.5664493441581726,25.49699999872246
ml_training/datasets/structural/raw/qrdn/extracted One/test/1859.jpg,qrdn:qr_identity:61,one,0.4676784873008728,clean,0.5323215126991272,0.023305902257561684,0.44437259435653687,29.276599998411257
ml_training/datasets/structural/raw/qrdn/extracted One/test/1860.jpg,qrdn:qr_identity:62,one,0.917509913444519,tampered,0.08249007165431976,0.00909434910863638,0.9084155559539795,29.233199998998316
ml_training/datasets/structural/raw/qrdn/extracted One/test/1861.jpg,qrdn:qr_identity:62,one,0.9414845705032349,tampered,0.058515410870313644,0.004905447363853455,0.936579167842865,29.787199997372227
ml_training/datasets/structural/raw/qrdn/extracted One/test/1862.jpg,qrdn:qr_identity:62,one,0.8517851233482361,tampered,0.14821486175060272,0.006800718605518341,0.8449844121932983,29.937600000266684
ml_training/datasets/structural/raw/qrdn/extracted One/test/1863.jpg,qrdn:qr_identity:62,one,0.7844300866127014,tampered,0.21556991338729858,0.02413538657128811,0.7602946758270264,27.958099999523256
ml_training/datasets/structural/raw/qrdn/extracted One/test/1864.jpg,qrdn:qr_identity:62,one,0.8363862037658691,tampered,0.16361381113529205,0.01473152544349432,0.8216546773910522,30.153399999107933
ml_training/datasets/structural/raw/qrdn/extracted One/test/1865.jpg,qrdn:qr_identity:62,one,0.9908194541931152,tampered,0.009180520661175251,0.001213484792970121,0.9896060228347778,26.01700000013807
ml_training/datasets/structural/raw/qrdn/extracted One/test/1866.jpg,qrdn:qr_identity:62,one,0.42928940057754517,clean,0.5707105994224548,0.04088315740227699,0.38840630650520325,29.20289999747183
ml_training/datasets/structural/raw/qrdn/extracted One/test/1867.jpg,qrdn:qr_identity:62,one,0.985519528388977,tampered,0.0144804697483778,0.0016088052652776241,0.9839106798171997,27.31839999978547
ml_training/datasets/structural/raw/qrdn/extracted One/test/1868.jpg,qrdn:qr_identity:62,one,0.7558577656745911,tampered,0.24414224922657013,0.022608473896980286,0.733249306678772,28.027800002746517
ml_training/datasets/structural/raw/qrdn/extracted One/test/1869.jpg,qrdn:qr_identity:62,one,0.8256593942642212,tampered,0.1743406355381012,0.021727057173848152,0.803932249546051,31.001999999716645
ml_training/datasets/structural/raw/qrdn/extracted One/test/1870.jpg,qrdn:qr_identity:62,one,0.39471590518951416,clean,0.6052840948104858,0.044401634484529495,0.35031425952911377,26.410300000861753
ml_training/datasets/structural/raw/qrdn/extracted One/test/1871.jpg,qrdn:qr_identity:62,one,0.3939003348350525,clean,0.6060996651649475,0.03801553696393967,0.3558847904205322,35.110199998598546
ml_training/datasets/structural/raw/qrdn/extracted One/test/1872.jpg,qrdn:qr_identity:62,one,0.8451701402664185,tampered,0.15482985973358154,0.02782522886991501,0.8173449039459229,27.36469999945257
ml_training/datasets/structural/raw/qrdn/extracted One/test/1873.jpg,qrdn:qr_identity:62,one,0.8721674680709839,tampered,0.1278325617313385,0.01136741042137146,0.86080002784729,28.279899997869506
ml_training/datasets/structural/raw/qrdn/extracted One/test/1874.jpg,qrdn:qr_identity:62,one,0.9583030343055725,tampered,0.0416969433426857,0.002746932441368699,0.9555560946464539,29.439000001730165
ml_training/datasets/structural/raw/qrdn/extracted One/test/1875.jpg,qrdn:qr_identity:62,one,0.383125901222229,clean,0.616874098777771,0.031269513070583344,0.3518563508987427,28.56900000188034
ml_training/datasets/structural/raw/qrdn/extracted One/test/1876.jpg,qrdn:qr_identity:62,one,0.8692041635513306,tampered,0.13079585134983063,0.0038892515003681183,0.8653148412704468,30.936500003008405
ml_training/datasets/structural/raw/qrdn/extracted One/test/1877.jpg,qrdn:qr_identity:62,one,0.43864768743515015,clean,0.5613523125648499,0.022672463208436966,0.4159751534461975,27.015399999072542
ml_training/datasets/structural/raw/qrdn/extracted One/test/1878.jpg,qrdn:qr_identity:62,one,0.801437258720398,tampered,0.19856271147727966,0.011004128493368626,0.7904331684112549,32.02640000017709
ml_training/datasets/structural/raw/qrdn/extracted One/test/1879.jpg,qrdn:qr_identity:62,one,0.9023943543434143,tampered,0.09760566055774689,0.016225729137659073,0.8861685395240784,27.086999998573447
ml_training/datasets/structural/raw/qrdn/extracted One/test/1880.jpg,qrdn:qr_identity:62,one,0.9881756901741028,tampered,0.01182429026812315,0.0021943673491477966,0.9859813451766968,28.38750000228174
ml_training/datasets/structural/raw/qrdn/extracted One/test/1881.jpg,qrdn:qr_identity:62,one,0.9332573413848877,tampered,0.0667426809668541,0.006299063563346863,0.9269582629203796,27.852400002302602
ml_training/datasets/structural/raw/qrdn/extracted One/test/1882.jpg,qrdn:qr_identity:62,one,0.5615373849868774,tampered,0.43846264481544495,0.026081714779138565,0.535455584526062,28.054700000211596
ml_training/datasets/structural/raw/qrdn/extracted One/test/1883.jpg,qrdn:qr_identity:62,one,0.8709065914154053,tampered,0.12909343838691711,0.015454563312232494,0.8554520606994629,29.24939999866183
ml_training/datasets/structural/raw/qrdn/extracted One/test/1884.jpg,qrdn:qr_identity:62,one,0.18202108144760132,clean,0.8179789185523987,0.036491647362709045,0.14552946388721466,27.152900001965463
ml_training/datasets/structural/raw/qrdn/extracted One/test/1885.jpg,qrdn:qr_identity:62,one,0.5934001803398132,tampered,0.40659981966018677,0.034716829657554626,0.5586833953857422,32.53219999896828
ml_training/datasets/structural/raw/qrdn/extracted One/test/1886.jpg,qrdn:qr_identity:62,one,0.9942426681518555,tampered,0.0057573337107896805,0.0008529203478246927,0.9933897256851196,26.862000002438435
ml_training/datasets/structural/raw/qrdn/extracted One/test/1887.jpg,qrdn:qr_identity:62,one,0.3638725280761719,clean,0.6361274719238281,0.03682991862297058,0.3270425498485565,28.66349999749218
ml_training/datasets/structural/raw/qrdn/extracted One/test/1888.jpg,qrdn:qr_identity:62,one,0.560140073299408,tampered,0.43985992670059204,0.0476694330573082,0.5124706029891968,27.91119999892544
ml_training/datasets/structural/raw/qrdn/extracted One/test/1889.jpg,qrdn:qr_identity:62,one,0.5366798639297485,tampered,0.46332016587257385,0.01792992651462555,0.5187498927116394,29.598200002510566
ml_training/datasets/structural/raw/qrdn/extracted One/test/1890.jpg,qrdn:qr_identity:63,one,0.9531617760658264,tampered,0.04683820903301239,0.008594293147325516,0.9445675611495972,29.966900001454633
ml_training/datasets/structural/raw/qrdn/extracted One/test/1891.jpg,qrdn:qr_identity:63,one,0.8839759826660156,tampered,0.11602399498224258,0.010113985277712345,0.8738620281219482,33.07590000258642
ml_training/datasets/structural/raw/qrdn/extracted One/test/1892.jpg,qrdn:qr_identity:63,one,0.9609925746917725,tampered,0.03900745138525963,0.004248675890266895,0.9567438960075378,33.14640000098734
ml_training/datasets/structural/raw/qrdn/extracted One/test/1893.jpg,qrdn:qr_identity:63,one,0.9157838225364685,tampered,0.0842161700129509,0.008550704456865788,0.9072331786155701,29.094999998051208
ml_training/datasets/structural/raw/qrdn/extracted One/test/1894.jpg,qrdn:qr_identity:63,one,0.945478618144989,tampered,0.054521381855010986,0.00362392864190042,0.9418546557426453,29.26360000128625
ml_training/datasets/structural/raw/qrdn/extracted One/test/1895.jpg,qrdn:qr_identity:63,one,0.934910237789154,tampered,0.06508977711200714,0.010174998082220554,0.9247352480888367,29.35359999901266
ml_training/datasets/structural/raw/qrdn/extracted One/test/1896.jpg,qrdn:qr_identity:63,one,0.7822200059890747,tampered,0.2177799940109253,0.05520786717534065,0.7270121574401855,38.710699998773634
ml_training/datasets/structural/raw/qrdn/extracted One/test/1897.jpg,qrdn:qr_identity:63,one,0.9256452322006226,tampered,0.07435475289821625,0.010413371957838535,0.9152318835258484,30.902300000889227
ml_training/datasets/structural/raw/qrdn/extracted One/test/1898.jpg,qrdn:qr_identity:63,one,0.9250741600990295,tampered,0.07492585480213165,0.016786957159638405,0.9082871675491333,35.79549999994924
ml_training/datasets/structural/raw/qrdn/extracted One/test/1899.jpg,qrdn:qr_identity:63,one,0.5540043115615845,tampered,0.4459957182407379,0.0231546051800251,0.5308496356010437,27.90839999943273
ml_training/datasets/structural/raw/qrdn/extracted One/test/1900.jpg,qrdn:qr_identity:63,one,0.7579657435417175,tampered,0.24203427135944366,0.015427167527377605,0.742538571357727,31.277800000680145
ml_training/datasets/structural/raw/qrdn/extracted One/test/1901.jpg,qrdn:qr_identity:63,one,0.49964064359664917,clean,0.5003593564033508,0.04994944855570793,0.44969120621681213,30.418499998631887
ml_training/datasets/structural/raw/qrdn/extracted One/test/1902.jpg,qrdn:qr_identity:63,one,0.9619080424308777,tampered,0.03809197619557381,0.0044133928604424,0.9574946761131287,28.601699999853736
ml_training/datasets/structural/raw/qrdn/extracted One/test/1903.jpg,qrdn:qr_identity:63,one,0.5241337418556213,tampered,0.47586625814437866,0.01907944679260254,0.5050543546676636,30.82150000045658
ml_training/datasets/structural/raw/qrdn/extracted One/test/1904.jpg,qrdn:qr_identity:63,one,0.9850137233734131,tampered,0.014986271038651466,0.0012190695852041245,0.9837946891784668,28.391199997713557
ml_training/datasets/structural/raw/qrdn/extracted One/test/1905.jpg,qrdn:qr_identity:63,one,0.7137289643287659,tampered,0.28627103567123413,0.04450958967208862,0.6692193746566772,30.340700002852827
ml_training/datasets/structural/raw/qrdn/extracted One/test/1906.jpg,qrdn:qr_identity:63,one,0.9791024327278137,tampered,0.02089758776128292,0.0015159806935116649,0.9775865077972412,29.474400002072798
ml_training/datasets/structural/raw/qrdn/extracted One/test/1907.jpg,qrdn:qr_identity:63,one,0.8721215724945068,tampered,0.12787839770317078,0.013986491598188877,0.8581351041793823,30.41740000116988
ml_training/datasets/structural/raw/qrdn/extracted One/test/1908.jpg,qrdn:qr_identity:63,one,0.9842314124107361,tampered,0.01576859876513481,0.002719667972996831,0.9815117716789246,29.698199999984354
ml_training/datasets/structural/raw/qrdn/extracted One/test/1909.jpg,qrdn:qr_identity:63,one,0.9066131114959717,tampered,0.09338685870170593,0.014585863798856735,0.8920271992683411,31.492599999182858
ml_training/datasets/structural/raw/qrdn/extracted One/test/1910.jpg,qrdn:qr_identity:63,one,0.9900391101837158,tampered,0.009960866533219814,0.0009935449343174696,0.9890456199645996,30.6572999979835
ml_training/datasets/structural/raw/qrdn/extracted One/test/1911.jpg,qrdn:qr_identity:63,one,0.9645887017250061,tampered,0.035411298274993896,0.0050204540602862835,0.9595682621002197,33.844600002339575
ml_training/datasets/structural/raw/qrdn/extracted One/test/1912.jpg,qrdn:qr_identity:63,one,0.8945389986038208,tampered,0.1054610088467598,0.006653002463281155,0.8878859281539917,27.667400001519127
ml_training/datasets/structural/raw/qrdn/extracted One/test/1913.jpg,qrdn:qr_identity:63,one,0.8279505968093872,tampered,0.17204943299293518,0.015743857249617577,0.8122066855430603,33.21970000251895
ml_training/datasets/structural/raw/qrdn/extracted One/test/1914.jpg,qrdn:qr_identity:63,one,0.4788145422935486,clean,0.5211854577064514,0.07802803814411163,0.40078651905059814,30.25770000022021
ml_training/datasets/structural/raw/qrdn/extracted One/test/1915.jpg,qrdn:qr_identity:63,one,0.8890812397003174,tampered,0.11091874539852142,0.010006805881857872,0.8790743947029114,29.472199999872828
ml_training/datasets/structural/raw/qrdn/extracted One/test/1916.jpg,qrdn:qr_identity:63,one,0.8454192876815796,tampered,0.15458068251609802,0.007234636228531599,0.8381847143173218,29.53490000072634
ml_training/datasets/structural/raw/qrdn/extracted One/test/1917.jpg,qrdn:qr_identity:63,one,0.9604165554046631,tampered,0.039583444595336914,0.005090969614684582,0.9553256034851074,27.917399998841574
ml_training/datasets/structural/raw/qrdn/extracted One/test/1918.jpg,qrdn:qr_identity:63,one,0.7760493159294128,tampered,0.22395066916942596,0.030694136396050453,0.7453552484512329,28.424500000255648
ml_training/datasets/structural/raw/qrdn/extracted One/test/1919.jpg,qrdn:qr_identity:63,one,0.8675327301025391,tampered,0.13246728479862213,0.010302179493010044,0.857230544090271,25.783799999771873
ml_training/datasets/structural/raw/qrdn/extracted One/test/1920.jpg,qrdn:qr_identity:64,one,0.9225037097930908,tampered,0.07749626785516739,0.01573573797941208,0.9067680239677429,26.502400000026682
ml_training/datasets/structural/raw/qrdn/extracted One/test/1921.jpg,qrdn:qr_identity:64,one,0.5537033081054688,tampered,0.44629672169685364,0.07991434633731842,0.473788857460022,25.67769999950542
ml_training/datasets/structural/raw/qrdn/extracted One/test/1922.jpg,qrdn:qr_identity:64,one,0.8344905376434326,tampered,0.16550949215888977,0.015106691047549248,0.8193838000297546,30.302800001663854
ml_training/datasets/structural/raw/qrdn/extracted One/test/1923.jpg,qrdn:qr_identity:64,one,0.8837231993675232,tampered,0.11627678573131561,0.00719031086191535,0.8765329718589783,28.32699999999022
ml_training/datasets/structural/raw/qrdn/extracted One/test/1924.jpg,qrdn:qr_identity:64,one,0.7994171977043152,tampered,0.20058280229568481,0.020338326692581177,0.7790789008140564,31.970100000762613
ml_training/datasets/structural/raw/qrdn/extracted One/test/1925.jpg,qrdn:qr_identity:64,one,0.9876054525375366,tampered,0.012394525110721588,0.001698650885373354,0.9859068393707275,35.722199998417636
ml_training/datasets/structural/raw/qrdn/extracted One/test/1926.jpg,qrdn:qr_identity:64,one,0.8174653053283691,tampered,0.18253472447395325,0.04254604130983353,0.7749192714691162,31.211900000926107
ml_training/datasets/structural/raw/qrdn/extracted One/test/1927.jpg,qrdn:qr_identity:64,one,0.9521416425704956,tampered,0.04785838723182678,0.004960858263075352,0.9471807479858398,33.2090000010794
ml_training/datasets/structural/raw/qrdn/extracted One/test/1928.jpg,qrdn:qr_identity:64,one,0.9043960571289062,tampered,0.09560392051935196,0.01075727678835392,0.8936387896537781,28.72199999910663
ml_training/datasets/structural/raw/qrdn/extracted One/test/1929.jpg,qrdn:qr_identity:64,one,0.39691734313964844,clean,0.6030826568603516,0.06082458049058914,0.3360927700996399,34.71019999778946
ml_training/datasets/structural/raw/qrdn/extracted One/test/1930.jpg,qrdn:qr_identity:64,one,0.3487151861190796,clean,0.6512848138809204,0.0689961165189743,0.2797190845012665,28.299900001002243
ml_training/datasets/structural/raw/qrdn/extracted One/test/1931.jpg,qrdn:qr_identity:64,one,0.697898805141449,tampered,0.302101194858551,0.03088170476257801,0.6670170426368713,43.7275000003865
ml_training/datasets/structural/raw/qrdn/extracted One/test/1932.jpg,qrdn:qr_identity:64,one,0.8799794912338257,tampered,0.1200205385684967,0.01747046411037445,0.86250901222229,26.586600000882754
ml_training/datasets/structural/raw/qrdn/extracted One/test/1933.jpg,qrdn:qr_identity:64,one,0.5326410531997681,tampered,0.46735891699790955,0.02043803595006466,0.5122030377388,31.251899999915622
ml_training/datasets/structural/raw/qrdn/extracted One/test/1934.jpg,qrdn:qr_identity:64,one,0.9436904788017273,tampered,0.056309547275304794,0.0066253566183149815,0.9370651245117188,25.65379999941797
ml_training/datasets/structural/raw/qrdn/extracted One/test/1935.jpg,qrdn:qr_identity:64,one,0.5150185823440552,tampered,0.4849814176559448,0.021528800949454308,0.4934898018836975,32.80120000272291
ml_training/datasets/structural/raw/qrdn/extracted One/test/1936.jpg,qrdn:qr_identity:64,one,0.9732499122619629,tampered,0.02675008401274681,0.001666257856413722,0.9715837240219116,30.562100000679493
ml_training/datasets/structural/raw/qrdn/extracted One/test/1937.jpg,qrdn:qr_identity:64,one,0.9441737532615662,tampered,0.05582622066140175,0.004721036180853844,0.9394527077674866,34.37290000147186
ml_training/datasets/structural/raw/qrdn/extracted One/test/1938.jpg,qrdn:qr_identity:64,one,0.9181126356124878,tampered,0.081887386739254,0.006789826788008213,0.911322832107544,27.728799999749754
ml_training/datasets/structural/raw/qrdn/extracted One/test/1939.jpg,qrdn:qr_identity:64,one,0.7682040929794312,tampered,0.23179590702056885,0.028954293578863144,0.7392497658729553,29.26359999764827
ml_training/datasets/structural/raw/qrdn/extracted One/test/1940.jpg,qrdn:qr_identity:64,one,0.9757346510887146,tampered,0.024265358224511147,0.0027958692517131567,0.9729387760162354,28.734600000461796
ml_training/datasets/structural/raw/qrdn/extracted One/test/1941.jpg,qrdn:qr_identity:64,one,0.9210002422332764,tampered,0.07899978011846542,0.009481804445385933,0.911518394947052,27.403300002333708
ml_training/datasets/structural/raw/qrdn/extracted One/test/1942.jpg,qrdn:qr_identity:64,one,0.861178994178772,tampered,0.13882097601890564,0.027180688455700874,0.8339983224868774,31.07149999777903
ml_training/datasets/structural/raw/qrdn/extracted One/test/1943.jpg,qrdn:qr_identity:64,one,0.9405081272125244,tampered,0.05949189141392708,0.0044674742966890335,0.9360406398773193,28.142300001491094
ml_training/datasets/structural/raw/qrdn/extracted One/test/1944.jpg,qrdn:qr_identity:64,one,0.1843634843826294,clean,0.8156365156173706,0.044972579926252365,0.1393909603357315,32.187600001634564
ml_training/datasets/structural/raw/qrdn/extracted One/test/1945.jpg,qrdn:qr_identity:64,one,0.5266745090484619,clean,0.4733254611492157,0.05473678559064865,0.47193774580955505,26.83969999998226
ml_training/datasets/structural/raw/qrdn/extracted One/test/1946.jpg,qrdn:qr_identity:64,one,0.8295382261276245,tampered,0.17046180367469788,0.021432993933558464,0.8081052303314209,26.484699999855366
ml_training/datasets/structural/raw/qrdn/extracted One/test/1947.jpg,qrdn:qr_identity:64,one,0.3410830497741699,clean,0.6589169502258301,0.06154084950685501,0.27954211831092834,29.105800000252202
ml_training/datasets/structural/raw/qrdn/extracted One/test/1948.jpg,qrdn:qr_identity:64,one,0.7104008793830872,tampered,0.28959912061691284,0.05241852253675461,0.657982349395752,27.888299999176525
ml_training/datasets/structural/raw/qrdn/extracted One/test/1949.jpg,qrdn:qr_identity:64,one,0.575819194316864,tampered,0.424180805683136,0.042296458035707474,0.5335227251052856,29.896099997131387
ml_training/datasets/structural/raw/qrdn/extracted One/test/1950.jpg,qrdn:qr_identity:65,one,0.8370870351791382,tampered,0.16291296482086182,0.01928923837840557,0.8177977800369263,29.622400001244387
ml_training/datasets/structural/raw/qrdn/extracted One/test/1951.jpg,qrdn:qr_identity:65,one,0.9214282035827637,tampered,0.07857179641723633,0.01186363585293293,0.9095645546913147,34.79990000050748
ml_training/datasets/structural/raw/qrdn/extracted One/test/1952.jpg,qrdn:qr_identity:65,one,0.5992522835731506,tampered,0.40074771642684937,0.02176418900489807,0.577488124370575,32.98759999961476
ml_training/datasets/structural/raw/qrdn/extracted One/test/1953.jpg,qrdn:qr_identity:65,one,0.8782823085784912,tampered,0.12171771377325058,0.012673011049628258,0.8656092286109924,34.35679999893182
ml_training/datasets/structural/raw/qrdn/extracted One/test/1954.jpg,qrdn:qr_identity:65,one,0.5219557285308838,tampered,0.4780442416667938,0.030966902151703835,0.4909888803958893,31.340900000941474
ml_training/datasets/structural/raw/qrdn/extracted One/test/1955.jpg,qrdn:qr_identity:65,one,0.9750592708587646,tampered,0.02494072914123535,0.0031277162488549948,0.971931517124176,32.501999998203246
ml_training/datasets/structural/raw/qrdn/extracted One/test/1956.jpg,qrdn:qr_identity:65,one,0.809537410736084,tampered,0.19046257436275482,0.05969800427556038,0.7498394250869751,31.79939999972703
ml_training/datasets/structural/raw/qrdn/extracted One/test/1957.jpg,qrdn:qr_identity:65,one,0.9120275974273682,tampered,0.08797243237495422,0.008023541420698166,0.9040040373802185,30.63529999781167
ml_training/datasets/structural/raw/qrdn/extracted One/test/1958.jpg,qrdn:qr_identity:65,one,0.896225094795227,tampered,0.10377489775419235,0.014565739780664444,0.8816593885421753,29.340299999603303
ml_training/datasets/structural/raw/qrdn/extracted One/test/1959.jpg,qrdn:qr_identity:65,one,0.513858437538147,clean,0.486141562461853,0.039091724902391434,0.47476664185523987,33.27559999888763
ml_training/datasets/structural/raw/qrdn/extracted One/test/1960.jpg,qrdn:qr_identity:65,one,0.5757885575294495,tampered,0.42421144247055054,0.05062684789299965,0.5251616835594177,27.507999999215826
ml_training/datasets/structural/raw/qrdn/extracted One/test/1961.jpg,qrdn:qr_identity:65,one,0.5801565647125244,tampered,0.419843465089798,0.08167752623558044,0.4984790086746216,29.30750000086846
ml_training/datasets/structural/raw/qrdn/extracted One/test/1962.jpg,qrdn:qr_identity:65,one,0.8309859037399292,tampered,0.1690140962600708,0.01519005186855793,0.8157957792282104,27.638900002784794
ml_training/datasets/structural/raw/qrdn/extracted One/test/1963.jpg,qrdn:qr_identity:65,one,0.3832849860191345,clean,0.6167150139808655,0.04595213010907173,0.3373328149318695,25.16059999834397
ml_training/datasets/structural/raw/qrdn/extracted One/test/1964.jpg,qrdn:qr_identity:65,one,0.8519184589385986,tampered,0.14808154106140137,0.00880630873143673,0.8431121706962585,31.282100000680657
ml_training/datasets/structural/raw/qrdn/extracted One/test/1965.jpg,qrdn:qr_identity:65,one,0.7978190183639526,tampered,0.20218096673488617,0.014057682827115059,0.7837613821029663,26.163499998801854
ml_training/datasets/structural/raw/qrdn/extracted One/test/1966.jpg,qrdn:qr_identity:65,one,0.952184796333313,tampered,0.04781521484255791,0.0012778666568920016,0.9509069323539734,35.96580000157701
ml_training/datasets/structural/raw/qrdn/extracted One/test/1967.jpg,qrdn:qr_identity:65,one,0.47327178716659546,clean,0.5267282128334045,0.034357503056526184,0.4389142692089081,27.799399998912122
ml_training/datasets/structural/raw/qrdn/extracted One/test/1968.jpg,qrdn:qr_identity:65,one,0.9519064426422119,tampered,0.04809356480836868,0.005817709024995565,0.9460886716842651,28.379899998981273
ml_training/datasets/structural/raw/qrdn/extracted One/test/1969.jpg,qrdn:qr_identity:65,one,0.8456233143806458,tampered,0.15437667071819305,0.021704591810703278,0.8239187002182007,28.360600001178682
ml_training/datasets/structural/raw/qrdn/extracted One/test/1970.jpg,qrdn:qr_identity:65,one,0.9489358067512512,tampered,0.05106420814990997,0.005255433730781078,0.9436804056167603,28.06079999936628
ml_training/datasets/structural/raw/qrdn/extracted One/test/1971.jpg,qrdn:qr_identity:65,one,0.8205868601799011,tampered,0.17941313982009888,0.017513684928417206,0.8030732274055481,27.369899999030167
ml_training/datasets/structural/raw/qrdn/extracted One/test/1972.jpg,qrdn:qr_identity:65,one,0.29453903436660767,clean,0.7054609656333923,0.10758262872695923,0.18695634603500366,26.318300002458273
ml_training/datasets/structural/raw/qrdn/extracted One/test/1973.jpg,qrdn:qr_identity:65,one,0.8898111581802368,tampered,0.11018886417150497,0.012748989276587963,0.8770621418952942,27.698699999746168
ml_training/datasets/structural/raw/qrdn/extracted One/test/1974.jpg,qrdn:qr_identity:65,one,0.6718628406524658,tampered,0.32813718914985657,0.054154254496097565,0.6177085638046265,26.626900002156617
ml_training/datasets/structural/raw/qrdn/extracted One/test/1975.jpg,qrdn:qr_identity:65,one,0.31796109676361084,clean,0.6820389032363892,0.048171792179346085,0.26978930830955505,26.553099996817764
ml_training/datasets/structural/raw/qrdn/extracted One/test/1976.jpg,qrdn:qr_identity:65,one,0.5684244632720947,tampered,0.43157556653022766,0.040197569876909256,0.528226912021637,28.893999999127118
ml_training/datasets/structural/raw/qrdn/extracted One/test/1977.jpg,qrdn:qr_identity:65,one,0.38276422023773193,clean,0.6172357797622681,0.06522192806005478,0.3175422251224518,28.28339999905438
ml_training/datasets/structural/raw/qrdn/extracted One/test/1978.jpg,qrdn:qr_identity:65,one,0.21575188636779785,clean,0.7842481136322021,0.05350826308131218,0.16224364936351776,32.89910000239615
ml_training/datasets/structural/raw/qrdn/extracted One/test/1979.jpg,qrdn:qr_identity:65,one,0.5016636848449707,clean,0.4983363151550293,0.013372406363487244,0.48829126358032227,32.41600000183098
ml_training/datasets/structural/raw/qrdn/extracted One/test/1980.jpg,qrdn:qr_identity:66,one,0.949700653553009,tampered,0.05029934272170067,0.0071674226783216,0.9425332546234131,35.57189999992261
ml_training/datasets/structural/raw/qrdn/extracted One/test/1981.jpg,qrdn:qr_identity:66,one,0.8850933909416199,tampered,0.11490660160779953,0.014240343123674393,0.870853066444397,34.41190000012284
ml_training/datasets/structural/raw/qrdn/extracted One/test/1982.jpg,qrdn:qr_identity:66,one,0.9852100610733032,tampered,0.014789960347115993,0.0015869027702137828,0.983623206615448,29.83680000033928
ml_training/datasets/structural/raw/qrdn/extracted One/test/1983.jpg,qrdn:qr_identity:66,one,0.9486199617385864,tampered,0.051380008459091187,0.007157580461353064,0.9414623975753784,25.642300002800766
ml_training/datasets/structural/raw/qrdn/extracted One/test/1984.jpg,qrdn:qr_identity:66,one,0.8883286118507385,tampered,0.11167139559984207,0.011586125008761883,0.8767424821853638,30.14430000257562
ml_training/datasets/structural/raw/qrdn/extracted One/test/1985.jpg,qrdn:qr_identity:66,one,0.9478505849838257,tampered,0.05214943364262581,0.005440721288323402,0.942409873008728,30.43679999973392
ml_training/datasets/structural/raw/qrdn/extracted One/test/1986.jpg,qrdn:qr_identity:66,one,0.9024868607521057,tampered,0.09751316159963608,0.01233594585210085,0.8901508450508118,31.274999997549457
ml_training/datasets/structural/raw/qrdn/extracted One/test/1987.jpg,qrdn:qr_identity:66,one,0.9214802980422974,tampered,0.07851972430944443,0.006364420056343079,0.9151158332824707,30.16599999682512
ml_training/datasets/structural/raw/qrdn/extracted One/test/1988.jpg,qrdn:qr_identity:66,one,0.9100289344787598,tampered,0.08997107297182083,0.006353428587317467,0.9036754965782166,28.928800002177013
ml_training/datasets/structural/raw/qrdn/extracted One/test/1989.jpg,qrdn:qr_identity:66,one,0.24727916717529297,clean,0.752720832824707,0.02210509218275547,0.22517400979995728,31.17249999922933
ml_training/datasets/structural/raw/qrdn/extracted One/test/1990.jpg,qrdn:qr_identity:66,one,0.3540116548538208,clean,0.6459883451461792,0.05836281180381775,0.2956487834453583,29.598600001918385
ml_training/datasets/structural/raw/qrdn/extracted One/test/1991.jpg,qrdn:qr_identity:66,one,0.33582037687301636,clean,0.6641796231269836,0.07337295264005661,0.2624474763870239,29.84920000017155
ml_training/datasets/structural/raw/qrdn/extracted One/test/1992.jpg,qrdn:qr_identity:66,one,0.8512861132621765,tampered,0.14871390163898468,0.01840033382177353,0.8328857421875,27.5939000021026
ml_training/datasets/structural/raw/qrdn/extracted One/test/1993.jpg,qrdn:qr_identity:66,one,0.9778839349746704,tampered,0.022116048261523247,0.0018534093396738172,0.9760305881500244,31.804999998712447
ml_training/datasets/structural/raw/qrdn/extracted One/test/1994.jpg,qrdn:qr_identity:66,one,0.8832031488418579,tampered,0.1167968213558197,0.010547454468905926,0.8726556897163391,28.061600001819897
ml_training/datasets/structural/raw/qrdn/extracted One/test/1995.jpg,qrdn:qr_identity:66,one,0.771939218044281,tampered,0.2280607968568802,0.015012895688414574,0.7569262385368347,29.64570000040112
ml_training/datasets/structural/raw/qrdn/extracted One/test/1996.jpg,qrdn:qr_identity:66,one,0.9812413454055786,tampered,0.018758635967969894,0.0020333901047706604,0.9792079329490662,29.88779999941471
ml_training/datasets/structural/raw/qrdn/extracted One/test/1997.jpg,qrdn:qr_identity:66,one,0.8362001180648804,tampered,0.16379991173744202,0.00881777610629797,0.8273823857307434,30.52459999889834
ml_training/datasets/structural/raw/qrdn/extracted One/test/1998.jpg,qrdn:qr_identity:66,one,0.9903072714805603,tampered,0.009692703373730183,0.0010655411751940846,0.9892417788505554,29.001300001255004
ml_training/datasets/structural/raw/qrdn/extracted One/test/1999.jpg,qrdn:qr_identity:66,one,0.8862167596817017,tampered,0.11378326267004013,0.016014453023672104,0.8702022433280945,28.204300000652438
ml_training/datasets/structural/raw/qrdn/extracted One/test/2000.jpg,qrdn:qr_identity:66,one,0.96746426820755,tampered,0.032535720616579056,0.002597703132778406,0.964866578578949,29.405000001133885
ml_training/datasets/structural/raw/qrdn/extracted One/test/2001.jpg,qrdn:qr_identity:66,one,0.8963698148727417,tampered,0.1036301776766777,0.014068285003304482,0.8823015093803406,26.134500003536232
ml_training/datasets/structural/raw/qrdn/extracted One/test/2002.jpg,qrdn:qr_identity:66,one,0.5054361820220947,clean,0.49456384778022766,0.02863357961177826,0.47680261731147766,29.477700001734775
ml_training/datasets/structural/raw/qrdn/extracted One/test/2003.jpg,qrdn:qr_identity:66,one,0.9035670161247253,tampered,0.09643298387527466,0.0125908013433218,0.8909762501716614,27.4518000005628
ml_training/datasets/structural/raw/qrdn/extracted One/test/2004.jpg,qrdn:qr_identity:66,one,0.21594750881195068,clean,0.7840524911880493,0.05887438356876373,0.15707318484783173,28.0973000008089
ml_training/datasets/structural/raw/qrdn/extracted One/test/2005.jpg,qrdn:qr_identity:66,one,0.19373071193695068,clean,0.8062692880630493,0.03713656961917877,0.15659412741661072,28.328699998382945
ml_training/datasets/structural/raw/qrdn/extracted One/test/2006.jpg,qrdn:qr_identity:66,one,0.9455377459526062,tampered,0.0544622428715229,0.006040599197149277,0.9394972324371338,27.958899998338893
ml_training/datasets/structural/raw/qrdn/extracted One/test/2007.jpg,qrdn:qr_identity:66,one,0.3763574957847595,clean,0.6236425042152405,0.04995588958263397,0.32640165090560913,34.014400000160094
ml_training/datasets/structural/raw/qrdn/extracted One/test/2008.jpg,qrdn:qr_identity:66,one,0.682762622833252,tampered,0.31723734736442566,0.046631861478090286,0.6361307501792908,26.402300001791446
ml_training/datasets/structural/raw/qrdn/extracted One/test/2009.jpg,qrdn:qr_identity:66,one,0.5065867900848389,clean,0.49341320991516113,0.02361450158059597,0.48297226428985596,29.814199999236735
ml_training/datasets/structural/raw/qrdn/extracted One/test/2010.jpg,qrdn:qr_identity:67,one,0.9236205816268921,tampered,0.0763794481754303,0.011359401978552341,0.9122611284255981,27.449799999885727
ml_training/datasets/structural/raw/qrdn/extracted One/test/2011.jpg,qrdn:qr_identity:67,one,0.6567112803459167,tampered,0.34328871965408325,0.0745394229888916,0.5821719169616699,29.612700000143377
ml_training/datasets/structural/raw/qrdn/extracted One/test/2012.jpg,qrdn:qr_identity:67,one,0.6145994663238525,tampered,0.3854005038738251,0.022227725014090538,0.5923717617988586,28.384899997035973
ml_training/datasets/structural/raw/qrdn/extracted One/test/2013.jpg,qrdn:qr_identity:67,one,0.9881868362426758,tampered,0.011813148856163025,0.0029984372667968273,0.985188364982605,26.535000000876607
ml_training/datasets/structural/raw/qrdn/extracted One/test/2014.jpg,qrdn:qr_identity:67,one,0.616714358329773,tampered,0.38328564167022705,0.021586669608950615,0.5951277017593384,34.22180000052322
ml_training/datasets/structural/raw/qrdn/extracted One/test/2015.jpg,qrdn:qr_identity:67,one,0.9054909944534302,tampered,0.09450898319482803,0.019165899604558945,0.8863251209259033,31.038599998282734
ml_training/datasets/structural/raw/qrdn/extracted One/test/2016.jpg,qrdn:qr_identity:67,one,0.9695259928703308,tampered,0.030474023893475533,0.005805793683975935,0.9637202024459839,26.454299997567432
ml_training/datasets/structural/raw/qrdn/extracted One/test/2017.jpg,qrdn:qr_identity:67,one,0.7462995052337646,tampered,0.25370046496391296,0.025738487020134926,0.7205610275268555,28.227099999639904
ml_training/datasets/structural/raw/qrdn/extracted One/test/2018.jpg,qrdn:qr_identity:67,one,0.9908895492553711,tampered,0.009110432118177414,0.0014577655820176005,0.9894318580627441,32.30210000037914
ml_training/datasets/structural/raw/qrdn/extracted One/test/2019.jpg,qrdn:qr_identity:67,one,0.4941457509994507,clean,0.5058542490005493,0.03957507386803627,0.4545706510543823,27.615499999228632
ml_training/datasets/structural/raw/qrdn/extracted One/test/2020.jpg,qrdn:qr_identity:67,one,0.47812139987945557,clean,0.5218786001205444,0.05675633251667023,0.42136505246162415,26.773099998536054
ml_training/datasets/structural/raw/qrdn/extracted One/test/2021.jpg,qrdn:qr_identity:67,one,0.9780641198158264,tampered,0.02193586342036724,0.0058723255060613155,0.9721918702125549,31.21189999728813
ml_training/datasets/structural/raw/qrdn/extracted One/test/2022.jpg,qrdn:qr_identity:67,one,0.5297994613647461,tampered,0.4702005088329315,0.030858641490340233,0.4989407956600189,32.410100000561215
ml_training/datasets/structural/raw/qrdn/extracted One/test/2023.jpg,qrdn:qr_identity:67,one,0.8844054937362671,tampered,0.11559450626373291,0.01533158216625452,0.8690738677978516,33.50919999866164
ml_training/datasets/structural/raw/qrdn/extracted One/test/2024.jpg,qrdn:qr_identity:67,one,0.9549298286437988,tampered,0.04507017508149147,0.011521296575665474,0.9434084892272949,33.26759999981732
ml_training/datasets/structural/raw/qrdn/extracted One/test/2025.jpg,qrdn:qr_identity:67,one,0.990126371383667,tampered,0.009873616509139538,0.002498662332072854,0.9876277446746826,33.45669999907841
ml_training/datasets/structural/raw/qrdn/extracted One/test/2026.jpg,qrdn:qr_identity:67,one,0.8598549962043762,tampered,0.14014501869678497,0.005632918328046799,0.8542219996452332,29.54130000216537
ml_training/datasets/structural/raw/qrdn/extracted One/test/2027.jpg,qrdn:qr_identity:67,one,0.9887580275535583,tampered,0.011241957545280457,0.002782994881272316,0.9859750866889954,33.09530000115046
ml_training/datasets/structural/raw/qrdn/extracted One/test/2028.jpg,qrdn:qr_identity:67,one,0.9048263430595398,tampered,0.095173679292202,0.015751715749502182,0.8890745639801025,29.984000000695232
ml_training/datasets/structural/raw/qrdn/extracted One/test/2029.jpg,qrdn:qr_identity:67,one,0.9652870297431946,tampered,0.03471298888325691,0.0076653859578073025,0.9576215744018555,33.131199998024385
ml_training/datasets/structural/raw/qrdn/extracted One/test/2030.jpg,qrdn:qr_identity:67,one,0.987885057926178,tampered,0.012114939279854298,0.0023572989739477634,0.985527753829956,28.59130000069854
ml_training/datasets/structural/raw/qrdn/extracted One/test/2031.jpg,qrdn:qr_identity:67,one,0.8172277808189392,tampered,0.1827722191810608,0.012752491980791092,0.8044752478599548,33.7416000002122
ml_training/datasets/structural/raw/qrdn/extracted One/test/2032.jpg,qrdn:qr_identity:67,one,0.4643714427947998,clean,0.5356285572052002,0.07716694474220276,0.38720452785491943,24.967299999843817
ml_training/datasets/structural/raw/qrdn/extracted One/test/2033.jpg,qrdn:qr_identity:67,one,0.8504167795181274,tampered,0.14958325028419495,0.007179558742791414,0.8432372212409973,31.676300000981428
ml_training/datasets/structural/raw/qrdn/extracted One/test/2034.jpg,qrdn:qr_identity:67,one,0.9335625171661377,tampered,0.06643746793270111,0.014687659218907356,0.9188748598098755,29.081299999234034
ml_training/datasets/structural/raw/qrdn/extracted One/test/2035.jpg,qrdn:qr_identity:67,one,0.9751094579696655,tampered,0.024890542030334473,0.004603368230164051,0.9705060720443726,30.413799999223556
ml_training/datasets/structural/raw/qrdn/extracted One/test/2036.jpg,qrdn:qr_identity:67,one,0.6026134490966797,tampered,0.3973865211009979,0.037626832723617554,0.5649866461753845,26.890600001934217
ml_training/datasets/structural/raw/qrdn/extracted One/test/2037.jpg,qrdn:qr_identity:67,one,0.369343101978302,clean,0.630656898021698,0.1330137848854065,0.23632939159870148,28.34449999863864
ml_training/datasets/structural/raw/qrdn/extracted One/test/2038.jpg,qrdn:qr_identity:67,one,0.19463419914245605,clean,0.805365800857544,0.0374162420630455,0.15721796452999115,31.31799999755458
ml_training/datasets/structural/raw/qrdn/extracted One/test/2039.jpg,qrdn:qr_identity:67,one,0.6646292805671692,tampered,0.3353707194328308,0.03157663717865944,0.6330525875091553,27.75420000034501
ml_training/datasets/structural/raw/qrdn/extracted One/test/2040.jpg,qrdn:qr_identity:68,one,0.8259902000427246,tampered,0.17400981485843658,0.02558046020567417,0.800409734249115,28.08509999886155
ml_training/datasets/structural/raw/qrdn/extracted One/test/2041.jpg,qrdn:qr_identity:68,one,0.7093225717544556,tampered,0.2906774580478668,0.09283225238323212,0.6164903044700623,28.11700000165729
ml_training/datasets/structural/raw/qrdn/extracted One/test/2042.jpg,qrdn:qr_identity:68,one,0.6807467937469482,tampered,0.31925317645072937,0.018722981214523315,0.6620239019393921,27.929300002142554
ml_training/datasets/structural/raw/qrdn/extracted One/test/2043.jpg,qrdn:qr_identity:68,one,0.8661600351333618,tampered,0.133839949965477,0.020820287987589836,0.8453397154808044,28.276900000491878
ml_training/datasets/structural/raw/qrdn/extracted One/test/2044.jpg,qrdn:qr_identity:68,one,0.623001217842102,tampered,0.37699878215789795,0.04550477862358093,0.5774964094161987,28.863599996839184
ml_training/datasets/structural/raw/qrdn/extracted One/test/2045.jpg,qrdn:qr_identity:68,one,0.9009851217269897,tampered,0.09901488572359085,0.015662668272852898,0.8853224515914917,29.444499999954132
ml_training/datasets/structural/raw/qrdn/extracted One/test/2046.jpg,qrdn:qr_identity:68,one,0.3977094888687134,clean,0.6022905111312866,0.0401015542447567,0.35760796070098877,26.242500000080327
ml_training/datasets/structural/raw/qrdn/extracted One/test/2047.jpg,qrdn:qr_identity:68,one,0.980463445186615,tampered,0.019536539912223816,0.0021843556314706802,0.9782790541648865,32.570100000157254
ml_training/datasets/structural/raw/qrdn/extracted One/test/2048.jpg,qrdn:qr_identity:68,one,0.8993580341339111,tampered,0.10064199566841125,0.015143906697630882,0.8842141032218933,24.87690000270959
ml_training/datasets/structural/raw/qrdn/extracted One/test/2049.jpg,qrdn:qr_identity:68,one,0.5043621063232422,clean,0.4956378936767578,0.03909427672624588,0.46526777744293213,29.511100001400337
ml_training/datasets/structural/raw/qrdn/extracted One/test/2050.jpg,qrdn:qr_identity:68,one,0.6465461254119873,tampered,0.3534538745880127,0.035113852471113205,0.6114322543144226,30.742999999347376
ml_training/datasets/structural/raw/qrdn/extracted One/test/2051.jpg,qrdn:qr_identity:68,one,0.4385189414024353,clean,0.5614810585975647,0.07810239493846893,0.3604165017604828,29.652499997609993
ml_training/datasets/structural/raw/qrdn/extracted One/test/2052.jpg,qrdn:qr_identity:68,one,0.5121338367462158,clean,0.4878661632537842,0.0304345041513443,0.4816993176937103,32.5325999983761
ml_training/datasets/structural/raw/qrdn/extracted One/test/2053.jpg,qrdn:qr_identity:68,one,0.6215821504592896,tampered,0.37841784954071045,0.03400012105703354,0.5875820517539978,26.96279999872786
ml_training/datasets/structural/raw/qrdn/extracted One/test/2054.jpg,qrdn:qr_identity:68,one,0.9727217555046082,tampered,0.027278268709778786,0.0032124402932822704,0.9695092439651489,33.48879999975907
ml_training/datasets/structural/raw/qrdn/extracted One/test/2055.jpg,qrdn:qr_identity:68,one,0.5716993808746338,tampered,0.4283005893230438,0.04393480718135834,0.5277646780014038,25.969199999963166
ml_training/datasets/structural/raw/qrdn/extracted One/test/2056.jpg,qrdn:qr_identity:68,one,0.9696506857872009,tampered,0.03034932166337967,0.0045163887552917,0.9651342630386353,33.05730000283802
ml_training/datasets/structural/raw/qrdn/extracted One/test/2057.jpg,qrdn:qr_identity:68,one,0.9949454665184021,tampered,0.005054540000855923,0.0007744294707663357,0.9941709637641907,33.98459999880288
ml_training/datasets/structural/raw/qrdn/extracted One/test/2058.jpg,qrdn:qr_identity:68,one,0.9207231402397156,tampered,0.07927683740854263,0.007032731547951698,0.9136903882026672,34.60059999997611
ml_training/datasets/structural/raw/qrdn/extracted One/test/2059.jpg,qrdn:qr_identity:68,one,0.8164334297180176,tampered,0.18356657028198242,0.033344484865665436,0.7830889821052551,29.722200000833254
ml_training/datasets/structural/raw/qrdn/extracted One/test/2060.jpg,qrdn:qr_identity:68,one,0.9479632377624512,tampered,0.05203678831458092,0.0049849096685647964,0.9429783225059509,31.640500001230976
ml_training/datasets/structural/raw/qrdn/extracted One/test/2061.jpg,qrdn:qr_identity:68,one,0.7019253969192505,tampered,0.2980746030807495,0.03185656666755676,0.6700688004493713,28.626299997995375
ml_training/datasets/structural/raw/qrdn/extracted One/test/2062.jpg,qrdn:qr_identity:68,one,0.5015521049499512,clean,0.49844789505004883,0.027214156463742256,0.4743379056453705,28.681599997071316
ml_training/datasets/structural/raw/qrdn/extracted One/test/2063.jpg,qrdn:qr_identity:68,one,0.8036462664604187,tampered,0.1963537484407425,0.04926544055342674,0.7543807625770569,26.690999999118503
ml_training/datasets/structural/raw/qrdn/extracted One/test/2064.jpg,qrdn:qr_identity:68,one,0.9540781378746033,tampered,0.045921873301267624,0.006718929391354322,0.9473592042922974,32.31500000038068
ml_training/datasets/structural/raw/qrdn/extracted One/test/2065.jpg,qrdn:qr_identity:68,one,0.5279603600502014,tampered,0.4720396399497986,0.028566554188728333,0.4993937909603119,31.977499998902204
ml_training/datasets/structural/raw/qrdn/extracted One/test/2066.jpg,qrdn:qr_identity:68,one,0.7169457077980042,tampered,0.28305429220199585,0.009976305067539215,0.7069694399833679,27.562100000068313
ml_training/datasets/structural/raw/qrdn/extracted One/test/2067.jpg,qrdn:qr_identity:68,one,0.7559508681297302,tampered,0.24404914677143097,0.030022520571947098,0.7259283065795898,34.699100000580074
ml_training/datasets/structural/raw/qrdn/extracted One/test/2068.jpg,qrdn:qr_identity:68,one,0.3389800786972046,clean,0.6610199213027954,0.048066310584545135,0.29091376066207886,27.89140000095358
ml_training/datasets/structural/raw/qrdn/extracted One/test/2069.jpg,qrdn:qr_identity:68,one,0.7113199830055237,tampered,0.2886800169944763,0.00878259539604187,0.7025373578071594,32.22939999977825
ml_training/datasets/structural/raw/qrdn/extracted One/test/2070.jpg,qrdn:qr_identity:69,one,0.9905730485916138,tampered,0.009426942095160484,0.0018075827974826097,0.9887654781341553,28.565900000103284
ml_training/datasets/structural/raw/qrdn/extracted One/test/2071.jpg,qrdn:qr_identity:69,one,0.5414670705795288,tampered,0.4585329592227936,0.055751122534275055,0.48571595549583435,39.225900000019465
ml_training/datasets/structural/raw/qrdn/extracted One/test/2072.jpg,qrdn:qr_identity:69,one,0.3351023197174072,clean,0.6648976802825928,0.01344122551381588,0.3216610252857208,29.256800000439398
ml_training/datasets/structural/raw/qrdn/extracted One/test/2073.jpg,qrdn:qr_identity:69,one,0.8551907539367676,tampered,0.14480923116207123,0.018708957359194756,0.8364818692207336,35.686499999428634
ml_training/datasets/structural/raw/qrdn/extracted One/test/2074.jpg,qrdn:qr_identity:69,one,0.7980507612228394,tampered,0.20194926857948303,0.02493806928396225,0.7731126546859741,28.343599999061553
ml_training/datasets/structural/raw/qrdn/extracted One/test/2075.jpg,qrdn:qr_identity:69,one,0.9082334637641907,tampered,0.09176652133464813,0.006345035973936319,0.9018884897232056,28.751400001056027
ml_training/datasets/structural/raw/qrdn/extracted One/test/2076.jpg,qrdn:qr_identity:69,one,0.32258397340774536,clean,0.6774160265922546,0.03551847115159035,0.2870655357837677,28.17009999853326
ml_training/datasets/structural/raw/qrdn/extracted One/test/2077.jpg,qrdn:qr_identity:69,one,0.9674163460731506,tampered,0.03258367255330086,0.0022527193650603294,0.9651636481285095,24.80189999914728
ml_training/datasets/structural/raw/qrdn/extracted One/test/2078.jpg,qrdn:qr_identity:69,one,0.8488746285438538,tampered,0.15112535655498505,0.017109734937548637,0.8317649364471436,28.54010000010021
ml_training/datasets/structural/raw/qrdn/extracted One/test/2079.jpg,qrdn:qr_identity:69,one,0.467732310295105,clean,0.532267689704895,0.03722896799445152,0.43050333857536316,25.68539999992936
ml_training/datasets/structural/raw/qrdn/extracted One/test/2080.jpg,qrdn:qr_identity:69,one,0.31638848781585693,clean,0.6836115121841431,0.05669068545103073,0.2596978545188904,27.9618999993545
ml_training/datasets/structural/raw/qrdn/extracted One/test/2081.jpg,qrdn:qr_identity:69,one,0.8809314370155334,tampered,0.11906856298446655,0.010479072108864784,0.8704524040222168,28.562900002725655
ml_training/datasets/structural/raw/qrdn/extracted One/test/2082.jpg,qrdn:qr_identity:69,one,0.6210089921951294,tampered,0.3789910078048706,0.02477787621319294,0.5962311029434204,31.488299999182345
ml_training/datasets/structural/raw/qrdn/extracted One/test/2083.jpg,qrdn:qr_identity:69,one,0.6083207726478577,tampered,0.39167922735214233,0.026413200423121452,0.5819075703620911,25.060100000700913
ml_training/datasets/structural/raw/qrdn/extracted One/test/2084.jpg,qrdn:qr_identity:69,one,0.9574155807495117,tampered,0.042584411799907684,0.002982805483043194,0.9544327855110168,29.26140000272426
ml_training/datasets/structural/raw/qrdn/extracted One/test/2085.jpg,qrdn:qr_identity:69,one,0.3978462815284729,clean,0.6021537184715271,0.051050975918769836,0.3467952609062195,33.90180000133114
ml_training/datasets/structural/raw/qrdn/extracted One/test/2086.jpg,qrdn:qr_identity:69,one,0.9870977401733398,tampered,0.012902251444756985,0.001501963590271771,0.9855958223342896,27.634300000499934
ml_training/datasets/structural/raw/qrdn/extracted One/test/2087.jpg,qrdn:qr_identity:69,one,0.49378424882888794,clean,0.5062157511711121,0.03375620394945145,0.4600280523300171,30.462999999144813
ml_training/datasets/structural/raw/qrdn/extracted One/test/2088.jpg,qrdn:qr_identity:69,one,0.9868265390396118,tampered,0.013173479586839676,0.002085763029754162,0.9847407937049866,27.89920000213897
ml_training/datasets/structural/raw/qrdn/extracted One/test/2089.jpg,qrdn:qr_identity:69,one,0.7775512933731079,tampered,0.2224487066268921,0.02307685650885105,0.7544744610786438,29.17639999941457
ml_training/datasets/structural/raw/qrdn/extracted One/test/2090.jpg,qrdn:qr_identity:69,one,0.9857476949691772,tampered,0.01425227802246809,0.001393249025568366,0.9843544960021973,27.400199996918673
ml_training/datasets/structural/raw/qrdn/extracted One/test/2091.jpg,qrdn:qr_identity:69,one,0.6694293022155762,tampered,0.33057066798210144,0.02553214132785797,0.6438972353935242,27.739799999835668
ml_training/datasets/structural/raw/qrdn/extracted One/test/2092.jpg,qrdn:qr_identity:69,one,0.31367403268814087,clean,0.6863259673118591,0.09268596768379211,0.22098809480667114,29.325399998924695
ml_training/datasets/structural/raw/qrdn/extracted One/test/2093.jpg,qrdn:qr_identity:69,one,0.8624180555343628,tampered,0.13758191466331482,0.007994601503014565,0.854423463344574,25.274399999034358
ml_training/datasets/structural/raw/qrdn/extracted One/test/2094.jpg,qrdn:qr_identity:69,one,0.38560909032821655,clean,0.6143909096717834,0.049526918679475784,0.3360821604728699,29.64300000166986
ml_training/datasets/structural/raw/qrdn/extracted One/test/2095.jpg,qrdn:qr_identity:69,one,0.9145281910896301,tampered,0.08547183126211166,0.00582117261365056,0.9087070226669312,28.394000000844244
ml_training/datasets/structural/raw/qrdn/extracted One/test/2096.jpg,qrdn:qr_identity:69,one,0.6316925287246704,tampered,0.3683074712753296,0.023623470216989517,0.6080690622329712,29.938299998320872
ml_training/datasets/structural/raw/qrdn/extracted One/test/2097.jpg,qrdn:qr_identity:69,one,0.5187119245529175,clean,0.4812881052494049,0.05784764513373375,0.46086427569389343,27.98369999800343
ml_training/datasets/structural/raw/qrdn/extracted One/test/2098.jpg,qrdn:qr_identity:69,one,0.5369148254394531,tampered,0.4630851447582245,0.06058120355010033,0.4763336479663849,25.090400002227398
ml_training/datasets/structural/raw/qrdn/extracted One/test/2099.jpg,qrdn:qr_identity:69,one,0.181499183177948,clean,0.818500816822052,0.01833903044462204,0.16316014528274536,30.108599999948638
ml_training/datasets/structural/raw/qrdn/extracted One/test/2100.jpg,qrdn:qr_identity:70,one,0.9348242878913879,tampered,0.06517572700977325,0.012207403779029846,0.9226168990135193,27.107099998829653
ml_training/datasets/structural/raw/qrdn/extracted One/test/2101.jpg,qrdn:qr_identity:70,one,0.9533607363700867,tampered,0.04663925617933273,0.009969585575163364,0.9433912038803101,29.84169999763253
ml_training/datasets/structural/raw/qrdn/extracted One/test/2102.jpg,qrdn:qr_identity:70,one,0.6049254536628723,tampered,0.3950745463371277,0.02385636605322361,0.5810691118240356,29.044700000667945
ml_training/datasets/structural/raw/qrdn/extracted One/test/2103.jpg,qrdn:qr_identity:70,one,0.910368025302887,tampered,0.08963198959827423,0.014898174442350864,0.8954697847366333,31.39250000094762
ml_training/datasets/structural/raw/qrdn/extracted One/test/2104.jpg,qrdn:qr_identity:70,one,0.7165302038192749,tampered,0.2834698259830475,0.030743170529603958,0.6857869625091553,29.673299999558367
ml_training/datasets/structural/raw/qrdn/extracted One/test/2105.jpg,qrdn:qr_identity:70,one,0.9722234010696411,tampered,0.027776572853326797,0.004657098092138767,0.9675662517547607,26.57300000282703
ml_training/datasets/structural/raw/qrdn/extracted One/test/2106.jpg,qrdn:qr_identity:70,one,0.9082550406455994,tampered,0.09174495935440063,0.029039714485406876,0.8792153596878052,25.63880000161589
ml_training/datasets/structural/raw/qrdn/extracted One/test/2107.jpg,qrdn:qr_identity:70,one,0.9625838994979858,tampered,0.037416089326143265,0.00472061475738883,0.9578633308410645,25.13330000147107
ml_training/datasets/structural/raw/qrdn/extracted One/test/2108.jpg,qrdn:qr_identity:70,one,0.7357016801834106,tampered,0.26429831981658936,0.01955869048833847,0.7161429524421692,30.605200001446065
ml_training/datasets/structural/raw/qrdn/extracted One/test/2109.jpg,qrdn:qr_identity:70,one,0.6223047971725464,tampered,0.3776952028274536,0.026097100228071213,0.5962077379226685,27.94039999935194
ml_training/datasets/structural/raw/qrdn/extracted One/test/2110.jpg,qrdn:qr_identity:70,one,0.6833102703094482,tampered,0.31668969988822937,0.040247444063425064,0.6430628299713135,25.610900000174297
ml_training/datasets/structural/raw/qrdn/extracted One/test/2111.jpg,qrdn:qr_identity:70,one,0.5523899793624878,tampered,0.4476099908351898,0.08154673129320145,0.47084328532218933,30.426199999055825
ml_training/datasets/structural/raw/qrdn/extracted One/test/2112.jpg,qrdn:qr_identity:70,one,0.6228817701339722,tampered,0.37711820006370544,0.058405838906764984,0.564475953578949,26.971700001013232
ml_training/datasets/structural/raw/qrdn/extracted One/test/2113.jpg,qrdn:qr_identity:70,one,0.8946519494056702,tampered,0.10534805804491043,0.01537167839705944,0.8792802691459656,41.67080000115675
ml_training/datasets/structural/raw/qrdn/extracted One/test/2114.jpg,qrdn:qr_identity:70,one,0.985230028629303,tampered,0.014769984409213066,0.002870374359190464,0.9823596477508545,31.95429999686894
ml_training/datasets/structural/raw/qrdn/extracted One/test/2115.jpg,qrdn:qr_identity:70,one,0.7580645084381104,tampered,0.24193547666072845,0.03090427815914154,0.7271602749824524,36.84380000049714
ml_training/datasets/structural/raw/qrdn/extracted One/test/2116.jpg,qrdn:qr_identity:70,one,0.9860047101974487,tampered,0.013995308429002762,0.0017322556814178824,0.9842723608016968,26.056799997604685
ml_training/datasets/structural/raw/qrdn/extracted One/test/2117.jpg,qrdn:qr_identity:70,one,0.6047012805938721,tampered,0.39529871940612793,0.03779279813170433,0.5669085383415222,31.294200001866557
ml_training/datasets/structural/raw/qrdn/extracted One/test/2118.jpg,qrdn:qr_identity:70,one,0.9697563648223877,tampered,0.030243653804063797,0.0035664066672325134,0.9661899209022522,25.690600003144937
ml_training/datasets/structural/raw/qrdn/extracted One/test/2119.jpg,qrdn:qr_identity:70,one,0.8353519439697266,tampered,0.16464808583259583,0.0347260944545269,0.8006258010864258,28.674799999862444
ml_training/datasets/structural/raw/qrdn/extracted One/test/2120.jpg,qrdn:qr_identity:70,one,0.9103107452392578,tampered,0.089689239859581,0.008555205538868904,0.9017555713653564,28.643000001466135
ml_training/datasets/structural/raw/qrdn/extracted One/test/2121.jpg,qrdn:qr_identity:70,one,0.9597486257553101,tampered,0.04025135189294815,0.0039916494861245155,0.9557569622993469,28.107899997849017
ml_training/datasets/structural/raw/qrdn/extracted One/test/2122.jpg,qrdn:qr_identity:70,one,0.6180622577667236,tampered,0.38193774223327637,0.06817524880170822,0.5498870015144348,31.3391000017873
ml_training/datasets/structural/raw/qrdn/extracted One/test/2123.jpg,qrdn:qr_identity:70,one,0.871434211730957,tampered,0.12856575846672058,0.018961800262331963,0.8524724245071411,28.727299999445677
ml_training/datasets/structural/raw/qrdn/extracted One/test/2124.jpg,qrdn:qr_identity:70,one,0.5568423271179199,tampered,0.4431576430797577,0.058181148022413254,0.49866119027137756,30.28420000191545
ml_training/datasets/structural/raw/qrdn/extracted One/test/2125.jpg,qrdn:qr_identity:70,one,0.7520232796669006,tampered,0.24797672033309937,0.02837498113512993,0.7236483097076416,27.302499998768326
ml_training/datasets/structural/raw/qrdn/extracted One/test/2126.jpg,qrdn:qr_identity:70,one,0.7094712257385254,tampered,0.2905287444591522,0.01802399754524231,0.6914472579956055,34.238500000356
ml_training/datasets/structural/raw/qrdn/extracted One/test/2127.jpg,qrdn:qr_identity:70,one,0.9660718441009521,tampered,0.033928148448467255,0.0030603462364524603,0.9630114436149597,26.18649999931222
ml_training/datasets/structural/raw/qrdn/extracted One/test/2128.jpg,qrdn:qr_identity:70,one,0.422674298286438,clean,0.577325701713562,0.03943373262882233,0.38324058055877686,32.277299997076625
ml_training/datasets/structural/raw/qrdn/extracted One/test/2129.jpg,qrdn:qr_identity:70,one,0.44035834074020386,clean,0.5596416592597961,0.04328278824687004,0.3970755338668823,26.46479999748408
ml_training/datasets/structural/raw/qrdn/extracted One/test/2130.jpg,qrdn:qr_identity:71,one,0.9105129241943359,tampered,0.08948706090450287,0.025157736614346504,0.8853552341461182,28.993900003115414
ml_training/datasets/structural/raw/qrdn/extracted One/test/2131.jpg,qrdn:qr_identity:71,one,0.3296523690223694,clean,0.6703476309776306,0.15460386872291565,0.17504850029945374,27.48040000005858
ml_training/datasets/structural/raw/qrdn/extracted One/test/2132.jpg,qrdn:qr_identity:71,one,0.8043926954269409,tampered,0.1956072747707367,0.021691257134079933,0.7827014923095703,26.025199997093296
ml_training/datasets/structural/raw/qrdn/extracted One/test/2133.jpg,qrdn:qr_identity:71,one,0.8423817157745361,tampered,0.15761825442314148,0.007536040619015694,0.8348457217216492,32.32999999818276
ml_training/datasets/structural/raw/qrdn/extracted One/test/2134.jpg,qrdn:qr_identity:71,one,0.8409873247146606,tampered,0.15901266038417816,0.026027604937553406,0.8149597644805908,27.263100000709528
ml_training/datasets/structural/raw/qrdn/extracted One/test/2135.jpg,qrdn:qr_identity:71,one,0.8429821729660034,tampered,0.1570177972316742,0.02211068756878376,0.8208715915679932,37.425799997436116
ml_training/datasets/structural/raw/qrdn/extracted One/test/2136.jpg,qrdn:qr_identity:71,one,0.8719664812088013,tampered,0.12803351879119873,0.024395311251282692,0.8475711941719055,26.06000000014319
ml_training/datasets/structural/raw/qrdn/extracted One/test/2137.jpg,qrdn:qr_identity:71,one,0.7911039590835571,tampered,0.20889604091644287,0.018314067274332047,0.7727898955345154,29.44460000071558
ml_training/datasets/structural/raw/qrdn/extracted One/test/2138.jpg,qrdn:qr_identity:71,one,0.9662810564041138,tampered,0.033718936145305634,0.003704603761434555,0.9625763893127441,28.901800000312505
ml_training/datasets/structural/raw/qrdn/extracted One/test/2139.jpg,qrdn:qr_identity:71,one,0.40339893102645874,clean,0.5966010689735413,0.039900217205286026,0.3634987473487854,29.305399999429937
ml_training/datasets/structural/raw/qrdn/extracted One/test/2140.jpg,qrdn:qr_identity:71,one,0.28678029775619507,clean,0.7132197022438049,0.029551168903708458,0.2572290897369385,26.254599997628247
ml_training/datasets/structural/raw/qrdn/extracted One/test/2141.jpg,qrdn:qr_identity:71,one,0.9373898506164551,tampered,0.06261012703180313,0.009748448617756367,0.9276414513587952,27.641100001346786
ml_training/datasets/structural/raw/qrdn/extracted One/test/2142.jpg,qrdn:qr_identity:71,one,0.9849599003791809,tampered,0.01504009310156107,0.0007803295738995075,0.9841795563697815,31.43859999909182
ml_training/datasets/structural/raw/qrdn/extracted One/test/2143.jpg,qrdn:qr_identity:71,one,0.5980938076972961,tampered,0.40190619230270386,0.06682369858026505,0.5312701463699341,25.895099999615923
ml_training/datasets/structural/raw/qrdn/extracted One/test/2144.jpg,qrdn:qr_identity:71,one,0.9903830289840698,tampered,0.009616942144930363,0.004649715032428503,0.9857332706451416,29.854899999918416
ml_training/datasets/structural/raw/qrdn/extracted One/test/2145.jpg,qrdn:qr_identity:71,one,0.40102505683898926,clean,0.5989749431610107,0.034914106130599976,0.36611098051071167,27.597399999649497
ml_training/datasets/structural/raw/qrdn/extracted One/test/2146.jpg,qrdn:qr_identity:71,one,0.9338400363922119,tampered,0.06615998595952988,0.016988234594464302,0.916851818561554,30.075200000283075
ml_training/datasets/structural/raw/qrdn/extracted One/test/2147.jpg,qrdn:qr_identity:71,one,0.5698715448379517,tampered,0.4301284849643707,0.03035135753452778,0.5395201444625854,31.108700000913814
ml_training/datasets/structural/raw/qrdn/extracted One/test/2148.jpg,qrdn:qr_identity:71,one,0.9522935152053833,tampered,0.04770650714635849,0.008767496794462204,0.943526029586792,30.990400002337992
ml_training/datasets/structural/raw/qrdn/extracted One/test/2149.jpg,qrdn:qr_identity:71,one,0.8119757771492004,tampered,0.18802422285079956,0.03306350111961365,0.7789123058319092,32.2691000001214
ml_training/datasets/structural/raw/qrdn/extracted One/test/2150.jpg,qrdn:qr_identity:71,one,0.7924507856369019,tampered,0.20754921436309814,0.01729649491608143,0.7751542925834656,29.60479999819654
ml_training/datasets/structural/raw/qrdn/extracted One/test/2151.jpg,qrdn:qr_identity:71,one,0.8639428615570068,tampered,0.13605713844299316,0.013737751170992851,0.8502050638198853,32.07109999857494
ml_training/datasets/structural/raw/qrdn/extracted One/test/2152.jpg,qrdn:qr_identity:71,one,0.4208637475967407,clean,0.5791362524032593,0.13548634946346283,0.2853773236274719,29.466200001479592
ml_training/datasets/structural/raw/qrdn/extracted One/test/2153.jpg,qrdn:qr_identity:71,one,0.6481738090515137,tampered,0.35182619094848633,0.007489161100238562,0.6406846046447754,36.04089999862481
ml_training/datasets/structural/raw/qrdn/extracted One/test/2154.jpg,qrdn:qr_identity:71,one,0.5997530817985535,tampered,0.40024691820144653,0.03542295843362808,0.5643301606178284,26.93390000058571
ml_training/datasets/structural/raw/qrdn/extracted One/test/2155.jpg,qrdn:qr_identity:71,one,0.6695590019226074,tampered,0.33044102787971497,0.0546768493950367,0.6148821115493774,35.83710000020801
ml_training/datasets/structural/raw/qrdn/extracted One/test/2156.jpg,qrdn:qr_identity:71,one,0.6052178144454956,tampered,0.394782155752182,0.016714025288820267,0.5885037779808044,34.38269999969634
ml_training/datasets/structural/raw/qrdn/extracted One/test/2157.jpg,qrdn:qr_identity:71,one,0.5829394459724426,tampered,0.4170605540275574,0.08632028847932816,0.49661922454833984,43.0080000005546
ml_training/datasets/structural/raw/qrdn/extracted One/test/2158.jpg,qrdn:qr_identity:71,one,0.7032501101493835,tampered,0.29674988985061646,0.05229843035340309,0.6509516835212708,32.45989999777521
ml_training/datasets/structural/raw/qrdn/extracted One/test/2159.jpg,qrdn:qr_identity:71,one,0.4317536950111389,clean,0.5682463049888611,0.06534282118082047,0.36641088128089905,32.24059999774909
ml_training/datasets/structural/raw/qrdn/extracted One/test/2160.jpg,qrdn:qr_identity:72,one,0.9841426610946655,tampered,0.015857316553592682,0.005014469847083092,0.9791282415390015,30.0889999998617
ml_training/datasets/structural/raw/qrdn/extracted One/test/2161.jpg,qrdn:qr_identity:72,one,0.9225555658340454,tampered,0.07744443416595459,0.026020903140306473,0.8965346813201904,30.17799999724957
ml_training/datasets/structural/raw/qrdn/extracted One/test/2162.jpg,qrdn:qr_identity:72,one,0.8665808439254761,tampered,0.13341915607452393,0.006183688063174486,0.8603971600532532,31.07099999760976
ml_training/datasets/structural/raw/qrdn/extracted One/test/2163.jpg,qrdn:qr_identity:72,one,0.7999483942985535,tampered,0.20005159080028534,0.02179080806672573,0.778157651424408,35.14550000181771
ml_training/datasets/structural/raw/qrdn/extracted One/test/2164.jpg,qrdn:qr_identity:72,one,0.8064631819725037,tampered,0.19353683292865753,0.01497116219252348,0.7914919853210449,28.921299999637995
ml_training/datasets/structural/raw/qrdn/extracted One/test/2165.jpg,qrdn:qr_identity:72,one,0.9361333250999451,tampered,0.06386668235063553,0.00709522096440196,0.9290380477905273,28.472900001361268
ml_training/datasets/structural/raw/qrdn/extracted One/test/2166.jpg,qrdn:qr_identity:72,one,0.8809419274330139,tampered,0.11905806511640549,0.027806077152490616,0.8531358242034912,26.262499999575084
ml_training/datasets/structural/raw/qrdn/extracted One/test/2167.jpg,qrdn:qr_identity:72,one,0.9538647532463074,tampered,0.04613522067666054,0.005405866540968418,0.9484589099884033,28.597399999853224
ml_training/datasets/structural/raw/qrdn/extracted One/test/2168.jpg,qrdn:qr_identity:72,one,0.8886021971702576,tampered,0.11139781028032303,0.010629989206790924,0.8779721856117249,27.096400001028087
ml_training/datasets/structural/raw/qrdn/extracted One/test/2169.jpg,qrdn:qr_identity:72,one,0.8319798707962036,tampered,0.1680201143026352,0.009371714666485786,0.8226081728935242,27.268199999525677
ml_training/datasets/structural/raw/qrdn/extracted One/test/2170.jpg,qrdn:qr_identity:72,one,0.2848816514015198,clean,0.7151183485984802,0.019327841699123383,0.2655537724494934,30.666200000268873
ml_training/datasets/structural/raw/qrdn/extracted One/test/2171.jpg,qrdn:qr_identity:72,one,0.3099815249443054,clean,0.6900184750556946,0.06070743873715401,0.24927404522895813,25.53530000295723
ml_training/datasets/structural/raw/qrdn/extracted One/test/2172.jpg,qrdn:qr_identity:72,one,0.7963365912437439,tampered,0.2036634087562561,0.028401555493474007,0.767935037612915,31.055799998284783
ml_training/datasets/structural/raw/qrdn/extracted One/test/2173.jpg,qrdn:qr_identity:72,one,0.6938478946685791,tampered,0.3061520755290985,0.04811159521341324,0.6457363367080688,27.699300000676885
ml_training/datasets/structural/raw/qrdn/extracted One/test/2174.jpg,qrdn:qr_identity:72,one,0.8769028782844543,tampered,0.12309712916612625,0.01783696375787258,0.85906583070755,27.31139999741572
ml_training/datasets/structural/raw/qrdn/extracted One/test/2175.jpg,qrdn:qr_identity:72,one,0.6702995300292969,tampered,0.32970044016838074,0.029856279492378235,0.6404432654380798,28.23569999964093
ml_training/datasets/structural/raw/qrdn/extracted One/test/2176.jpg,qrdn:qr_identity:72,one,0.9529165625572205,tampered,0.04708343371748924,0.002834208542481065,0.9500823616981506,27.585899999394314
ml_training/datasets/structural/raw/qrdn/extracted One/test/2177.jpg,qrdn:qr_identity:72,one,0.7962117791175842,tampered,0.20378823578357697,0.012817997485399246,0.7833938002586365,31.506800001807278
ml_training/datasets/structural/raw/qrdn/extracted One/test/2178.jpg,qrdn:qr_identity:72,one,0.9670260548591614,tampered,0.03297393396496773,0.004516784101724625,0.962509274482727,27.072400000179186
ml_training/datasets/structural/raw/qrdn/extracted One/test/2179.jpg,qrdn:qr_identity:72,one,0.884891152381897,tampered,0.11510885506868362,0.01362853404134512,0.8712626099586487,31.429700000444427
ml_training/datasets/structural/raw/qrdn/extracted One/test/2180.jpg,qrdn:qr_identity:72,one,0.9322525262832642,tampered,0.06774748116731644,0.006354630459100008,0.9258978962898254,28.11690000089584
ml_training/datasets/structural/raw/qrdn/extracted One/test/2181.jpg,qrdn:qr_identity:72,one,0.9813878536224365,tampered,0.018612174317240715,0.001974178943783045,0.979413628578186,28.275000000576256
ml_training/datasets/structural/raw/qrdn/extracted One/test/2182.jpg,qrdn:qr_identity:72,one,0.35887813568115234,clean,0.6411218643188477,0.05035901442170143,0.3085191547870636,31.04479999819887
ml_training/datasets/structural/raw/qrdn/extracted One/test/2183.jpg,qrdn:qr_identity:72,one,0.7757039070129395,tampered,0.22429606318473816,0.023278532549738884,0.7524254322052002,30.597200002375757
ml_training/datasets/structural/raw/qrdn/extracted One/test/2184.jpg,qrdn:qr_identity:72,one,0.8209948539733887,tampered,0.17900517582893372,0.04129675775766373,0.7796980738639832,30.379800002265256
ml_training/datasets/structural/raw/qrdn/extracted One/test/2185.jpg,qrdn:qr_identity:72,one,0.9189462661743164,tampered,0.0810537040233612,0.008390568196773529,0.9105557799339294,27.979400001640897
ml_training/datasets/structural/raw/qrdn/extracted One/test/2186.jpg,qrdn:qr_identity:72,one,0.8342287540435791,tampered,0.1657712459564209,0.02076277695596218,0.8134660124778748,31.648099997255486
ml_training/datasets/structural/raw/qrdn/extracted One/test/2187.jpg,qrdn:qr_identity:72,one,0.9395688772201538,tampered,0.06043113395571709,0.01070040836930275,0.9288684129714966,27.242600001045503
ml_training/datasets/structural/raw/qrdn/extracted One/test/2188.jpg,qrdn:qr_identity:72,one,0.9076123237609863,tampered,0.09238767623901367,0.02475230023264885,0.8828600645065308,28.826900001149625
ml_training/datasets/structural/raw/qrdn/extracted One/test/2189.jpg,qrdn:qr_identity:72,one,0.6710988879203796,tampered,0.32890111207962036,0.02040594257414341,0.650692880153656,28.018799999699695
ml_training/datasets/structural/raw/qrdn/extracted One/test/2190.jpg,qrdn:qr_identity:73,one,0.9874420762062073,tampered,0.01255793310701847,0.003415695857256651,0.984026312828064,40.29660000014701
ml_training/datasets/structural/raw/qrdn/extracted One/test/2191.jpg,qrdn:qr_identity:73,one,0.4813358783721924,clean,0.5186641216278076,0.1224912777543068,0.3588446378707886,35.74379999918165
ml_training/datasets/structural/raw/qrdn/extracted One/test/2192.jpg,qrdn:qr_identity:73,one,0.6677349805831909,tampered,0.3322650194168091,0.0217322688549757,0.6460027694702148,32.57809999922756
ml_training/datasets/structural/raw/qrdn/extracted One/test/2193.jpg,qrdn:qr_identity:73,one,0.966453492641449,tampered,0.033546533435583115,0.005218627396970987,0.9612348675727844,29.60990000065067
ml_training/datasets/structural/raw/qrdn/extracted One/test/2194.jpg,qrdn:qr_identity:73,one,0.6411295533180237,tampered,0.3588704466819763,0.03146227076649666,0.6096672415733337,34.77990000101272
ml_training/datasets/structural/raw/qrdn/extracted One/test/2195.jpg,qrdn:qr_identity:73,one,0.9245783090591431,tampered,0.07542169839143753,0.006864528171718121,0.9177138209342957,28.424899999663467
ml_training/datasets/structural/raw/qrdn/extracted One/test/2196.jpg,qrdn:qr_identity:73,one,0.9771355390548706,tampered,0.022864481434226036,0.005102403927594423,0.9720331430435181,27.465099999972153
ml_training/datasets/structural/raw/qrdn/extracted One/test/2197.jpg,qrdn:qr_identity:73,one,0.9357933402061462,tampered,0.06420667469501495,0.009118298999965191,0.926675021648407,29.92679999806569
ml_training/datasets/structural/raw/qrdn/extracted One/test/2198.jpg,qrdn:qr_identity:73,one,0.7811269760131836,tampered,0.2188730090856552,0.022930946201086044,0.7581959962844849,33.70509999876958
ml_training/datasets/structural/raw/qrdn/extracted One/test/2199.jpg,qrdn:qr_identity:73,one,0.6916494965553284,tampered,0.30835050344467163,0.033313944935798645,0.6583355665206909,33.80410000318079
ml_training/datasets/structural/raw/qrdn/extracted One/test/2200.jpg,qrdn:qr_identity:73,one,0.8005732297897339,tampered,0.1994267702102661,0.01426148321479559,0.7863117456436157,28.927999999723397
ml_training/datasets/structural/raw/qrdn/extracted One/test/2201.jpg,qrdn:qr_identity:73,one,0.9466341137886047,tampered,0.05336587131023407,0.007089464459568262,0.939544677734375,29.479699998773867
ml_training/datasets/structural/raw/qrdn/extracted One/test/2202.jpg,qrdn:qr_identity:73,one,0.7518824338912964,tampered,0.2481175810098648,0.025705361738801003,0.7261770367622375,28.200699998706114
ml_training/datasets/structural/raw/qrdn/extracted One/test/2203.jpg,qrdn:qr_identity:73,one,0.619516909122467,tampered,0.38048309087753296,0.025867121294140816,0.5936498045921326,28.342300000076648
ml_training/datasets/structural/raw/qrdn/extracted One/test/2204.jpg,qrdn:qr_identity:73,one,0.985190212726593,tampered,0.014809802174568176,0.003079673508182168,0.9821105599403381,28.792999997676816
ml_training/datasets/structural/raw/qrdn/extracted One/test/2205.jpg,qrdn:qr_identity:73,one,0.9308757185935974,tampered,0.0691242590546608,0.00815617199987173,0.9227195978164673,31.217499999911524
ml_training/datasets/structural/raw/qrdn/extracted One/test/2206.jpg,qrdn:qr_identity:73,one,0.9891538619995117,tampered,0.010846114717423916,0.0010442823404446244,0.9881096482276917,32.492799997271504
ml_training/datasets/structural/raw/qrdn/extracted One/test/2207.jpg,qrdn:qr_identity:73,one,0.8878911733627319,tampered,0.11210884898900986,0.007227353285998106,0.8806638121604919,30.205300001398427
ml_training/datasets/structural/raw/qrdn/extracted One/test/2208.jpg,qrdn:qr_identity:73,one,0.9850364923477173,tampered,0.014963509514927864,0.004362206906080246,0.9806742668151855,29.779799999232637
ml_training/datasets/structural/raw/qrdn/extracted One/test/2209.jpg,qrdn:qr_identity:73,one,0.7235263586044312,tampered,0.27647361159324646,0.02178468555212021,0.7017417550086975,28.6247000003641
ml_training/datasets/structural/raw/qrdn/extracted One/test/2210.jpg,qrdn:qr_identity:73,one,0.9424148201942444,tampered,0.05758518725633621,0.00965580902993679,0.9327590465545654,32.509200002095895
ml_training/datasets/structural/raw/qrdn/extracted One/test/2211.jpg,qrdn:qr_identity:73,one,0.968652069568634,tampered,0.03134791553020477,0.001990451943129301,0.9666615724563599,27.651599997625453
ml_training/datasets/structural/raw/qrdn/extracted One/test/2212.jpg,qrdn:qr_identity:73,one,0.6374225616455078,tampered,0.3625774383544922,0.024754205718636513,0.6126683950424194,28.77059999809717
ml_training/datasets/structural/raw/qrdn/extracted One/test/2213.jpg,qrdn:qr_identity:73,one,0.8847004175186157,tampered,0.11529955267906189,0.004609304945915937,0.88009113073349,25.514000000839587
ml_training/datasets/structural/raw/qrdn/extracted One/test/2214.jpg,qrdn:qr_identity:73,one,0.9470879435539246,tampered,0.052912045270204544,0.014542863704264164,0.9325451254844666,27.880200002982747
ml_training/datasets/structural/raw/qrdn/extracted One/test/2215.jpg,qrdn:qr_identity:73,one,0.9471622705459595,tampered,0.05283770337700844,0.004703183192759752,0.9424591064453125,29.47630000198842
ml_training/datasets/structural/raw/qrdn/extracted One/test/2216.jpg,qrdn:qr_identity:73,one,0.7630197405815125,tampered,0.23698027431964874,0.024446044117212296,0.7385736703872681,30.941400000301655
ml_training/datasets/structural/raw/qrdn/extracted One/test/2217.jpg,qrdn:qr_identity:73,one,0.696082353591919,tampered,0.30391761660575867,0.017024271190166473,0.6790580749511719,26.55880000020261
ml_training/datasets/structural/raw/qrdn/extracted One/test/2218.jpg,qrdn:qr_identity:73,one,0.5006833076477051,clean,0.4993167221546173,0.01608627662062645,0.48459702730178833,27.622699999483302
ml_training/datasets/structural/raw/qrdn/extracted One/test/2219.jpg,qrdn:qr_identity:73,one,0.5809121131896973,tampered,0.4190879166126251,0.03551642224192619,0.5453956723213196,30.73260000019218
ml_training/datasets/structural/raw/qrdn/extracted One/test/2220.jpg,qrdn:qr_identity:74,one,0.9911184906959534,tampered,0.008881515823304653,0.0016385449562221766,0.9894799590110779,23.913400000310503
ml_training/datasets/structural/raw/qrdn/extracted One/test/2221.jpg,qrdn:qr_identity:74,one,0.7026829719543457,tampered,0.2973169982433319,0.04822375625371933,0.6544592380523682,27.55289999913657
ml_training/datasets/structural/raw/qrdn/extracted One/test/2222.jpg,qrdn:qr_identity:74,one,0.5259020924568176,tampered,0.4740979075431824,0.02047703042626381,0.5054250359535217,27.580400001170347
ml_training/datasets/structural/raw/qrdn/extracted One/test/2223.jpg,qrdn:qr_identity:74,one,0.8082106113433838,tampered,0.1917894184589386,0.03592484071850777,0.7722857594490051,29.835699999239296
ml_training/datasets/structural/raw/qrdn/extracted One/test/2224.jpg,qrdn:qr_identity:74,one,0.8117390871047974,tampered,0.18826094269752502,0.029166433960199356,0.7825726270675659,33.036900000297464
ml_training/datasets/structural/raw/qrdn/extracted One/test/2225.jpg,qrdn:qr_identity:74,one,0.9750432372093201,tampered,0.024956773966550827,0.003921791911125183,0.9711214303970337,27.691799998137867
ml_training/datasets/structural/raw/qrdn/extracted One/test/2226.jpg,qrdn:qr_identity:74,one,0.9233734011650085,tampered,0.07662659138441086,0.014399546198546886,0.9089738726615906,30.262000000220723
ml_training/datasets/structural/raw/qrdn/extracted One/test/2227.jpg,qrdn:qr_identity:74,one,0.6916413307189941,tampered,0.30835863947868347,0.01775749772787094,0.6738839149475098,28.31249999871943
ml_training/datasets/structural/raw/qrdn/extracted One/test/2228.jpg,qrdn:qr_identity:74,one,0.9028322696685791,tampered,0.0971677154302597,0.012194385752081871,0.8906378746032715,28.413099997123936
ml_training/datasets/structural/raw/qrdn/extracted One/test/2229.jpg,qrdn:qr_identity:74,one,0.8109868764877319,tampered,0.18901313841342926,0.018068891018629074,0.7929179668426514,28.686699999525445
ml_training/datasets/structural/raw/qrdn/extracted One/test/2230.jpg,qrdn:qr_identity:74,one,0.5963559150695801,tampered,0.4036440849304199,0.01592942140996456,0.5804265141487122,29.127000001608394
ml_training/datasets/structural/raw/qrdn/extracted One/test/2231.jpg,qrdn:qr_identity:74,one,0.5535916090011597,tampered,0.44640839099884033,0.02103724703192711,0.5325543284416199,31.90570000151638
ml_training/datasets/structural/raw/qrdn/extracted One/test/2232.jpg,qrdn:qr_identity:74,one,0.9512929916381836,tampered,0.04870698228478432,0.005697962362319231,0.9455950260162354,36.9217999977991
ml_training/datasets/structural/raw/qrdn/extracted One/test/2233.jpg,qrdn:qr_identity:74,one,0.28930407762527466,clean,0.7106959223747253,0.06916026771068573,0.2201438695192337,35.042899999098154
ml_training/datasets/structural/raw/qrdn/extracted One/test/2234.jpg,qrdn:qr_identity:74,one,0.8427478075027466,tampered,0.1572522222995758,0.031161556020379066,0.8115862011909485,29.124900000169873
ml_training/datasets/structural/raw/qrdn/extracted One/test/2235.jpg,qrdn:qr_identity:74,one,0.3618053197860718,clean,0.6381946802139282,0.024245290085673332,0.3375599980354309,34.02799999821582
ml_training/datasets/structural/raw/qrdn/extracted One/test/2236.jpg,qrdn:qr_identity:74,one,0.9521921873092651,tampered,0.04780779033899307,0.0042387573048472404,0.947953462600708,31.769400000484893
ml_training/datasets/structural/raw/qrdn/extracted One/test/2237.jpg,qrdn:qr_identity:74,one,0.8491485118865967,tampered,0.15085147321224213,0.005085974000394344,0.8440625667572021,33.83650000250782
ml_training/datasets/structural/raw/qrdn/extracted One/test/2238.jpg,qrdn:qr_identity:74,one,0.9443485736846924,tampered,0.05565139651298523,0.0062806992791593075,0.9380678534507751,31.631499998184154
ml_training/datasets/structural/raw/qrdn/extracted One/test/2239.jpg,qrdn:qr_identity:74,one,0.8224225044250488,tampered,0.17757748067378998,0.019341034814715385,0.8030815124511719,33.93230000074254
ml_training/datasets/structural/raw/qrdn/extracted One/test/2240.jpg,qrdn:qr_identity:74,one,0.9072418212890625,tampered,0.0927581861615181,0.008855004794895649,0.8983868360519409,29.42050000274321
ml_training/datasets/structural/raw/qrdn/extracted One/test/2241.jpg,qrdn:qr_identity:74,one,0.6707037091255188,tampered,0.3292962908744812,0.02337927557528019,0.6473245024681091,31.894100000499748
ml_training/datasets/structural/raw/qrdn/extracted One/test/2242.jpg,qrdn:qr_identity:74,one,0.3857584595680237,clean,0.6142415404319763,0.09083688259124756,0.2949216067790985,29.044200000498677
ml_training/datasets/structural/raw/qrdn/extracted One/test/2243.jpg,qrdn:qr_identity:74,one,0.9486297369003296,tampered,0.0513702854514122,0.0028032236732542515,0.9458264708518982,35.16469999885885
ml_training/datasets/structural/raw/qrdn/extracted One/test/2244.jpg,qrdn:qr_identity:74,one,0.8887280225753784,tampered,0.11127199232578278,0.01656399667263031,0.8721640110015869,29.27550000094925
ml_training/datasets/structural/raw/qrdn/extracted One/test/2245.jpg,qrdn:qr_identity:74,one,0.86544269323349,tampered,0.13455729186534882,0.022649157792329788,0.8427935838699341,33.25609999956214
ml_training/datasets/structural/raw/qrdn/extracted One/test/2246.jpg,qrdn:qr_identity:74,one,0.9066359400749207,tampered,0.09336406737565994,0.0071197026409208775,0.8995162844657898,38.89509999862639
ml_training/datasets/structural/raw/qrdn/extracted One/test/2247.jpg,qrdn:qr_identity:74,one,0.4088028073310852,clean,0.5911971926689148,0.08076748996973038,0.3280353546142578,35.214400002587354
ml_training/datasets/structural/raw/qrdn/extracted One/test/2248.jpg,qrdn:qr_identity:74,one,0.3489580750465393,clean,0.6510419249534607,0.10670927166938782,0.24224883317947388,27.259900001809
ml_training/datasets/structural/raw/qrdn/extracted One/test/2249.jpg,qrdn:qr_identity:74,one,0.4880955219268799,clean,0.5119044780731201,0.02883635275065899,0.4592592120170593,29.86100000271108
ml_training/datasets/structural/raw/qrdn/extracted Quad/test/1500.jpg,qrdn:qr_identity:50,quad,0.4523550868034363,clean,0.5476449131965637,0.2009800225496292,0.2513750493526459,30.296299999463372
ml_training/datasets/structural/raw/qrdn/extracted Quad/test/1501.jpg,qrdn:qr_identity:50,quad,0.5714306235313416,clean,0.42856937646865845,0.3695300817489624,0.20190049707889557,37.35899999810499
ml_training/datasets/structural/raw/qrdn/extracted Quad/test/1502.jpg,qrdn:qr_identity:50,quad,0.6840682029724121,tampered,0.3159317970275879,0.2845393717288971,0.3995288610458374,35.260399999970105
ml_training/datasets/structural/raw/qrdn/extracted Quad/test/1503.jpg,qrdn:qr_identity:50,quad,0.8505851030349731,tampered,0.14941488206386566,0.1477709412574768,0.7028141617774963,37.750200001028134
ml_training/datasets/structural/raw/qrdn/extracted Quad/test/1504.jpg,qrdn:qr_identity:50,quad,0.7924472689628601,tampered,0.2075527310371399,0.11614066362380981,0.6763066053390503,28.734899999108166
ml_training/datasets/structural/raw/qrdn/extracted Quad/test/1505.jpg,qrdn:qr_identity:50,quad,0.4825096130371094,clean,0.5174903869628906,0.2938251197338104,0.18868441879749298,34.071700003551086
ml_training/datasets/structural/raw/qrdn/extracted Quad/test/1506.jpg,qrdn:qr_identity:50,quad,0.7773132920265198,tampered,0.22268670797348022,0.0649310052394867,0.7123823165893555,29.11369999856106
ml_training/datasets/structural/raw/qrdn/extracted Quad/test/1507.jpg,qrdn:qr_identity:50,quad,0.7159749269485474,tampered,0.28402504324913025,0.15841174125671387,0.5575631856918335,29.829199997038813
ml_training/datasets/structural/raw/qrdn/extracted Quad/test/1508.jpg,qrdn:qr_identity:50,quad,0.3886045813560486,clean,0.6113954186439514,0.338397741317749,0.050206903368234634,27.522399999725167
ml_training/datasets/structural/raw/qrdn/extracted Quad/test/1509.jpg,qrdn:qr_identity:50,quad,0.4808540940284729,clean,0.5191459059715271,0.15749533474445343,0.32335877418518066,30.054200000449782
ml_training/datasets/structural/raw/qrdn/extracted Quad/test/1510.jpg,qrdn:qr_identity:50,quad,0.4449760913848877,clean,0.5550239086151123,0.27453577518463135,0.17044030129909515,29.112500000337604
ml_training/datasets/structural/raw/qrdn/extracted Quad/test/1511.jpg,qrdn:qr_identity:50,quad,0.6301500201225281,tampered,0.3698499798774719,0.15465132892131805,0.4754987359046936,28.590300000360003
ml_training/datasets/structural/raw/qrdn/extracted Quad/test/1512.jpg,qrdn:qr_identity:50,quad,0.5861796140670776,clean,0.4138203561306,0.26957428455352783,0.3166053593158722,29.73500000007334
ml_training/datasets/structural/raw/qrdn/extracted Quad/test/1513.jpg,qrdn:qr_identity:50,quad,0.4926503896713257,clean,0.5073496103286743,0.1411353200674057,0.35151511430740356,28.41979999720934
ml_training/datasets/structural/raw/qrdn/extracted Quad/test/1514.jpg,qrdn:qr_identity:50,quad,0.7929801344871521,tampered,0.2070198506116867,0.09684602171182632,0.696134090423584,34.865699999500066
ml_training/datasets/structural/raw/qrdn/extracted Quad/test/1515.jpg,qrdn:qr_identity:50,quad,0.37988144159317017,clean,0.6201185584068298,0.24625927209854126,0.1336221992969513,30.252500000642613
ml_training/datasets/structural/raw/qrdn/extracted Quad/test/1516.jpg,qrdn:qr_identity:50,quad,0.9984276294708252,tampered,0.0015723435208201408,0.0007550492300651968,0.9976726174354553,33.38860000076238
ml_training/datasets/structural/raw/qrdn/extracted Quad/test/1517.jpg,qrdn:qr_identity:50,quad,0.5735611915588379,clean,0.4264388382434845,0.14928708970546722,0.4242739975452423,30.711999999766704
ml_training/datasets/structural/raw/qrdn/extracted Quad/test/1518.jpg,qrdn:qr_identity:50,quad,0.9768691658973694,tampered,0.023130860179662704,0.015394301153719425,0.9614747762680054,35.74719999960507
ml_training/datasets/structural/raw/qrdn/extracted Quad/test/1519.jpg,qrdn:qr_identity:50,quad,0.4926266670227051,clean,0.5073733329772949,0.19885720312595367,0.293769508600235,32.18679999918095
ml_training/datasets/structural/raw/qrdn/extracted Quad/test/1520.jpg,qrdn:qr_identity:50,quad,0.48575812578201294,clean,0.5142418742179871,0.2894844710826874,0.19627368450164795,35.772800001723226
ml_training/datasets/structural/raw/qrdn/extracted Quad/test/1521.jpg,qrdn:qr_identity:50,quad,0.30434125661849976,clean,0.6956587433815002,0.10741250216960907,0.19692876935005188,28.577299999597017
ml_training/datasets/structural/raw/qrdn/extracted Quad/test/1522.jpg,qrdn:qr_identity:50,quad,0.6695163249969482,tampered,0.33048370480537415,0.08197496086359024,0.5875413417816162,29.57859999878565
ml_training/datasets/structural/raw/qrdn/extracted Quad/test/1523.jpg,qrdn:qr_identity:50,quad,0.32804208993911743,clean,0.6719579100608826,0.1792830377817154,0.14875911176204681,27.150899997650413
ml_training/datasets/structural/raw/qrdn/extracted Quad/test/1524.jpg,qrdn:qr_identity:50,quad,0.4425702691078186,clean,0.5574297308921814,0.1560308188199997,0.2865394651889801,28.30569999787258
ml_training/datasets/structural/raw/qrdn/extracted Quad/test/1525.jpg,qrdn:qr_identity:50,quad,0.7272008657455444,tampered,0.27279913425445557,0.10400871932506561,0.6231921911239624,28.277699999307515
ml_training/datasets/structural/raw/qrdn/extracted Quad/test/1526.jpg,qrdn:qr_identity:50,quad,0.49835723638534546,clean,0.5016427636146545,0.18800494074821472,0.31035229563713074,28.458500000851927
ml_training/datasets/structural/raw/qrdn/extracted Quad/test/1527.jpg,qrdn:qr_identity:50,quad,0.29984575510025024,clean,0.7001542448997498,0.16123852133750916,0.1386072039604187,31.463999999687076
ml_training/datasets/structural/raw/qrdn/extracted Quad/test/1528.jpg,qrdn:qr_identity:50,quad,0.45660310983657837,clean,0.5433968901634216,0.15058237314224243,0.30602073669433594,28.929299998708302
ml_training/datasets/structural/raw/qrdn/extracted Quad/test/1529.jpg,qrdn:qr_identity:50,quad,0.9220998287200928,tampered,0.07790016382932663,0.011518197134137154,0.910581648349762,31.563199998345226
ml_training/datasets/structural/raw/qrdn/extracted Quad/test/1530.jpg,qrdn:qr_identity:51,quad,0.5734767913818359,clean,0.42652323842048645,0.1887379288673401,0.3847388029098511,27.885899999091635
ml_training/datasets/structural/raw/qrdn/extracted Quad/test/1531.jpg,qrdn:qr_identity:51,quad,0.4421670436859131,clean,0.5578329563140869,0.2816336154937744,0.1605333834886551,32.717199999751756
ml_training/datasets/structural/raw/qrdn/extracted Quad/test/1532.jpg,qrdn:qr_identity:51,quad,0.4926164150238037,clean,0.5073835849761963,0.18093355000019073,0.3116828501224518,26.445600000442937
ml_training/datasets/structural/raw/qrdn/extracted Quad/test/1533.jpg,qrdn:qr_identity:51,quad,0.8747082948684692,tampered,0.12529169023036957,0.05817488953471184,0.8165334463119507,30.37209999820334
ml_training/datasets/structural/raw/qrdn/extracted Quad/test/1534.jpg,qrdn:qr_identity:51,quad,0.47921866178512573,clean,0.5207813382148743,0.18325066566467285,0.2959679961204529,27.64749999914784
ml_training/datasets/structural/raw/qrdn/extracted Quad/test/1535.jpg,qrdn:qr_identity:51,quad,0.6491416096687317,tampered,0.3508583903312683,0.27070340514183044,0.37843823432922363,26.167399999394547
ml_training/datasets/structural/raw/qrdn/extracted Quad/test/1536.jpg,qrdn:qr_identity:51,quad,0.5642161965370178,clean,0.4357838034629822,0.14516060054302216,0.4190555512905121,33.83689999827766
ml_training/datasets/structural/raw/qrdn/extracted Quad/test/1537.jpg,qrdn:qr_identity:51,quad,0.5812262296676636,clean,0.4187737703323364,0.37954291701316833,0.20168326795101166,27.092899999843212
ml_training/datasets/structural/raw/qrdn/extracted Quad/test/1538.jpg,qrdn:qr_identity:51,quad,0.9273410439491272,tampered,0.07265893369913101,0.08258140832185745,0.8447596430778503,33.81439999793656
ml_training/datasets/structural/raw/qrdn/extracted Quad/test/1539.jpg,qrdn:qr_identity:51,quad,0.4750449061393738,clean,0.5249550938606262,0.189798042178154,0.285246878862381,28.122300001996337
ml_training/datasets/structural/raw/qrdn/extracted Quad/test/1540.jpg,qrdn:qr_identity:51,quad,0.32846933603286743,clean,0.6715306639671326,0.1849554032087326,0.14351390302181244,33.03009999945061
ml_training/datasets/structural/raw/qrdn/extracted Quad/test/1541.jpg,qrdn:qr_identity:51,quad,0.5904264450073242,tampered,0.4095735251903534,0.16021113097667694,0.4302152991294861,29.33639999901061
ml_training/datasets/structural/raw/qrdn/extracted Quad/test/1542.jpg,qrdn:qr_identity:51,quad,0.43589961528778076,clean,0.5641003847122192,0.11564023792743683,0.32025936245918274,29.481800000212388
ml_training/datasets/structural/raw/qrdn/extracted Quad/test/1543.jpg,qrdn:qr_identity:51,quad,0.4966423511505127,clean,0.5033576488494873,0.15656985342502594,0.34007248282432556,27.24040000248351
ml_training/datasets/structural/raw/qrdn/extracted Quad/test/1544.jpg,qrdn:qr_identity:51,quad,0.6339888572692871,tampered,0.3660111725330353,0.09958023577928543,0.5344085693359375,28.56959999917308
ml_training/datasets/structural/raw/qrdn/extracted Quad/test/1545.jpg,qrdn:qr_identity:51,quad,0.5443686842918396,clean,0.4556313157081604,0.2014111578464508,0.3429575264453888,31.662599998526275
ml_training/datasets/structural/raw/qrdn/extracted Quad/test/1546.jpg,qrdn:qr_identity:51,quad,0.9995042681694031,tampered,0.0004957602941431105,0.00019936647731810808,0.9993048906326294,28.61990000019432
ml_training/datasets/structural/raw/qrdn/extracted Quad/test/1547.jpg,qrdn:qr_identity:51,quad,0.46069788932800293,clean,0.5393021106719971,0.16526859998703003,0.2954292893409729,31.077699997695163
ml_training/datasets/structural/raw/qrdn/extracted Quad/test/1548.jpg,qrdn:qr_identity:51,quad,0.9882773756980896,tampered,0.011722630821168423,0.00724713085219264,0.9810302257537842,27.61070000269683
ml_training/datasets/structural/raw/qrdn/extracted Quad/test/1549.jpg,qrdn:qr_identity:51,quad,0.6568212509155273,tampered,0.34317877888679504,0.16336515545845032,0.49345600605010986,31.69079999861424
ml_training/datasets/structural/raw/qrdn/extracted Quad/test/1550.jpg,qrdn:qr_identity:51,quad,0.42456668615341187,clean,0.5754333138465881,0.2763528823852539,0.14821374416351318,29.17190000152914
ml_training/datasets/structural/raw/qrdn/extracted Quad/test/1551.jpg,qrdn:qr_identity:51,quad,0.6216574907302856,clean,0.37834253907203674,0.270820289850235,0.3508371412754059,34.23799999654875
ml_training/datasets/structural/raw/qrdn/extracted Quad/test/1552.jpg,qrdn:qr_identity:51,quad,0.5247341394424438,clean,0.47526586055755615,0.17648109793663025,0.34825295209884644,33.74610000173561
ml_training/datasets/structural/raw/qrdn/extracted Quad/test/1553.jpg,qrdn:qr_identity:51,quad,0.43146246671676636,clean,0.5685375332832336,0.1381782740354538,0.2932841181755066,32.57300000041141
ml_training/datasets/structural/raw/qrdn/extracted Quad/test/1554.jpg,qrdn:qr_identity:51,quad,0.46127116680145264,clean,0.5387288331985474,0.14000581204891205,0.32126542925834656,31.309400001191534
ml_training/datasets/structural/raw/qrdn/extracted Quad/test/1555.jpg,qrdn:qr_identity:51,quad,0.5033584833145142,clean,0.49664151668548584,0.148602694272995,0.35475581884384155,33.09530000115046
ml_training/datasets/structural/raw/qrdn/extracted Quad/test/1556.jpg,qrdn:qr_identity:51,quad,0.7000136375427246,tampered,0.299986332654953,0.18495848774909973,0.5150551795959473,29.75030000015977
ml_training/datasets/structural/raw/qrdn/extracted Quad/test/1557.jpg,qrdn:qr_identity:51,quad,0.38940489292144775,clean,0.6105951070785522,0.15947125852108002,0.2299337089061737,33.01409999767202
ml_training/datasets/structural/raw/qrdn/extracted Quad/test/1558.jpg,qrdn:qr_identity:51,quad,0.5506694316864014,clean,0.449330598115921,0.21522720158100128,0.3354422152042389,30.710999999428168
ml_training/datasets/structural/raw/qrdn/extracted Quad/test/1559.jpg,qrdn:qr_identity:51,quad,0.5902855396270752,tampered,0.4097144603729248,0.15007451176643372,0.4402109980583191,31.248100000084378
ml_training/datasets/structural/raw/qrdn/extracted Quad/test/1560.jpg,qrdn:qr_identity:52,quad,0.7680184841156006,tampered,0.23198150098323822,0.09447905421257019,0.6735394597053528,29.835600002115825
ml_training/datasets/structural/raw/qrdn/extracted Quad/test/1561.jpg,qrdn:qr_identity:52,quad,0.6430238485336304,adversarial,0.35697612166404724,0.4674133360385895,0.1756104826927185,28.39049999965937
ml_training/datasets/structural/raw/qrdn/extracted Quad/test/1562.jpg,qrdn:qr_identity:52,quad,0.4279524087905884,clean,0.5720475912094116,0.15304794907569885,0.2749045193195343,31.93939999982831
ml_training/datasets/structural/raw/qrdn/extracted Quad/test/1563.jpg,qrdn:qr_identity:52,quad,0.7471733689308167,tampered,0.25282663106918335,0.0694991946220398,0.6776742339134216,29.613700000481913
ml_training/datasets/structural/raw/qrdn/extracted Quad/test/1564.jpg,qrdn:qr_identity:52,quad,0.9094650745391846,tampered,0.09053492546081543,0.05660759657621384,0.8528574705123901,32.19610000087414
ml_training/datasets/structural/raw/qrdn/extracted Quad/test/1565.jpg,qrdn:qr_identity:52,quad,0.8525208830833435,tampered,0.1474791318178177,0.1327957659959793,0.7197251319885254,29.51789999860921
ml_training/datasets/structural/raw/qrdn/extracted Quad/test/1566.jpg,qrdn:qr_identity:52,quad,0.8549692034721375,tampered,0.14503078162670135,0.024536257609725,0.8304328918457031,32.00660000220523
ml_training/datasets/structural/raw/qrdn/extracted Quad/test/1567.jpg,qrdn:qr_identity:52,quad,0.6086385250091553,tampered,0.3913615047931671,0.2132478803396225,0.3953905701637268,29.803900000842987
ml_training/datasets/structural/raw/qrdn/extracted Quad/test/1568.jpg,qrdn:qr_identity:52,quad,0.42724835872650146,clean,0.5727516412734985,0.22274191677570343,0.20450639724731445,30.47119999973802
ml_training/datasets/structural/raw/qrdn/extracted Quad/test/1569.jpg,qrdn:qr_identity:52,quad,0.5027771592140198,clean,0.4972228407859802,0.18619367480278015,0.31658342480659485,28.029199998854892
ml_training/datasets/structural/raw/qrdn/extracted Quad/test/1570.jpg,qrdn:qr_identity:52,quad,0.46447914838790894,clean,0.5355208516120911,0.2900906205177307,0.17438852787017822,30.475299998215633
ml_training/datasets/structural/raw/qrdn/extracted Quad/test/1571.jpg,qrdn:qr_identity:52,quad,0.5385704040527344,clean,0.4614295959472656,0.12731683254241943,0.41125357151031494,30.977200000052107
ml_training/datasets/structural/raw/qrdn/extracted Quad/test/1572.jpg,qrdn:qr_identity:52,quad,0.3444027304649353,clean,0.6555972695350647,0.17179948091506958,0.17260320484638214,29.0528000004997
ml_training/datasets/structural/raw/qrdn/extracted Quad/test/1573.jpg,qrdn:qr_identity:52,quad,0.6402279138565063,tampered,0.35977205634117126,0.0776958242058754,0.5625320672988892,29.467200001818128
ml_training/datasets/structural/raw/qrdn/extracted Quad/test/1574.jpg,qrdn:qr_identity:52,quad,0.8787034749984741,tampered,0.12129651755094528,0.029193993657827377,0.8495094776153564,27.989499998511747
ml_training/datasets/structural/raw/qrdn/extracted Quad/test/1575.jpg,qrdn:qr_identity:52,quad,0.5995385646820068,tampered,0.40046143531799316,0.13988015055656433,0.4596584141254425,30.757299999095267
ml_training/datasets/structural/raw/qrdn/extracted Quad/test/1576.jpg,qrdn:qr_identity:52,quad,0.9995324015617371,tampered,0.00046758083044551313,0.00024082910385914147,0.9992915391921997,30.17820000241045
ml_training/datasets/structural/raw/qrdn/extracted Quad/test/1577.jpg,qrdn:qr_identity:52,quad,0.819527804851532,tampered,0.18047218024730682,0.08763841539621353,0.7318894267082214,31.411399999342393
ml_training/datasets/structural/raw/qrdn/extracted Quad/test/1578.jpg,qrdn:qr_identity:52,quad,0.9419286847114563,tampered,0.0580713264644146,0.03450014069676399,0.9074285626411438,28.87879999980214
ml_training/datasets/structural/raw/qrdn/extracted Quad/test/1579.jpg,qrdn:qr_identity:52,quad,0.9390081167221069,tampered,0.060991860926151276,0.031209390610456467,0.9077987670898438,28.96569999938947
ml_training/datasets/structural/raw/qrdn/extracted Quad/test/1580.jpg,qrdn:qr_identity:52,quad,0.4743751883506775,clean,0.5256248116493225,0.22682230174541473,0.24755285680294037,28.183700000226963
ml_training/datasets/structural/raw/qrdn/extracted Quad/test/1581.jpg,qrdn:qr_identity:52,quad,0.8312473893165588,tampered,0.16875261068344116,0.11202330887317657,0.7192240357398987,29.50260000216076
ml_training/datasets/structural/raw/qrdn/extracted Quad/test/1582.jpg,qrdn:qr_identity:52,quad,0.9509484171867371,tampered,0.04905157536268234,0.01594517007470131,0.9350032806396484,32.70189999966533
ml_training/datasets/structural/raw/qrdn/extracted Quad/test/1583.jpg,qrdn:qr_identity:52,quad,0.30872249603271484,clean,0.6912775039672852,0.13895311951637268,0.16976945102214813,30.240200001571793
ml_training/datasets/structural/raw/qrdn/extracted Quad/test/1584.jpg,qrdn:qr_identity:52,quad,0.42573845386505127,clean,0.5742615461349487,0.09204557538032532,0.33369284868240356,30.990600000222912
ml_training/datasets/structural/raw/qrdn/extracted Quad/test/1585.jpg,qrdn:qr_identity:52,quad,0.3237304091453552,clean,0.6762695908546448,0.13277238607406616,0.19095803797245026,32.82689999832655
ml_training/datasets/structural/raw/qrdn/extracted Quad/test/1586.jpg,qrdn:qr_identity:52,quad,0.4048764705657959,clean,0.5951235294342041,0.2387053668498993,0.1661711186170578,33.822900000814116
ml_training/datasets/structural/raw/qrdn/extracted Quad/test/1587.jpg,qrdn:qr_identity:52,quad,0.45718294382095337,clean,0.5428170561790466,0.09468992054462433,0.36249297857284546,37.241599999106256
ml_training/datasets/structural/raw/qrdn/extracted Quad/test/1588.jpg,qrdn:qr_identity:52,quad,0.2538831830024719,clean,0.7461168169975281,0.12954503297805786,0.12433813512325287,33.29410000151256
ml_training/datasets/structural/raw/qrdn/extracted Quad/test/1589.jpg,qrdn:qr_identity:52,quad,0.7571105360984802,tampered,0.24288947880268097,0.06064743548631668,0.6964630484580994,27.00629999890225
ml_training/datasets/structural/raw/qrdn/extracted Quad/test/1590.jpg,qrdn:qr_identity:53,quad,0.5218914747238159,clean,0.47810855507850647,0.23875388503074646,0.28313755989074707,37.399000000732485
ml_training/datasets/structural/raw/qrdn/extracted Quad/test/1591.jpg,qrdn:qr_identity:53,quad,0.5098224878311157,clean,0.4901775121688843,0.29739126563072205,0.21243126690387726,30.48339999804739
ml_training/datasets/structural/raw/qrdn/extracted Quad/test/1592.jpg,qrdn:qr_identity:53,quad,0.4559529423713684,clean,0.5440470576286316,0.18806372582912445,0.26788920164108276,38.31419999914942
ml_training/datasets/structural/raw/qrdn/extracted Quad/test/1593.jpg,qrdn:qr_identity:53,quad,0.9225758910179138,tampered,0.07742410898208618,0.041685931384563446,0.8808900117874146,27.27769999910379
ml_training/datasets/structural/raw/qrdn/extracted Quad/test/1594.jpg,qrdn:qr_identity:53,quad,0.4056277275085449,clean,0.5943722724914551,0.22679270803928375,0.17883506417274475,29.40919999673497
ml_training/datasets/structural/raw/qrdn/extracted Quad/test/1595.jpg,qrdn:qr_identity:53,quad,0.6793088912963867,tampered,0.32069113850593567,0.18103043735027313,0.4982783794403076,28.51589999772841
ml_training/datasets/structural/raw/qrdn/extracted Quad/test/1596.jpg,qrdn:qr_identity:53,quad,0.6762174367904663,tampered,0.3237825930118561,0.11510041356086731,0.5611169934272766,31.99759999915841
ml_training/datasets/structural/raw/qrdn/extracted Quad/test/1597.jpg,qrdn:qr_identity:53,quad,0.7209555506706238,tampered,0.2790444493293762,0.12974236905574799,0.5912131667137146,31.294800002797274
ml_training/datasets/structural/raw/qrdn/extracted Quad/test/1598.jpg,qrdn:qr_identity:53,quad,0.5265675783157349,clean,0.47343242168426514,0.1949414312839508,0.33162617683410645,28.785200000129407
ml_training/datasets/structural/raw/qrdn/extracted Quad/test/1599.jpg,qrdn:qr_identity:53,quad,0.4078240990638733,clean,0.5921759009361267,0.2393806278705597,0.1684434711933136,31.968100000085542
ml_training/datasets/structural/raw/qrdn/extracted Quad/test/1600.jpg,qrdn:qr_identity:53,quad,0.4475219249725342,clean,0.5524780750274658,0.25467637181282043,0.19284561276435852,30.961000000388594
ml_training/datasets/structural/raw/qrdn/extracted Quad/test/1601.jpg,qrdn:qr_identity:53,quad,0.5595729351043701,clean,0.44042709469795227,0.2031821608543396,0.3563907742500305,36.41390000120737
ml_training/datasets/structural/raw/qrdn/extracted Quad/test/1602.jpg,qrdn:qr_identity:53,quad,0.4193999767303467,clean,0.5806000232696533,0.18616332113742828,0.23323668539524078,43.32290000093053
ml_training/datasets/structural/raw/qrdn/extracted Quad/test/1603.jpg,qrdn:qr_identity:53,quad,0.46128368377685547,clean,0.5387163162231445,0.23700974881649017,0.2242739051580429,32.640000001265435
ml_training/datasets/structural/raw/qrdn/extracted Quad/test/1604.jpg,qrdn:qr_identity:53,quad,0.5310903787612915,clean,0.4689095914363861,0.09617824852466583,0.4349121153354645,32.72410000136006
ml_training/datasets/structural/raw/qrdn/extracted Quad/test/1605.jpg,qrdn:qr_identity:53,quad,0.3896191716194153,clean,0.6103808283805847,0.24262398481369019,0.14699523150920868,29.40449999732664
ml_training/datasets/structural/raw/qrdn/extracted Quad/test/1606.jpg,qrdn:qr_identity:53,quad,0.998528003692627,tampered,0.0014720099279657006,0.0008338523330166936,0.9976940751075745,30.713500000274507
ml_training/datasets/structural/raw/qrdn/extracted Quad/test/1607.jpg,qrdn:qr_identity:53,quad,0.5329040884971619,clean,0.46709591150283813,0.19283750653266907,0.3400666415691376,29.6386000009079
ml_training/datasets/structural/raw/qrdn/extracted Quad/test/1608.jpg,qrdn:qr_identity:53,quad,0.9706867337226868,tampered,0.029313288629055023,0.013177224434912205,0.9575095176696777,32.4523000017507
ml_training/datasets/structural/raw/qrdn/extracted Quad/test/1609.jpg,qrdn:qr_identity:53,quad,0.46006202697753906,clean,0.5399379730224609,0.17146381735801697,0.2885981500148773,31.299800000851974
ml_training/datasets/structural/raw/qrdn/extracted Quad/test/1610.jpg,qrdn:qr_identity:53,quad,0.6825178861618042,tampered,0.3174821138381958,0.2860516607761383,0.39646628499031067,28.268499998375773
ml_training/datasets/structural/raw/qrdn/extracted Quad/test/1611.jpg,qrdn:qr_identity:53,quad,0.6463103890419006,tampered,0.35368961095809937,0.13552799820899963,0.5107824206352234,31.902599999739323
ml_training/datasets/structural/raw/qrdn/extracted Quad/test/1612.jpg,qrdn:qr_identity:53,quad,0.4300462603569031,clean,0.5699537396430969,0.2232624888420105,0.20678378641605377,26.310199998988537
ml_training/datasets/structural/raw/qrdn/extracted Quad/test/1613.jpg,qrdn:qr_identity:53,quad,0.37707656621932983,clean,0.6229234337806702,0.20392116904258728,0.17315539717674255,29.470500001480104
ml_training/datasets/structural/raw/qrdn/extracted Quad/test/1614.jpg,qrdn:qr_identity:53,quad,0.4167940020561218,clean,0.5832059979438782,0.21028490364551544,0.20650909841060638,24.790700001176447
ml_training/datasets/structural/raw/qrdn/extracted Quad/test/1615.jpg,qrdn:qr_identity:53,quad,0.46803200244903564,clean,0.5319679975509644,0.23814506828784943,0.22988684475421906,28.12869999979739
ml_training/datasets/structural/raw/qrdn/extracted Quad/test/1616.jpg,qrdn:qr_identity:53,quad,0.726173996925354,tampered,0.273826003074646,0.13701705634593964,0.5891569256782532,31.51129999969271
ml_training/datasets/structural/raw/qrdn/extracted Quad/test/1617.jpg,qrdn:qr_identity:53,quad,0.4110238552093506,clean,0.5889761447906494,0.18000786006450653,0.23101598024368286,32.5738999999885
ml_training/datasets/structural/raw/qrdn/extracted Quad/test/1618.jpg,qrdn:qr_identity:53,quad,0.4924517869949341,clean,0.5075482130050659,0.20888255536556244,0.28356921672821045,32.838200000696816
ml_training/datasets/structural/raw/qrdn/extracted Quad/test/1619.jpg,qrdn:qr_identity:53,quad,0.6400783061981201,tampered,0.35992172360420227,0.14987897872924805,0.4901992976665497,32.44500000073458
ml_training/datasets/structural/raw/qrdn/extracted Quad/test/1620.jpg,qrdn:qr_identity:54,quad,0.5699582099914551,clean,0.43004176020622253,0.26088017225265503,0.30907800793647766,35.18869999970775
ml_training/datasets/structural/raw/qrdn/extracted Quad/test/1621.jpg,qrdn:qr_identity:54,quad,0.5873758792877197,clean,0.4126240909099579,0.37241995334625244,0.2149559110403061,30.26299999692128
ml_training/datasets/structural/raw/qrdn/extracted Quad/test/1622.jpg,qrdn:qr_identity:54,quad,0.41140449047088623,clean,0.5885955095291138,0.2500087022781372,0.1613958328962326,34.077100001013605
ml_training/datasets/structural/raw/qrdn/extracted Quad/test/1623.jpg,qrdn:qr_identity:54,quad,0.4761618375778198,clean,0.5238381624221802,0.3064137399196625,0.16974803805351257,27.61810000083642
ml_training/datasets/structural/raw/qrdn/extracted Quad/test/1624.jpg,qrdn:qr_identity:54,quad,0.33231401443481445,clean,0.6676859855651855,0.24741515517234802,0.08489888906478882,36.81940000024042
ml_training/datasets/structural/raw/qrdn/extracted Quad/test/1625.jpg,qrdn:qr_identity:54,quad,0.48405057191848755,clean,0.5159494280815125,0.3650900423526764,0.11896050721406937,31.244200003129663
ml_training/datasets/structural/raw/qrdn/extracted Quad/test/1626.jpg,qrdn:qr_identity:54,quad,0.5694384574890137,clean,0.43056154251098633,0.23412707448005676,0.3353114128112793,39.22769999917364
ml_training/datasets/structural/raw/qrdn/extracted Quad/test/1627.jpg,qrdn:qr_identity:54,quad,0.5078805685043335,clean,0.4921194314956665,0.41177141666412354,0.09610909968614578,35.53660000034142
ml_training/datasets/structural/raw/qrdn/extracted Quad/test/1628.jpg,qrdn:qr_identity:54,quad,0.5896505117416382,tampered,0.4103494882583618,0.16749294102191925,0.4221575856208801,36.70780000175
ml_training/datasets/structural/raw/qrdn/extracted Quad/test/1629.jpg,qrdn:qr_identity:54,quad,0.2353447675704956,clean,0.7646552324295044,0.1479213982820511,0.08742330968379974,35.10340000138967
ml_training/datasets/structural/raw/qrdn/extracted Quad/test/1630.jpg,qrdn:qr_identity:54,quad,0.36502784490585327,clean,0.6349721550941467,0.26611825823783875,0.09890958666801453,31.166799999482464
ml_training/datasets/structural/raw/qrdn/extracted Quad/test/1631.jpg,qrdn:qr_identity:54,quad,0.533744215965271,clean,0.4662558138370514,0.24861645698547363,0.2851276993751526,32.39400000165915
ml_training/datasets/structural/raw/qrdn/extracted Quad/test/1632.jpg,qrdn:qr_identity:54,quad,0.7338745594024658,tampered,0.26612547039985657,0.19977422058582306,0.534100353717804,35.43079999872134
ml_training/datasets/structural/raw/qrdn/extracted Quad/test/1633.jpg,qrdn:qr_identity:54,quad,0.6878175735473633,tampered,0.31218239665031433,0.22307436168193817,0.4647432267665863,54.245800001808675
ml_training/datasets/structural/raw/qrdn/extracted Quad/test/1634.jpg,qrdn:qr_identity:54,quad,0.5230720043182373,clean,0.4769280254840851,0.3405390977859497,0.18253286182880402,40.945600001577986
ml_training/datasets/structural/raw/qrdn/extracted Quad/test/1635.jpg,qrdn:qr_identity:54,quad,0.34004610776901245,clean,0.6599538922309875,0.2851775884628296,0.054868537932634354,49.78570000093896
ml_training/datasets/structural/raw/qrdn/extracted Quad/test/1636.jpg,qrdn:qr_identity:54,quad,0.9994722604751587,tampered,0.0005277310265228152,0.00043532057316042483,0.9990370273590088,56.94759999823873
ml_training/datasets/structural/raw/qrdn/extracted Quad/test/1637.jpg,qrdn:qr_identity:54,quad,0.4224449396133423,clean,0.5775550603866577,0.2541423439979553,0.16830262541770935,42.92669999995269
ml_training/datasets/structural/raw/qrdn/extracted Quad/test/1638.jpg,qrdn:qr_identity:54,quad,0.9576007723808289,tampered,0.042399223893880844,0.022014055401086807,0.93558669090271,33.951200002775295
ml_training/datasets/structural/raw/qrdn/extracted Quad/test/1639.jpg,qrdn:qr_identity:54,quad,0.4553217887878418,clean,0.5446782112121582,0.2917691171169281,0.1635526865720749,31.856699999480043
ml_training/datasets/structural/raw/qrdn/extracted Quad/test/1640.jpg,qrdn:qr_identity:54,quad,0.6002365350723267,adversarial,0.39976346492767334,0.4035392701625824,0.19669723510742188,31.302799998229602
ml_training/datasets/structural/raw/qrdn/extracted Quad/test/1641.jpg,qrdn:qr_identity:54,quad,0.3101102113723755,clean,0.6898897886276245,0.2631628215312958,0.04694732278585434,34.91599999688333
ml_training/datasets/structural/raw/qrdn/extracted Quad/test/1642.jpg,qrdn:qr_identity:54,quad,0.5444175004959106,clean,0.45558249950408936,0.22340844571590424,0.3210090696811676,31.546300000627525
ml_training/datasets/structural/raw/qrdn/extracted Quad/test/1643.jpg,qrdn:qr_identity:54,quad,0.3592241406440735,clean,0.6407758593559265,0.24680905044078827,0.11241511255502701,32.98780000113766
ml_training/datasets/structural/raw/qrdn/extracted Quad/test/1644.jpg,qrdn:qr_identity:54,quad,0.264068603515625,clean,0.735931396484375,0.20522718131542206,0.05884150043129921,32.18650000053458
ml_training/datasets/structural/raw/qrdn/extracted Quad/test/1645.jpg,qrdn:qr_identity:54,quad,0.3188217878341675,clean,0.6811782121658325,0.23274493217468262,0.08607688546180725,37.091900001541944
ml_training/datasets/structural/raw/qrdn/extracted Quad/test/1646.jpg,qrdn:qr_identity:54,quad,0.48139190673828125,clean,0.5186080932617188,0.3170510232448578,0.16434086859226227,32.00220000144327
ml_training/datasets/structural/raw/qrdn/extracted Quad/test/1647.jpg,qrdn:qr_identity:54,quad,0.3416728973388672,clean,0.6583271026611328,0.24825359880924225,0.09341930598020554,38.2011000001512
ml_training/datasets/structural/raw/qrdn/extracted Quad/test/1648.jpg,qrdn:qr_identity:54,quad,0.25785183906555176,clean,0.7421481609344482,0.2040294110774994,0.05382246524095535,32.06579999823589
ml_training/datasets/structural/raw/qrdn/extracted Quad/test/1649.jpg,qrdn:qr_identity:54,quad,0.7038094997406006,tampered,0.296190470457077,0.1210755780339241,0.5827339291572571,35.30920000048354
ml_training/datasets/structural/raw/qrdn/extracted Quad/test/1650.jpg,qrdn:qr_identity:55,quad,0.7569340467453003,tampered,0.24306592345237732,0.10360924899578094,0.6533248424530029,44.89119999925606
ml_training/datasets/structural/raw/qrdn/extracted Quad/test/1651.jpg,qrdn:qr_identity:55,quad,0.7737424969673157,tampered,0.22625748813152313,0.04817129671573639,0.7255712747573853,37.59429999990971
ml_training/datasets/structural/raw/qrdn/extracted Quad/test/1652.jpg,qrdn:qr_identity:55,quad,0.4722747802734375,clean,0.5277252197265625,0.14438287913799286,0.32789188623428345,34.19489999942016
ml_training/datasets/structural/raw/qrdn/extracted Quad/test/1653.jpg,qrdn:qr_identity:55,quad,0.8750350475311279,tampered,0.12496494501829147,0.04083142802119255,0.8342036008834839,34.815299997717375
ml_training/datasets/structural/raw/qrdn/extracted Quad/test/1654.jpg,qrdn:qr_identity:55,quad,0.5520625114440918,clean,0.4479374885559082,0.14972977340221405,0.40233275294303894,32.49579999828711
ml_training/datasets/structural/raw/qrdn/extracted Quad/test/1655.jpg,qrdn:qr_identity:55,quad,0.3576306700706482,clean,0.6423693299293518,0.17653414607048035,0.18109647929668427,32.99939999851631
ml_training/datasets/structural/raw/qrdn/extracted Quad/test/1656.jpg,qrdn:qr_identity:55,quad,0.8074144721031189,tampered,0.1925855427980423,0.09461525082588196,0.7127991914749146,40.30890000285581
ml_training/datasets/structural/raw/qrdn/extracted Quad/test/1657.jpg,qrdn:qr_identity:55,quad,0.8105133175849915,tampered,0.18948668241500854,0.08275502920150757,0.7277582883834839,31.488999997236533
ml_training/datasets/structural/raw/qrdn/extracted Quad/test/1658.jpg,qrdn:qr_identity:55,quad,0.6050225496292114,tampered,0.3949774503707886,0.13642281293869019,0.46859973669052124,38.75569999945583
ml_training/datasets/structural/raw/qrdn/extracted Quad/test/1659.jpg,qrdn:qr_identity:55,quad,0.5298748016357422,clean,0.4701252281665802,0.16035997867584229,0.3695148229598999,41.73349999837228
ml_training/datasets/structural/raw/qrdn/extracted Quad/test/1660.jpg,qrdn:qr_identity:55,quad,0.47363197803497314,clean,0.5263680219650269,0.1626439243555069,0.31098803877830505,48.16919999939273
ml_training/datasets/structural/raw/qrdn/extracted Quad/test/1661.jpg,qrdn:qr_identity:55,quad,0.929257333278656,tampered,0.07074267417192459,0.04137268289923668,0.8878846168518066,37.873299999773735
ml_training/datasets/structural/raw/qrdn/extracted Quad/test/1662.jpg,qrdn:qr_identity:55,quad,0.765454888343811,tampered,0.23454511165618896,0.0833086371421814,0.6821463108062744,37.31120000156807
ml_training/datasets/structural/raw/qrdn/extracted Quad/test/1663.jpg,qrdn:qr_identity:55,quad,0.8610732555389404,tampered,0.13892675936222076,0.08641240745782852,0.7746608853340149,46.026899999560555
ml_training/datasets/structural/raw/qrdn/extracted Quad/test/1664.jpg,qrdn:qr_identity:55,quad,0.7963079214096069,tampered,0.20369210839271545,0.06388719379901886,0.7324207425117493,31.09039999981178
ml_training/datasets/structural/raw/qrdn/extracted Quad/test/1665.jpg,qrdn:qr_identity:55,quad,0.5570532083511353,clean,0.44294679164886475,0.17413106560707092,0.38292208313941956,38.88189999997849
ml_training/datasets/structural/raw/qrdn/extracted Quad/test/1666.jpg,qrdn:qr_identity:55,quad,0.9934518337249756,tampered,0.006548169534653425,0.001143990783020854,0.9923077821731567,32.77119999984279
ml_training/datasets/structural/raw/qrdn/extracted Quad/test/1667.jpg,qrdn:qr_identity:55,quad,0.4059298634529114,clean,0.5940701365470886,0.09584108740091324,0.31008875370025635,43.442900001537055
ml_training/datasets/structural/raw/qrdn/extracted Quad/test/1668.jpg,qrdn:qr_identity:55,quad,0.9909695386886597,tampered,0.00903047900646925,0.0031855583656579256,0.9877839684486389,34.551000000647036
ml_training/datasets/structural/raw/qrdn/extracted Quad/test/1669.jpg,qrdn:qr_identity:55,quad,0.7819546461105347,tampered,0.21804532408714294,0.0694098249077797,0.712544858455658,32.787700001790654
ml_training/datasets/structural/raw/qrdn/extracted Quad/test/1670.jpg,qrdn:qr_identity:55,quad,0.7757798433303833,tampered,0.2242201566696167,0.13575506210327148,0.6400247812271118,34.379100001388
ml_training/datasets/structural/raw/qrdn/extracted Quad/test/1671.jpg,qrdn:qr_identity:55,quad,0.45304739475250244,clean,0.5469526052474976,0.18285374343395233,0.2701937258243561,40.83329999775742
ml_training/datasets/structural/raw/qrdn/extracted Quad/test/1672.jpg,qrdn:qr_identity:55,quad,0.5017496943473816,clean,0.4982503056526184,0.17643997073173523,0.3253096640110016,40.69630000230973
ml_training/datasets/structural/raw/qrdn/extracted Quad/test/1673.jpg,qrdn:qr_identity:55,quad,0.7817459106445312,tampered,0.21825407445430756,0.06388398259878159,0.7178619503974915,37.42979999879026
ml_training/datasets/structural/raw/qrdn/extracted Quad/test/1674.jpg,qrdn:qr_identity:55,quad,0.504647970199585,clean,0.49535199999809265,0.13997940719127655,0.36466851830482483,44.56019999997807
ml_training/datasets/structural/raw/qrdn/extracted Quad/test/1675.jpg,qrdn:qr_identity:55,quad,0.85258549451828,tampered,0.14741450548171997,0.053430769592523575,0.7991546988487244,37.25699999995413
ml_training/datasets/structural/raw/qrdn/extracted Quad/test/1676.jpg,qrdn:qr_identity:55,quad,0.8146231174468994,tampered,0.18537689745426178,0.06576171517372131,0.7488614320755005,28.93400000175461
ml_training/datasets/structural/raw/qrdn/extracted Quad/test/1677.jpg,qrdn:qr_identity:55,quad,0.3999830484390259,clean,0.6000169515609741,0.17446549236774445,0.22551757097244263,29.961399999592686
ml_training/datasets/structural/raw/qrdn/extracted Quad/test/1678.jpg,qrdn:qr_identity:55,quad,0.46780925989151,clean,0.53219074010849,0.22169996798038483,0.2461092621088028,71.27380000019912
ml_training/datasets/structural/raw/qrdn/extracted Quad/test/1679.jpg,qrdn:qr_identity:55,quad,0.6332532167434692,tampered,0.36674678325653076,0.12994374334812164,0.5033094882965088,38.645399999950314
ml_training/datasets/structural/raw/qrdn/extracted Quad/test/1680.jpg,qrdn:qr_identity:56,quad,0.6457266807556152,tampered,0.35427334904670715,0.11998995393514633,0.5257366895675659,34.53889999946114
ml_training/datasets/structural/raw/qrdn/extracted Quad/test/1681.jpg,qrdn:qr_identity:56,quad,0.5645241737365723,tampered,0.4354758560657501,0.10242562741041183,0.46209853887557983,33.677700001135236
ml_training/datasets/structural/raw/qrdn/extracted Quad/test/1682.jpg,qrdn:qr_identity:56,quad,0.7482199668884277,tampered,0.2517800033092499,0.1267848014831543,0.6214351654052734,41.97889999704785
ml_training/datasets/structural/raw/qrdn/extracted Quad/test/1683.jpg,qrdn:qr_identity:56,quad,0.7591314315795898,tampered,0.24086858332157135,0.07538680732250214,0.6837446093559265,29.66790000209585
ml_training/datasets/structural/raw/qrdn/extracted Quad/test/1684.jpg,qrdn:qr_identity:56,quad,0.5764317512512207,clean,0.4235682785511017,0.15331272780895233,0.4231189787387848,47.01940000086324
ml_training/datasets/structural/raw/qrdn/extracted Quad/test/1685.jpg,qrdn:qr_identity:56,quad,0.8107887506484985,tampered,0.18921124935150146,0.09512010216712952,0.7156686186790466,46.34570000052918
ml_training/datasets/structural/raw/qrdn/extracted Quad/test/1686.jpg,qrdn:qr_identity:56,quad,0.7025489807128906,tampered,0.29745104908943176,0.16348062455654144,0.5390682816505432,40.71689999909722
ml_training/datasets/structural/raw/qrdn/extracted Quad/test/1687.jpg,qrdn:qr_identity:56,quad,0.5635827779769897,clean,0.43641725182533264,0.341592013835907,0.2219906747341156,47.442799997952534
ml_training/datasets/structural/raw/qrdn/extracted Quad/test/1688.jpg,qrdn:qr_identity:56,quad,0.3992385268211365,clean,0.6007614731788635,0.14405083656311035,0.2551876902580261,38.07990000132122
ml_training/datasets/structural/raw/qrdn/extracted Quad/test/1689.jpg,qrdn:qr_identity:56,quad,0.7891778349876404,tampered,0.2108221799135208,0.07452511042356491,0.7146527171134949,33.83849999954691
ml_training/datasets/structural/raw/qrdn/extracted Quad/test/1690.jpg,qrdn:qr_identity:56,quad,0.5184329748153687,clean,0.48156699538230896,0.22700388729572296,0.2914290726184845,34.79710000101477
ml_training/datasets/structural/raw/qrdn/extracted Quad/test/1691.jpg,qrdn:qr_identity:56,quad,0.5884495973587036,tampered,0.4115504324436188,0.17269745469093323,0.415752112865448,30.332300000736723
ml_training/datasets/structural/raw/qrdn/extracted Quad/test/1692.jpg,qrdn:qr_identity:56,quad,0.6354418396949768,tampered,0.3645581603050232,0.12140772491693497,0.5140340924263,28.757399999449262
ml_training/datasets/structural/raw/qrdn/extracted Quad/test/1693.jpg,qrdn:qr_identity:56,quad,0.41548317670822144,clean,0.5845168232917786,0.1739337295293808,0.24154943227767944,30.496600000333274
ml_training/datasets/structural/raw/qrdn/extracted Quad/test/1694.jpg,qrdn:qr_identity:56,quad,0.9196738600730896,tampered,0.08032611757516861,0.026557039469480515,0.89311683177948,26.94340000016382
ml_training/datasets/structural/raw/qrdn/extracted Quad/test/1695.jpg,qrdn:qr_identity:56,quad,0.39309561252593994,clean,0.6069043874740601,0.14915600419044495,0.2439396232366562,33.9458000016748
ml_training/datasets/structural/raw/qrdn/extracted Quad/test/1696.jpg,qrdn:qr_identity:56,quad,0.9989793300628662,tampered,0.0010206651641055942,0.00017472149920649827,0.9988045692443848,29.192300000431715
ml_training/datasets/structural/raw/qrdn/extracted Quad/test/1697.jpg,qrdn:qr_identity:56,quad,0.6465750932693481,tampered,0.35342493653297424,0.08428378403186798,0.5622913241386414,34.204900002805516
ml_training/datasets/structural/raw/qrdn/extracted Quad/test/1698.jpg,qrdn:qr_identity:56,quad,0.9696071743965149,tampered,0.030392833054065704,0.009445743635296822,0.9601614475250244,28.561299997818423
ml_training/datasets/structural/raw/qrdn/extracted Quad/test/1699.jpg,qrdn:qr_identity:56,quad,0.9761465191841125,tampered,0.023853491991758347,0.009654268622398376,0.9664922952651978,34.517399999458576
ml_training/datasets/structural/raw/qrdn/extracted Quad/test/1700.jpg,qrdn:qr_identity:56,quad,0.9592575430870056,tampered,0.04074244573712349,0.027779240161180496,0.9314783215522766,30.708999998751096
ml_training/datasets/structural/raw/qrdn/extracted Quad/test/1701.jpg,qrdn:qr_identity:56,quad,0.6628953814506531,tampered,0.3371046185493469,0.06369636952877045,0.5991989970207214,35.928299999795854
ml_training/datasets/structural/raw/qrdn/extracted Quad/test/1702.jpg,qrdn:qr_identity:56,quad,0.6127586364746094,tampered,0.387241393327713,0.1541171669960022,0.45864149928092957,32.177699999010656
ml_training/datasets/structural/raw/qrdn/extracted Quad/test/1703.jpg,qrdn:qr_identity:56,quad,0.6366575956344604,tampered,0.36334240436553955,0.080490343272686,0.5561672449111938,34.64610000082757
ml_training/datasets/structural/raw/qrdn/extracted Quad/test/1704.jpg,qrdn:qr_identity:56,quad,0.592941164970398,tampered,0.40705880522727966,0.12347619235515594,0.469465047121048,34.118100000341656
ml_training/datasets/structural/raw/qrdn/extracted Quad/test/1705.jpg,qrdn:qr_identity:56,quad,0.36124151945114136,clean,0.6387584805488586,0.1524324268102646,0.20880907773971558,36.86839999863878
ml_training/datasets/structural/raw/qrdn/extracted Quad/test/1706.jpg,qrdn:qr_identity:56,quad,0.5581926107406616,clean,0.441807359457016,0.16920244693756104,0.38899022340774536,33.48790000018198
ml_training/datasets/structural/raw/qrdn/extracted Quad/test/1707.jpg,qrdn:qr_identity:56,quad,0.45088040828704834,clean,0.5491195917129517,0.1795530617237091,0.271327406167984,37.61099999974249
ml_training/datasets/structural/raw/qrdn/extracted Quad/test/1708.jpg,qrdn:qr_identity:56,quad,0.4551859498023987,clean,0.5448140501976013,0.14727145433425903,0.3079144358634949,34.74679999999353
ml_training/datasets/structural/raw/qrdn/extracted Quad/test/1709.jpg,qrdn:qr_identity:56,quad,0.5994386672973633,tampered,0.40056130290031433,0.13629509508609772,0.46314355731010437,33.17049999895971
ml_training/datasets/structural/raw/qrdn/extracted Quad/test/1710.jpg,qrdn:qr_identity:57,quad,0.5369981527328491,clean,0.4630018472671509,0.08148946613073349,0.45550861954689026,30.968299997766735
ml_training/datasets/structural/raw/qrdn/extracted Quad/test/1711.jpg,qrdn:qr_identity:57,quad,0.6131824254989624,tampered,0.38681760430336,0.11314141750335693,0.5000409483909607,33.061699999962
ml_training/datasets/structural/raw/qrdn/extracted Quad/test/1712.jpg,qrdn:qr_identity:57,quad,0.6391579508781433,tampered,0.3608420491218567,0.0867786854505539,0.5523792505264282,29.59999999802676
ml_training/datasets/structural/raw/qrdn/extracted Quad/test/1713.jpg,qrdn:qr_identity:57,quad,0.9244873523712158,tampered,0.07551263272762299,0.047964293509721756,0.8765230774879456,32.528600000659935
ml_training/datasets/structural/raw/qrdn/extracted Quad/test/1714.jpg,qrdn:qr_identity:57,quad,0.6640750169754028,tampered,0.33592498302459717,0.06505101174116135,0.5990240573883057,30.612200000177836
ml_training/datasets/structural/raw/qrdn/extracted Quad/test/1715.jpg,qrdn:qr_identity:57,quad,0.7364029288291931,tampered,0.2635970711708069,0.10366658866405487,0.632736325263977,34.064700001181336
ml_training/datasets/structural/raw/qrdn/extracted Quad/test/1716.jpg,qrdn:qr_identity:57,quad,0.7307900190353394,tampered,0.26920995116233826,0.12566664814949036,0.6051234006881714,30.210500000976026
ml_training/datasets/structural/raw/qrdn/extracted Quad/test/1717.jpg,qrdn:qr_identity:57,quad,0.723349392414093,tampered,0.276650607585907,0.08792382478713989,0.6354256272315979,35.679099997651065
ml_training/datasets/structural/raw/qrdn/extracted Quad/test/1718.jpg,qrdn:qr_identity:57,quad,0.9820926785469055,tampered,0.01790732890367508,0.004190247505903244,0.9779024124145508,32.33890000046813
ml_training/datasets/structural/raw/qrdn/extracted Quad/test/1719.jpg,qrdn:qr_identity:57,quad,0.524199903011322,clean,0.475800096988678,0.10374661535024643,0.4204533100128174,34.48950000165496
ml_training/datasets/structural/raw/qrdn/extracted Quad/test/1720.jpg,qrdn:qr_identity:57,quad,0.5975871086120605,clean,0.40241289138793945,0.2202448546886444,0.3773423135280609,31.625300001905998
ml_training/datasets/structural/raw/qrdn/extracted Quad/test/1721.jpg,qrdn:qr_identity:57,quad,0.9643467664718628,tampered,0.035653259605169296,0.005624615587294102,0.9587221741676331,37.36209999988205
ml_training/datasets/structural/raw/qrdn/extracted Quad/test/1722.jpg,qrdn:qr_identity:57,quad,0.6523324847221375,tampered,0.34766751527786255,0.06611964106559753,0.5862128138542175,33.80800000013551
ml_training/datasets/structural/raw/qrdn/extracted Quad/test/1723.jpg,qrdn:qr_identity:57,quad,0.4549632668495178,clean,0.5450367331504822,0.195499449968338,0.2594638466835022,43.44110000238288
ml_training/datasets/structural/raw/qrdn/extracted Quad/test/1724.jpg,qrdn:qr_identity:57,quad,0.6999363303184509,tampered,0.3000636696815491,0.053203035145998,0.646733283996582,40.1821999985259
ml_training/datasets/structural/raw/qrdn/extracted Quad/test/1725.jpg,qrdn:qr_identity:57,quad,0.6491653323173523,tampered,0.3508346676826477,0.13357487320899963,0.515590488910675,34.829899999749614
ml_training/datasets/structural/raw/qrdn/extracted Quad/test/1726.jpg,qrdn:qr_identity:57,quad,0.9773699045181274,tampered,0.022630121558904648,0.004757262766361237,0.9726126194000244,36.82679999838001
ml_training/datasets/structural/raw/qrdn/extracted Quad/test/1727.jpg,qrdn:qr_identity:57,quad,0.903126060962677,tampered,0.0968739464879036,0.03594639152288437,0.8671796917915344,33.28509999846574
ml_training/datasets/structural/raw/qrdn/extracted Quad/test/1728.jpg,qrdn:qr_identity:57,quad,0.9335355758666992,tampered,0.0664643943309784,0.01900329813361168,0.9145323038101196,32.2349000016402
ml_training/datasets/structural/raw/qrdn/extracted Quad/test/1729.jpg,qrdn:qr_identity:57,quad,0.9275424480438232,tampered,0.07245757430791855,0.03311538323760033,0.8944270610809326,28.412499999831198
ml_training/datasets/structural/raw/qrdn/extracted Quad/test/1730.jpg,qrdn:qr_identity:57,quad,0.7647871971130371,tampered,0.2352127730846405,0.0964568555355072,0.6683304309844971,34.2982000001939
ml_training/datasets/structural/raw/qrdn/extracted Quad/test/1731.jpg,qrdn:qr_identity:57,quad,0.5360738039016724,clean,0.46392622590065,0.11759049445390701,0.41848325729370117,32.504599999811035
ml_training/datasets/structural/raw/qrdn/extracted Quad/test/1732.jpg,qrdn:qr_identity:57,quad,0.9247843027114868,tampered,0.07521571964025497,0.03355659171938896,0.891227662563324,35.12839999893913
ml_training/datasets/structural/raw/qrdn/extracted Quad/test/1733.jpg,qrdn:qr_identity:57,quad,0.6764562129974365,tampered,0.32354381680488586,0.1285124570131302,0.5479437112808228,30.032400001800852
ml_training/datasets/structural/raw/qrdn/extracted Quad/test/1734.jpg,qrdn:qr_identity:57,quad,0.887628972530365,tampered,0.11237102746963501,0.058553870767354965,0.829075038433075,37.73240000009537
ml_training/datasets/structural/raw/qrdn/extracted Quad/test/1735.jpg,qrdn:qr_identity:57,quad,0.609361469745636,tampered,0.390638530254364,0.09437485039234161,0.5149865746498108,30.648399999336107
ml_training/datasets/structural/raw/qrdn/extracted Quad/test/1736.jpg,qrdn:qr_identity:57,quad,0.9184818863868713,tampered,0.08151813596487045,0.04282769560813904,0.8756542205810547,35.35769999871263
ml_training/datasets/structural/raw/qrdn/extracted Quad/test/1737.jpg,qrdn:qr_identity:57,quad,0.9735755324363708,tampered,0.02642444707453251,0.010975107550621033,0.9626004695892334,30.062599998927908
ml_training/datasets/structural/raw/qrdn/extracted Quad/test/1738.jpg,qrdn:qr_identity:57,quad,0.7604345083236694,tampered,0.23956552147865295,0.11052397638559341,0.6499105095863342,34.2041000003519
ml_training/datasets/structural/raw/qrdn/extracted Quad/test/1739.jpg,qrdn:qr_identity:57,quad,0.7200619578361511,tampered,0.2799380421638489,0.08811339735984802,0.6319485902786255,33.370900000591064
ml_training/datasets/structural/raw/qrdn/extracted Quad/test/1740.jpg,qrdn:qr_identity:58,quad,0.9193453192710876,tampered,0.08065468817949295,0.034463390707969666,0.8848819136619568,32.85169999799109
ml_training/datasets/structural/raw/qrdn/extracted Quad/test/1741.jpg,qrdn:qr_identity:58,quad,0.5432438850402832,clean,0.4567560851573944,0.18477889895439148,0.3584649860858917,41.81510000125854
ml_training/datasets/structural/raw/qrdn/extracted Quad/test/1742.jpg,qrdn:qr_identity:58,quad,0.8950637578964233,tampered,0.10493622720241547,0.01657230406999588,0.8784914612770081,38.3311000005051
ml_training/datasets/structural/raw/qrdn/extracted Quad/test/1743.jpg,qrdn:qr_identity:58,quad,0.8815323114395142,tampered,0.11846765875816345,0.030171969905495644,0.8513603806495667,36.167000002024
ml_training/datasets/structural/raw/qrdn/extracted Quad/test/1744.jpg,qrdn:qr_identity:58,quad,0.8241388201713562,tampered,0.175861194729805,0.037070710211992264,0.7870680689811707,43.31069999898318
ml_training/datasets/structural/raw/qrdn/extracted Quad/test/1745.jpg,qrdn:qr_identity:58,quad,0.6886540651321411,tampered,0.3113459348678589,0.13751763105392456,0.5511364340782166,34.25170000264188
ml_training/datasets/structural/raw/qrdn/extracted Quad/test/1746.jpg,qrdn:qr_identity:58,quad,0.8963819742202759,tampered,0.10361803323030472,0.03609732165932655,0.8602846264839172,35.979899999802
ml_training/datasets/structural/raw/qrdn/extracted Quad/test/1747.jpg,qrdn:qr_identity:58,quad,0.6980534195899963,tampered,0.30194658041000366,0.10680782794952393,0.5912455916404724,37.03289999975823
ml_training/datasets/structural/raw/qrdn/extracted Quad/test/1748.jpg,qrdn:qr_identity:58,quad,0.34633922576904297,clean,0.653660774230957,0.12810511887073517,0.2182341367006302,35.16049999961979
ml_training/datasets/structural/raw/qrdn/extracted Quad/test/1749.jpg,qrdn:qr_identity:58,quad,0.7992112040519714,tampered,0.20078878104686737,0.07429725676774979,0.7249139547348022,35.663900001964066
ml_training/datasets/structural/raw/qrdn/extracted Quad/test/1750.jpg,qrdn:qr_identity:58,quad,0.690348744392395,tampered,0.3096512258052826,0.14661335945129395,0.5437354445457458,34.47199999936856
ml_training/datasets/structural/raw/qrdn/extracted Quad/test/1751.jpg,qrdn:qr_identity:58,quad,0.6639052629470825,tampered,0.3360947072505951,0.12425632029771805,0.5396489500999451,32.879500002309214
ml_training/datasets/structural/raw/qrdn/extracted Quad/test/1752.jpg,qrdn:qr_identity:58,quad,0.8556873202323914,tampered,0.14431269466876984,0.07619870454072952,0.7794885635375977,31.330300000263378
ml_training/datasets/structural/raw/qrdn/extracted Quad/test/1753.jpg,qrdn:qr_identity:58,quad,0.8824011087417603,tampered,0.11759892106056213,0.036297593265771866,0.8461034297943115,45.44259999966016
ml_training/datasets/structural/raw/qrdn/extracted Quad/test/1754.jpg,qrdn:qr_identity:58,quad,0.7286173105239868,tampered,0.2713826596736908,0.034418169409036636,0.6941991448402405,41.24210000009043
ml_training/datasets/structural/raw/qrdn/extracted Quad/test/1755.jpg,qrdn:qr_identity:58,quad,0.7570866346359253,tampered,0.2429133951663971,0.09451136738061905,0.6625752449035645,38.51790000044275
ml_training/datasets/structural/raw/qrdn/extracted Quad/test/1756.jpg,qrdn:qr_identity:58,quad,0.9982783198356628,tampered,0.0017216721316799521,0.0003677034401334822,0.9979105591773987,37.752300002466654
ml_training/datasets/structural/raw/qrdn/extracted Quad/test/1757.jpg,qrdn:qr_identity:58,quad,0.8456630110740662,tampered,0.15433700382709503,0.0478958785533905,0.797767162322998,33.52470000027097
ml_training/datasets/structural/raw/qrdn/extracted Quad/test/1758.jpg,qrdn:qr_identity:58,quad,0.9831237196922302,tampered,0.016876287758350372,0.003928044345229864,0.9791957139968872,42.030099997646175
ml_training/datasets/structural/raw/qrdn/extracted Quad/test/1759.jpg,qrdn:qr_identity:58,quad,0.9028422236442566,tampered,0.0971577987074852,0.034347373992204666,0.8684948086738586,32.04510000068694
ml_training/datasets/structural/raw/qrdn/extracted Quad/test/1760.jpg,qrdn:qr_identity:58,quad,0.8178965449333191,tampered,0.18210344016551971,0.07086125761270523,0.7470353245735168,36.08689999964554
ml_training/datasets/structural/raw/qrdn/extracted Quad/test/1761.jpg,qrdn:qr_identity:58,quad,0.31036800146102905,clean,0.689631998538971,0.11542631685733795,0.1949417144060135,31.394400000863243
ml_training/datasets/structural/raw/qrdn/extracted Quad/test/1762.jpg,qrdn:qr_identity:58,quad,0.8430130481719971,tampered,0.15698692202568054,0.07209701836109161,0.7709161043167114,33.355999999912456
ml_training/datasets/structural/raw/qrdn/extracted Quad/test/1763.jpg,qrdn:qr_identity:58,quad,0.354245126247406,clean,0.645754873752594,0.09232371300458908,0.26192137598991394,28.698999998596264
ml_training/datasets/structural/raw/qrdn/extracted Quad/test/1764.jpg,qrdn:qr_identity:58,quad,0.9302099347114563,tampered,0.06979005038738251,0.028846915811300278,0.9013630151748657,30.1350999980059
ml_training/datasets/structural/raw/qrdn/extracted Quad/test/1765.jpg,qrdn:qr_identity:58,quad,0.6109400987625122,tampered,0.3890599012374878,0.12544547021389008,0.48549461364746094,27.496599999722093
ml_training/datasets/structural/raw/qrdn/extracted Quad/test/1766.jpg,qrdn:qr_identity:58,quad,0.9711188077926636,tampered,0.028881197795271873,0.009043361991643906,0.962075412273407,28.908400003274437
ml_training/datasets/structural/raw/qrdn/extracted Quad/test/1767.jpg,qrdn:qr_identity:58,quad,0.5925014019012451,tampered,0.4074985682964325,0.08950143307447433,0.503000020980835,27.496499998960644
ml_training/datasets/structural/raw/qrdn/extracted Quad/test/1768.jpg,qrdn:qr_identity:58,quad,0.8527356386184692,tampered,0.14726439118385315,0.0288101676851511,0.8239254355430603,32.40920000098413
ml_training/datasets/structural/raw/qrdn/extracted Quad/test/1769.jpg,qrdn:qr_identity:58,quad,0.8406292200088501,tampered,0.15937075018882751,0.048717956990003586,0.791911244392395,32.17189999850234
ml_training/datasets/structural/raw/qrdn/extracted Quad/test/1770.jpg,qrdn:qr_identity:59,quad,0.7503644824028015,tampered,0.2496355026960373,0.11293121427297592,0.6374332904815674,27.99299999969662
ml_training/datasets/structural/raw/qrdn/extracted Quad/test/1771.jpg,qrdn:qr_identity:59,quad,0.5218138098716736,clean,0.4781861901283264,0.2880023419857025,0.2338114231824875,31.631400001060683
ml_training/datasets/structural/raw/qrdn/extracted Quad/test/1772.jpg,qrdn:qr_identity:59,quad,0.5720405578613281,tampered,0.42795947194099426,0.10487291216850281,0.46716758608818054,27.61090000058175
ml_training/datasets/structural/raw/qrdn/extracted Quad/test/1773.jpg,qrdn:qr_identity:59,quad,0.5749040842056274,clean,0.42509591579437256,0.15956199169158936,0.4153420925140381,37.29070000190404
ml_training/datasets/structural/raw/qrdn/extracted Quad/test/1774.jpg,qrdn:qr_identity:59,quad,0.6496418118476868,tampered,0.35035818815231323,0.17361581325531006,0.4760260283946991,32.38670000064303
ml_training/datasets/structural/raw/qrdn/extracted Quad/test/1775.jpg,qrdn:qr_identity:59,quad,0.7479503154754639,tampered,0.25204965472221375,0.09727751463651657,0.6506727933883667,34.52130000005127
ml_training/datasets/structural/raw/qrdn/extracted Quad/test/1776.jpg,qrdn:qr_identity:59,quad,0.6640877723693848,tampered,0.3359122574329376,0.1126280352473259,0.5514596700668335,27.477699997689342
ml_training/datasets/structural/raw/qrdn/extracted Quad/test/1777.jpg,qrdn:qr_identity:59,quad,0.6127570867538452,tampered,0.3872429430484772,0.17228205502033234,0.44047507643699646,30.58219999729772
ml_training/datasets/structural/raw/qrdn/extracted Quad/test/1778.jpg,qrdn:qr_identity:59,quad,0.5199064016342163,clean,0.4800935983657837,0.15579842031002045,0.36410799622535706,30.67139999984647
ml_training/datasets/structural/raw/qrdn/extracted Quad/test/1779.jpg,qrdn:qr_identity:59,quad,0.5754127502441406,clean,0.42458727955818176,0.1757974475622177,0.3996152877807617,36.624799999117386
ml_training/datasets/structural/raw/qrdn/extracted Quad/test/1780.jpg,qrdn:qr_identity:59,quad,0.7501057386398315,tampered,0.24989426136016846,0.06928369402885437,0.6808220744132996,33.78130000055535
ml_training/datasets/structural/raw/qrdn/extracted Quad/test/1781.jpg,qrdn:qr_identity:59,quad,0.740401029586792,tampered,0.2595989406108856,0.1588207483291626,0.5815803408622742,33.16560000166646
ml_training/datasets/structural/raw/qrdn/extracted Quad/test/1782.jpg,qrdn:qr_identity:59,quad,0.5718332529067993,clean,0.4281667172908783,0.17331287264823914,0.39852043986320496,27.85550000044168
ml_training/datasets/structural/raw/qrdn/extracted Quad/test/1783.jpg,qrdn:qr_identity:59,quad,0.5831273198127747,clean,0.41687268018722534,0.2707950472831726,0.31233227252960205,29.95770000052289
ml_training/datasets/structural/raw/qrdn/extracted Quad/test/1784.jpg,qrdn:qr_identity:59,quad,0.610477089881897,tampered,0.389522910118103,0.162599578499794,0.44787752628326416,31.033199997182237
ml_training/datasets/structural/raw/qrdn/extracted Quad/test/1785.jpg,qrdn:qr_identity:59,quad,0.7503013610839844,tampered,0.24969862401485443,0.09330551326274872,0.6569958925247192,30.941100001655286
ml_training/datasets/structural/raw/qrdn/extracted Quad/test/1786.jpg,qrdn:qr_identity:59,quad,0.9988670349121094,tampered,0.0011329621775075793,0.00022864156926516443,0.9986383318901062,30.962999997427687
ml_training/datasets/structural/raw/qrdn/extracted Quad/test/1787.jpg,qrdn:qr_identity:59,quad,0.7428252696990967,tampered,0.2571747303009033,0.10063161700963974,0.642193615436554,29.023699997196672
ml_training/datasets/structural/raw/qrdn/extracted Quad/test/1788.jpg,qrdn:qr_identity:59,quad,0.9436485767364502,tampered,0.0563514418900013,0.01731850579380989,0.9263300895690918,32.207000000198605
ml_training/datasets/structural/raw/qrdn/extracted Quad/test/1789.jpg,qrdn:qr_identity:59,quad,0.9886554479598999,tampered,0.011344579979777336,0.005381015129387379,0.9832744002342224,28.515300000435673
ml_training/datasets/structural/raw/qrdn/extracted Quad/test/1790.jpg,qrdn:qr_identity:59,quad,0.9243685603141785,tampered,0.07563146203756332,0.0254580769687891,0.8989104628562927,36.52169999986654
ml_training/datasets/structural/raw/qrdn/extracted Quad/test/1791.jpg,qrdn:qr_identity:59,quad,0.6346012353897095,tampered,0.36539873480796814,0.1257411390542984,0.5088601112365723,30.138199999782955
ml_training/datasets/structural/raw/qrdn/extracted Quad/test/1792.jpg,qrdn:qr_identity:59,quad,0.6895408630371094,tampered,0.310459166765213,0.07166624814271927,0.6178745627403259,33.43280000262894
ml_training/datasets/structural/raw/qrdn/extracted Quad/test/1793.jpg,qrdn:qr_identity:59,quad,0.5230844020843506,clean,0.476915568113327,0.15641608834266663,0.36666834354400635,30.67440000086208
ml_training/datasets/structural/raw/qrdn/extracted Quad/test/1794.jpg,qrdn:qr_identity:59,quad,0.8821598291397095,tampered,0.11784016340970993,0.049194540828466415,0.8329653143882751,38.00269999919692
ml_training/datasets/structural/raw/qrdn/extracted Quad/test/1795.jpg,qrdn:qr_identity:59,quad,0.6848698854446411,tampered,0.3151301145553589,0.15146997570991516,0.5333998799324036,32.782999998744344
ml_training/datasets/structural/raw/qrdn/extracted Quad/test/1796.jpg,qrdn:qr_identity:59,quad,0.914976954460144,tampered,0.08502304553985596,0.04211422801017761,0.8728627562522888,35.67470000052708
ml_training/datasets/structural/raw/qrdn/extracted Quad/test/1797.jpg,qrdn:qr_identity:59,quad,0.5826853513717651,clean,0.4173146188259125,0.24757994711399078,0.33510538935661316,27.035999999498017
ml_training/datasets/structural/raw/qrdn/extracted Quad/test/1798.jpg,qrdn:qr_identity:59,quad,0.658760666847229,tampered,0.341239333152771,0.225397527217865,0.4333631694316864,30.975000001490116
ml_training/datasets/structural/raw/qrdn/extracted Quad/test/1799.jpg,qrdn:qr_identity:59,quad,0.6699818968772888,tampered,0.3300181031227112,0.1255563348531723,0.5444255471229553,27.178600001207087
ml_training/datasets/structural/raw/qrdn/extracted Quad/test/1800.jpg,qrdn:qr_identity:60,quad,0.721336841583252,tampered,0.27866312861442566,0.05578887090086937,0.6655479669570923,30.80719999707071
ml_training/datasets/structural/raw/qrdn/extracted Quad/test/1801.jpg,qrdn:qr_identity:60,quad,0.7439209818840027,tampered,0.2560790181159973,0.06340731680393219,0.6805136203765869,28.96139999938896
ml_training/datasets/structural/raw/qrdn/extracted Quad/test/1802.jpg,qrdn:qr_identity:60,quad,0.766782820224762,tampered,0.23321719467639923,0.07060615718364716,0.6961765885353088,30.990600000222912
ml_training/datasets/structural/raw/qrdn/extracted Quad/test/1803.jpg,qrdn:qr_identity:60,quad,0.9829238057136536,tampered,0.01707618124783039,0.00580036174505949,0.977123498916626,31.118499999138294
ml_training/datasets/structural/raw/qrdn/extracted Quad/test/1804.jpg,qrdn:qr_identity:60,quad,0.48936861753463745,clean,0.5106313824653625,0.108807772397995,0.38056084513664246,25.957499998185085
ml_training/datasets/structural/raw/qrdn/extracted Quad/test/1805.jpg,qrdn:qr_identity:60,quad,0.9009663462638855,tampered,0.0990336686372757,0.025199681520462036,0.8757666349411011,36.82689999914146
ml_training/datasets/structural/raw/qrdn/extracted Quad/test/1806.jpg,qrdn:qr_identity:60,quad,0.8667436242103577,tampered,0.13325636088848114,0.04200141876935959,0.8247421979904175,31.018400000903057
ml_training/datasets/structural/raw/qrdn/extracted Quad/test/1807.jpg,qrdn:qr_identity:60,quad,0.4602217674255371,clean,0.5397782325744629,0.07278385758399963,0.38743793964385986,30.479100001684856
ml_training/datasets/structural/raw/qrdn/extracted Quad/test/1808.jpg,qrdn:qr_identity:60,quad,0.5488759875297546,tampered,0.45112401247024536,0.06438301503658295,0.4844929575920105,33.89890000107698
ml_training/datasets/structural/raw/qrdn/extracted Quad/test/1809.jpg,qrdn:qr_identity:60,quad,0.55308997631073,clean,0.44690999388694763,0.12857097387313843,0.42451897263526917,30.8867999992799
ml_training/datasets/structural/raw/qrdn/extracted Quad/test/1810.jpg,qrdn:qr_identity:60,quad,0.5367956161499023,clean,0.46320438385009766,0.10836011916399002,0.4284355342388153,30.06699999968987
ml_training/datasets/structural/raw/qrdn/extracted Quad/test/1811.jpg,qrdn:qr_identity:60,quad,0.6707502603530884,tampered,0.32924970984458923,0.0958499014377594,0.5749003887176514,36.22149999864632
ml_training/datasets/structural/raw/qrdn/extracted Quad/test/1812.jpg,qrdn:qr_identity:60,quad,0.7887765169143677,tampered,0.21122345328330994,0.03581981733441353,0.752956748008728,32.79540000221459
ml_training/datasets/structural/raw/qrdn/extracted Quad/test/1813.jpg,qrdn:qr_identity:60,quad,0.7957695722579956,tampered,0.2042304426431656,0.05926084518432617,0.7365087270736694,30.663400000776164
ml_training/datasets/structural/raw/qrdn/extracted Quad/test/1814.jpg,qrdn:qr_identity:60,quad,0.7592423558235168,tampered,0.24075765907764435,0.03244895860552788,0.7267933487892151,30.406899997615255
ml_training/datasets/structural/raw/qrdn/extracted Quad/test/1815.jpg,qrdn:qr_identity:60,quad,0.8431704640388489,tampered,0.15682952105998993,0.031845156103372574,0.8113253116607666,30.269099999713944
ml_training/datasets/structural/raw/qrdn/extracted Quad/test/1816.jpg,qrdn:qr_identity:60,quad,0.9977518320083618,tampered,0.002248150296509266,0.0004688235931098461,0.9972829818725586,29.625499999383464
ml_training/datasets/structural/raw/qrdn/extracted Quad/test/1817.jpg,qrdn:qr_identity:60,quad,0.7849128246307373,tampered,0.2150871753692627,0.048882562667131424,0.7360302805900574,30.397800001082942
ml_training/datasets/structural/raw/qrdn/extracted Quad/test/1818.jpg,qrdn:qr_identity:60,quad,0.8204912543296814,tampered,0.1795087307691574,0.0507170669734478,0.7697741985321045,27.47549999912735
ml_training/datasets/structural/raw/qrdn/extracted Quad/test/1819.jpg,qrdn:qr_identity:60,quad,0.5444072484970093,tampered,0.4555927515029907,0.08219415694475174,0.46221300959587097,27.934800000366522
ml_training/datasets/structural/raw/qrdn/extracted Quad/test/1820.jpg,qrdn:qr_identity:60,quad,0.8405275940895081,tampered,0.15947239100933075,0.043257396668195724,0.7972702383995056,30.04230000078678
ml_training/datasets/structural/raw/qrdn/extracted Quad/test/1821.jpg,qrdn:qr_identity:60,quad,0.5578089952468872,tampered,0.4421910345554352,0.025350984185934067,0.5324579477310181,27.761900000768946
ml_training/datasets/structural/raw/qrdn/extracted Quad/test/1822.jpg,qrdn:qr_identity:60,quad,0.6226152181625366,tampered,0.377384752035141,0.06079283729195595,0.5618224143981934,32.60710000176914
ml_training/datasets/structural/raw/qrdn/extracted Quad/test/1823.jpg,qrdn:qr_identity:60,quad,0.6741476058959961,tampered,0.3258523941040039,0.04663516581058502,0.6275124549865723,26.33909999713069
ml_training/datasets/structural/raw/qrdn/extracted Quad/test/1824.jpg,qrdn:qr_identity:60,quad,0.7330229878425598,tampered,0.2669770121574402,0.054526474326848984,0.6784965395927429,28.669600000284845
ml_training/datasets/structural/raw/qrdn/extracted Quad/test/1825.jpg,qrdn:qr_identity:60,quad,0.9091706871986389,tampered,0.0908292904496193,0.012234379537403584,0.8969363570213318,28.684699998848373
ml_training/datasets/structural/raw/qrdn/extracted Quad/test/1826.jpg,qrdn:qr_identity:60,quad,0.716322124004364,tampered,0.283677875995636,0.07178428024053574,0.6445378661155701,27.27489999961108
ml_training/datasets/structural/raw/qrdn/extracted Quad/test/1827.jpg,qrdn:qr_identity:60,quad,0.4483126401901245,clean,0.5516873598098755,0.11965455859899521,0.3286580741405487,38.01229999953648
ml_training/datasets/structural/raw/qrdn/extracted Quad/test/1828.jpg,qrdn:qr_identity:60,quad,0.7920612692832947,tampered,0.20793874561786652,0.039746761322021484,0.7523145079612732,28.850999999121996
ml_training/datasets/structural/raw/qrdn/extracted Quad/test/1829.jpg,qrdn:qr_identity:60,quad,0.6758724451065063,tampered,0.32412755489349365,0.06480091065168381,0.6110715270042419,40.03050000028452
ml_training/datasets/structural/raw/qrdn/extracted Quad/test/1830.jpg,qrdn:qr_identity:61,quad,0.5403056740760803,clean,0.4596943259239197,0.08225773274898529,0.45804789662361145,28.80369999911636
ml_training/datasets/structural/raw/qrdn/extracted Quad/test/1831.jpg,qrdn:qr_identity:61,quad,0.8532630205154419,tampered,0.14673694968223572,0.031210362911224365,0.8220527172088623,31.987300000764662
ml_training/datasets/structural/raw/qrdn/extracted Quad/test/1832.jpg,qrdn:qr_identity:61,quad,0.5689629912376404,tampered,0.4310370087623596,0.10978077352046967,0.4591822326183319,29.918500000349013
ml_training/datasets/structural/raw/qrdn/extracted Quad/test/1833.jpg,qrdn:qr_identity:61,quad,0.7388186454772949,tampered,0.26118138432502747,0.0786970928311348,0.6601215600967407,37.47709999879589
ml_training/datasets/structural/raw/qrdn/extracted Quad/test/1834.jpg,qrdn:qr_identity:61,quad,0.6187763810157776,tampered,0.3812236189842224,0.05071762576699257,0.5680586695671082,28.722799997922266
ml_training/datasets/structural/raw/qrdn/extracted Quad/test/1835.jpg,qrdn:qr_identity:61,quad,0.716842770576477,tampered,0.28315719962120056,0.042901016771793365,0.6739417910575867,38.21740000057616
ml_training/datasets/structural/raw/qrdn/extracted Quad/test/1836.jpg,qrdn:qr_identity:61,quad,0.8965260982513428,tampered,0.10347390919923782,0.02602759562432766,0.8704984784126282,26.089999999385327
ml_training/datasets/structural/raw/qrdn/extracted Quad/test/1837.jpg,qrdn:qr_identity:61,quad,0.4618438482284546,clean,0.5381561517715454,0.05868237465620041,0.40316152572631836,34.47810000216123
ml_training/datasets/structural/raw/qrdn/extracted Quad/test/1838.jpg,qrdn:qr_identity:61,quad,0.5245620608329773,clean,0.4754379391670227,0.08841553330421448,0.4361465871334076,29.83470000253874
ml_training/datasets/structural/raw/qrdn/extracted Quad/test/1839.jpg,qrdn:qr_identity:61,quad,0.8570367097854614,tampered,0.14296330511569977,0.030301854014396667,0.8267348408699036,34.49960000216379
ml_training/datasets/structural/raw/qrdn/extracted Quad/test/1840.jpg,qrdn:qr_identity:61,quad,0.6510003209114075,tampered,0.34899967908859253,0.04845455288887024,0.6025457382202148,28.419800000847317
ml_training/datasets/structural/raw/qrdn/extracted Quad/test/1841.jpg,qrdn:qr_identity:61,quad,0.6568281650543213,tampered,0.3431718051433563,0.10601922869682312,0.5508089661598206,32.50079999997979
ml_training/datasets/structural/raw/qrdn/extracted Quad/test/1842.jpg,qrdn:qr_identity:61,quad,0.9805297255516052,tampered,0.019470294937491417,0.0013995253248140216,0.979130208492279,28.13570000216714
ml_training/datasets/structural/raw/qrdn/extracted Quad/test/1843.jpg,qrdn:qr_identity:61,quad,0.8797774314880371,tampered,0.1202225387096405,0.01889403536915779,0.8608834147453308,27.737300002627308
ml_training/datasets/structural/raw/qrdn/extracted Quad/test/1844.jpg,qrdn:qr_identity:61,quad,0.6315357685089111,tampered,0.36846426129341125,0.03872682526707649,0.5928089022636414,29.90990000034799
ml_training/datasets/structural/raw/qrdn/extracted Quad/test/1845.jpg,qrdn:qr_identity:61,quad,0.4978826642036438,clean,0.5021173357963562,0.07316567003726959,0.424716979265213,28.926099999807775
ml_training/datasets/structural/raw/qrdn/extracted Quad/test/1846.jpg,qrdn:qr_identity:61,quad,0.9963866472244263,tampered,0.0036133446265012026,0.0008002724498510361,0.9955863952636719,31.122799999138806
ml_training/datasets/structural/raw/qrdn/extracted Quad/test/1847.jpg,qrdn:qr_identity:61,quad,0.8357439041137695,tampered,0.16425612568855286,0.04010569676756859,0.7956381440162659,28.175799998280127
ml_training/datasets/structural/raw/qrdn/extracted Quad/test/1848.jpg,qrdn:qr_identity:61,quad,0.9313297271728516,tampered,0.06867028772830963,0.01725607179105282,0.9140735864639282,30.058699998335214
ml_training/datasets/structural/raw/qrdn/extracted Quad/test/1849.jpg,qrdn:qr_identity:61,quad,0.8172367215156555,tampered,0.18276327848434448,0.05501098558306694,0.7622256875038147,27.283000003080815
ml_training/datasets/structural/raw/qrdn/extracted Quad/test/1850.jpg,qrdn:qr_identity:61,quad,0.7033448219299316,tampered,0.29665514826774597,0.11106754094362259,0.5922772884368896,32.371199999033706
ml_training/datasets/structural/raw/qrdn/extracted Quad/test/1851.jpg,qrdn:qr_identity:61,quad,0.5052084922790527,clean,0.49479150772094727,0.06947801262140274,0.4357304275035858,31.550600000628037
ml_training/datasets/structural/raw/qrdn/extracted Quad/test/1852.jpg,qrdn:qr_identity:61,quad,0.7905417084693909,tampered,0.20945830643177032,0.02285383827984333,0.7676878571510315,31.028800000058254
ml_training/datasets/structural/raw/qrdn/extracted Quad/test/1853.jpg,qrdn:qr_identity:61,quad,0.6226400136947632,tampered,0.3773600161075592,0.031974829733371735,0.5906651616096497,25.41689999998198
ml_training/datasets/structural/raw/qrdn/extracted Quad/test/1854.jpg,qrdn:qr_identity:61,quad,0.6033895611763,tampered,0.39661043882369995,0.035501014441251755,0.5678885579109192,29.953500001283828
ml_training/datasets/structural/raw/qrdn/extracted Quad/test/1855.jpg,qrdn:qr_identity:61,quad,0.7030618190765381,tampered,0.2969381511211395,0.06296627223491669,0.640095591545105,27.038299998821458
ml_training/datasets/structural/raw/qrdn/extracted Quad/test/1856.jpg,qrdn:qr_identity:61,quad,0.6548715829849243,tampered,0.3451283872127533,0.04059542715549469,0.6142761707305908,28.122899999289075
ml_training/datasets/structural/raw/qrdn/extracted Quad/test/1857.jpg,qrdn:qr_identity:61,quad,0.4080076217651367,clean,0.5919923782348633,0.06015721336007118,0.34785041213035583,34.85189999992144
ml_training/datasets/structural/raw/qrdn/extracted Quad/test/1858.jpg,qrdn:qr_identity:61,quad,0.5419564247131348,clean,0.4580436050891876,0.11233214288949966,0.4296242594718933,28.202800000144634
ml_training/datasets/structural/raw/qrdn/extracted Quad/test/1859.jpg,qrdn:qr_identity:61,quad,0.8563727140426636,tampered,0.14362725615501404,0.03038649447262287,0.8259862065315247,32.54739999829326
ml_training/datasets/structural/raw/qrdn/extracted Quad/test/1860.jpg,qrdn:qr_identity:62,quad,0.8293291926383972,tampered,0.1706707924604416,0.05937015265226364,0.7699590921401978,27.407000001403503
ml_training/datasets/structural/raw/qrdn/extracted Quad/test/1861.jpg,qrdn:qr_identity:62,quad,0.874396562576294,tampered,0.12560343742370605,0.040655698627233505,0.8337408900260925,30.530799998814473
ml_training/datasets/structural/raw/qrdn/extracted Quad/test/1862.jpg,qrdn:qr_identity:62,quad,0.8959035873413086,tampered,0.1040964350104332,0.020965995267033577,0.8749376535415649,31.356199997389922
ml_training/datasets/structural/raw/qrdn/extracted Quad/test/1863.jpg,qrdn:qr_identity:62,quad,0.5697531700134277,tampered,0.43024685978889465,0.08639033883810043,0.4833628237247467,30.60629999890807
ml_training/datasets/structural/raw/qrdn/extracted Quad/test/1864.jpg,qrdn:qr_identity:62,quad,0.6525967121124268,tampered,0.34740331768989563,0.059120893478393555,0.5934757590293884,28.260600000066916
ml_training/datasets/structural/raw/qrdn/extracted Quad/test/1865.jpg,qrdn:qr_identity:62,quad,0.7059751749038696,tampered,0.294024795293808,0.06689304113388062,0.6390821933746338,29.936700000689598
ml_training/datasets/structural/raw/qrdn/extracted Quad/test/1866.jpg,qrdn:qr_identity:62,quad,0.9415976405143738,tampered,0.05840236693620682,0.018612833693623543,0.922984778881073,30.525300000590505
ml_training/datasets/structural/raw/qrdn/extracted Quad/test/1867.jpg,qrdn:qr_identity:62,quad,0.5743485689163208,tampered,0.4256514012813568,0.055103376507759094,0.5192452073097229,33.37699999974575
ml_training/datasets/structural/raw/qrdn/extracted Quad/test/1868.jpg,qrdn:qr_identity:62,quad,0.5581309199333191,tampered,0.4418690800666809,0.10051790624856949,0.4576129913330078,32.68039999966277
ml_training/datasets/structural/raw/qrdn/extracted Quad/test/1869.jpg,qrdn:qr_identity:62,quad,0.7187680006027222,tampered,0.2812320291996002,0.028733225539326668,0.6900347471237183,31.248299997969298
ml_training/datasets/structural/raw/qrdn/extracted Quad/test/1870.jpg,qrdn:qr_identity:62,quad,0.3819897174835205,clean,0.6180102825164795,0.07149127870798111,0.31049844622612,32.06750000026659
ml_training/datasets/structural/raw/qrdn/extracted Quad/test/1871.jpg,qrdn:qr_identity:62,quad,0.6101893186569214,tampered,0.389810711145401,0.07306095212697983,0.5371283888816833,26.723999999376247
ml_training/datasets/structural/raw/qrdn/extracted Quad/test/1872.jpg,qrdn:qr_identity:62,quad,0.48712170124053955,clean,0.5128782987594604,0.05625446140766144,0.43086716532707214,31.79729999828851
ml_training/datasets/structural/raw/qrdn/extracted Quad/test/1873.jpg,qrdn:qr_identity:62,quad,0.8238979578018188,tampered,0.17610201239585876,0.03539320454001427,0.7885048389434814,27.77530000093975
ml_training/datasets/structural/raw/qrdn/extracted Quad/test/1874.jpg,qrdn:qr_identity:62,quad,0.5793973207473755,tampered,0.4206026494503021,0.07042322307825089,0.5089741349220276,31.670300002588192
ml_training/datasets/structural/raw/qrdn/extracted Quad/test/1875.jpg,qrdn:qr_identity:62,quad,0.4131755828857422,clean,0.5868244171142578,0.16208623349666595,0.25108933448791504,26.06500000183587
ml_training/datasets/structural/raw/qrdn/extracted Quad/test/1876.jpg,qrdn:qr_identity:62,quad,0.9938113689422607,tampered,0.006188638973981142,0.001811981201171875,0.9919994473457336,29.748199998721248
ml_training/datasets/structural/raw/qrdn/extracted Quad/test/1877.jpg,qrdn:qr_identity:62,quad,0.8545359373092651,tampered,0.14546407759189606,0.02447066456079483,0.8300652503967285,30.50209999855724
ml_training/datasets/structural/raw/qrdn/extracted Quad/test/1878.jpg,qrdn:qr_identity:62,quad,0.9158158898353577,tampered,0.08418411761522293,0.019659241661429405,0.8961566686630249,28.330299999652198
ml_training/datasets/structural/raw/qrdn/extracted Quad/test/1879.jpg,qrdn:qr_identity:62,quad,0.43311673402786255,clean,0.5668832659721375,0.11117111891508102,0.3219456374645233,32.54610000294633
ml_training/datasets/structural/raw/qrdn/extracted Quad/test/1880.jpg,qrdn:qr_identity:62,quad,0.80497807264328,tampered,0.19502191245555878,0.05055251717567444,0.754425585269928,30.92050000122981
ml_training/datasets/structural/raw/qrdn/extracted Quad/test/1881.jpg,qrdn:qr_identity:62,quad,0.7432379722595215,tampered,0.25676199793815613,0.02013194002211094,0.7231060266494751,31.594799998856615
ml_training/datasets/structural/raw/qrdn/extracted Quad/test/1882.jpg,qrdn:qr_identity:62,quad,0.8821919560432434,tampered,0.11780806630849838,0.024485642090439796,0.8577063083648682,27.96899999884772
ml_training/datasets/structural/raw/qrdn/extracted Quad/test/1883.jpg,qrdn:qr_identity:62,quad,0.7681456804275513,tampered,0.23185431957244873,0.039836134761571884,0.7283095121383667,29.061099998216378
ml_training/datasets/structural/raw/qrdn/extracted Quad/test/1884.jpg,qrdn:qr_identity:62,quad,0.7789067029953003,tampered,0.2210933268070221,0.06076640263199806,0.7181402444839478,29.712999999901513
ml_training/datasets/structural/raw/qrdn/extracted Quad/test/1885.jpg,qrdn:qr_identity:62,quad,0.9406628012657166,tampered,0.059337224811315536,0.024648373946547508,0.9160144329071045,31.78489999845624
ml_training/datasets/structural/raw/qrdn/extracted Quad/test/1886.jpg,qrdn:qr_identity:62,quad,0.8049556612968445,tampered,0.19504433870315552,0.07061977684497833,0.7343358993530273,28.717599998344667
ml_training/datasets/structural/raw/qrdn/extracted Quad/test/1887.jpg,qrdn:qr_identity:62,quad,0.8504409790039062,tampered,0.14955900609493256,0.02440796047449112,0.8260329961776733,29.845699998986674
ml_training/datasets/structural/raw/qrdn/extracted Quad/test/1888.jpg,qrdn:qr_identity:62,quad,0.33110320568084717,clean,0.6688967943191528,0.06435484439134598,0.2667483687400818,31.539100000372855
ml_training/datasets/structural/raw/qrdn/extracted Quad/test/1889.jpg,qrdn:qr_identity:62,quad,0.5695333480834961,tampered,0.4304666221141815,0.03389154002070427,0.5356418490409851,27.07419999933336
ml_training/datasets/structural/raw/qrdn/extracted Quad/test/1890.jpg,qrdn:qr_identity:63,quad,0.5461273193359375,tampered,0.4538726806640625,0.07503774017095566,0.47108951210975647,32.559800001763506
ml_training/datasets/structural/raw/qrdn/extracted Quad/test/1891.jpg,qrdn:qr_identity:63,quad,0.9172996282577515,tampered,0.08270038664340973,0.015234437771141529,0.9020651578903198,30.200400000467198
ml_training/datasets/structural/raw/qrdn/extracted Quad/test/1892.jpg,qrdn:qr_identity:63,quad,0.6802420616149902,tampered,0.31975796818733215,0.056846581399440765,0.6233955025672913,32.46689999650698
ml_training/datasets/structural/raw/qrdn/extracted Quad/test/1893.jpg,qrdn:qr_identity:63,quad,0.7107343673706055,tampered,0.28926563262939453,0.05326920002698898,0.6574651002883911,27.972500000032596
ml_training/datasets/structural/raw/qrdn/extracted Quad/test/1894.jpg,qrdn:qr_identity:63,quad,0.7957012057304382,tampered,0.20429879426956177,0.029552936553955078,0.7661482691764832,28.81879999767989
ml_training/datasets/structural/raw/qrdn/extracted Quad/test/1895.jpg,qrdn:qr_identity:63,quad,0.4325945973396301,clean,0.5674054026603699,0.10370074957609177,0.328893780708313,29.414799999358365
ml_training/datasets/structural/raw/qrdn/extracted Quad/test/1896.jpg,qrdn:qr_identity:63,quad,0.844542384147644,tampered,0.15545758605003357,0.05454804003238678,0.7899943590164185,29.068700001516845
ml_training/datasets/structural/raw/qrdn/extracted Quad/test/1897.jpg,qrdn:qr_identity:63,quad,0.6207519173622131,tampered,0.37924808263778687,0.04475682973861694,0.5759950876235962,27.37890000207699
ml_training/datasets/structural/raw/qrdn/extracted Quad/test/1898.jpg,qrdn:qr_identity:63,quad,0.591091513633728,tampered,0.40890851616859436,0.043250687420368195,0.5478408336639404,28.555699998833006
ml_training/datasets/structural/raw/qrdn/extracted Quad/test/1899.jpg,qrdn:qr_identity:63,quad,0.9027923345565796,tampered,0.09720764309167862,0.02582552097737789,0.8769668340682983,33.79469999708817
ml_training/datasets/structural/raw/qrdn/extracted Quad/test/1900.jpg,qrdn:qr_identity:63,quad,0.6734877228736877,tampered,0.32651227712631226,0.0595611147582531,0.6139265894889832,26.793700002599508
ml_training/datasets/structural/raw/qrdn/extracted Quad/test/1901.jpg,qrdn:qr_identity:63,quad,0.5668420791625977,tampered,0.43315789103507996,0.08599530160427094,0.4808467924594879,33.22830000251997
ml_training/datasets/structural/raw/qrdn/extracted Quad/test/1902.jpg,qrdn:qr_identity:63,quad,0.7578902840614319,tampered,0.24210970103740692,0.10629551112651825,0.6515948176383972,29.255600002215942
ml_training/datasets/structural/raw/qrdn/extracted Quad/test/1903.jpg,qrdn:qr_identity:63,quad,0.6056120991706848,tampered,0.3943879008293152,0.09619960933923721,0.5094124674797058,30.324899998959154
ml_training/datasets/structural/raw/qrdn/extracted Quad/test/1904.jpg,qrdn:qr_identity:63,quad,0.5648254156112671,tampered,0.4351745545864105,0.030738556757569313,0.5340868830680847,30.58660000169766
ml_training/datasets/structural/raw/qrdn/extracted Quad/test/1905.jpg,qrdn:qr_identity:63,quad,0.39791566133499146,clean,0.6020843386650085,0.06443072110414505,0.3334849774837494,28.07329999996
ml_training/datasets/structural/raw/qrdn/extracted Quad/test/1906.jpg,qrdn:qr_identity:63,quad,0.9919339418411255,tampered,0.008066028356552124,0.0017922522965818644,0.9901416897773743,35.2645000020857
ml_training/datasets/structural/raw/qrdn/extracted Quad/test/1907.jpg,qrdn:qr_identity:63,quad,0.906542181968689,tampered,0.09345781058073044,0.02270732820034027,0.8838348388671875,31.651000001147622
ml_training/datasets/structural/raw/qrdn/extracted Quad/test/1908.jpg,qrdn:qr_identity:63,quad,0.892264187335968,tampered,0.10773580521345139,0.03086995892226696,0.8613941669464111,28.73650000037742
ml_training/datasets/structural/raw/qrdn/extracted Quad/test/1909.jpg,qrdn:qr_identity:63,quad,0.7493428587913513,tampered,0.2506571412086487,0.05780914053320885,0.6915336847305298,27.48490000158199
ml_training/datasets/structural/raw/qrdn/extracted Quad/test/1910.jpg,qrdn:qr_identity:63,quad,0.7534093260765076,tampered,0.24659068882465363,0.0513419508934021,0.7020673751831055,30.717199999344302
ml_training/datasets/structural/raw/qrdn/extracted Quad/test/1911.jpg,qrdn:qr_identity:63,quad,0.4682716727256775,clean,0.5317283272743225,0.03497154638171196,0.4333001375198364,29.957300001115073
ml_training/datasets/structural/raw/qrdn/extracted Quad/test/1912.jpg,qrdn:qr_identity:63,quad,0.5656821131706238,tampered,0.4343178868293762,0.060439933091402054,0.5052422285079956,31.713500000478234
ml_training/datasets/structural/raw/qrdn/extracted Quad/test/1913.jpg,qrdn:qr_identity:63,quad,0.9477865695953369,tampered,0.05221344158053398,0.016551656648516655,0.9312349557876587,29.230299998744158
ml_training/datasets/structural/raw/qrdn/extracted Quad/test/1914.jpg,qrdn:qr_identity:63,quad,0.9246739745140076,tampered,0.07532604038715363,0.024365754798054695,0.9003081917762756,31.34670000144979
ml_training/datasets/structural/raw/qrdn/extracted Quad/test/1915.jpg,qrdn:qr_identity:63,quad,0.7513440251350403,tampered,0.2486559897661209,0.10842309892177582,0.6429209113121033,28.5353999970539
ml_training/datasets/structural/raw/qrdn/extracted Quad/test/1916.jpg,qrdn:qr_identity:63,quad,0.7775116562843323,tampered,0.22248835861682892,0.02445930428802967,0.7530523538589478,33.27480000007199
ml_training/datasets/structural/raw/qrdn/extracted Quad/test/1917.jpg,qrdn:qr_identity:63,quad,0.924346923828125,tampered,0.0756530612707138,0.020288363099098206,0.9040586352348328,27.537500001926674
ml_training/datasets/structural/raw/qrdn/extracted Quad/test/1918.jpg,qrdn:qr_identity:63,quad,0.8926029205322266,tampered,0.10739710181951523,0.01961120031774044,0.8729917407035828,28.631500001210952
ml_training/datasets/structural/raw/qrdn/extracted Quad/test/1919.jpg,qrdn:qr_identity:63,quad,0.6668398380279541,tampered,0.3331601917743683,0.03673125430941582,0.6301085948944092,28.202299999975367
ml_training/datasets/structural/raw/qrdn/extracted Quad/test/1920.jpg,qrdn:qr_identity:64,quad,0.8172346353530884,tampered,0.18276533484458923,0.014764849096536636,0.8024698495864868,29.138500001863576
ml_training/datasets/structural/raw/qrdn/extracted Quad/test/1921.jpg,qrdn:qr_identity:64,quad,0.7390804886817932,tampered,0.2609195113182068,0.03100423701107502,0.7080762982368469,36.80030000032275
ml_training/datasets/structural/raw/qrdn/extracted Quad/test/1922.jpg,qrdn:qr_identity:64,quad,0.9127591848373413,tampered,0.0872408077120781,0.018089037388563156,0.8946701288223267,30.547599999408703
ml_training/datasets/structural/raw/qrdn/extracted Quad/test/1923.jpg,qrdn:qr_identity:64,quad,0.6608514785766602,tampered,0.33914849162101746,0.10056938976049423,0.5602821111679077,34.495300002163276
ml_training/datasets/structural/raw/qrdn/extracted Quad/test/1924.jpg,qrdn:qr_identity:64,quad,0.8369786739349365,tampered,0.16302132606506348,0.025886330753564835,0.8110923171043396,29.398299997410504
ml_training/datasets/structural/raw/qrdn/extracted Quad/test/1925.jpg,qrdn:qr_identity:64,quad,0.7308748364448547,tampered,0.26912516355514526,0.0780249834060669,0.6528499126434326,38.10929999963264
ml_training/datasets/structural/raw/qrdn/extracted Quad/test/1926.jpg,qrdn:qr_identity:64,quad,0.663636326789856,tampered,0.33636367321014404,0.049262635409832,0.6143736839294434,28.677799997240072
ml_training/datasets/structural/raw/qrdn/extracted Quad/test/1927.jpg,qrdn:qr_identity:64,quad,0.6610817909240723,tampered,0.33891817927360535,0.027786515653133392,0.6332952976226807,32.07680000195978
ml_training/datasets/structural/raw/qrdn/extracted Quad/test/1928.jpg,qrdn:qr_identity:64,quad,0.6824719905853271,tampered,0.31752803921699524,0.07442577928304672,0.6080461740493774,28.420800001185853
ml_training/datasets/structural/raw/qrdn/extracted Quad/test/1929.jpg,qrdn:qr_identity:64,quad,0.9518359303474426,tampered,0.048164092004299164,0.010438450612127781,0.9413974285125732,31.67780000148923
ml_training/datasets/structural/raw/qrdn/extracted Quad/test/1930.jpg,qrdn:qr_identity:64,quad,0.6699033975601196,tampered,0.33009660243988037,0.06330879777669907,0.6065946221351624,28.591400001459988
ml_training/datasets/structural/raw/qrdn/extracted Quad/test/1931.jpg,qrdn:qr_identity:64,quad,0.5351220369338989,clean,0.46487799286842346,0.09280944615602493,0.4423125088214874,28.86229999785428
ml_training/datasets/structural/raw/qrdn/extracted Quad/test/1932.jpg,qrdn:qr_identity:64,quad,0.9001349210739136,tampered,0.09986506402492523,0.02049361541867256,0.8796412944793701,30.771900001127506
ml_training/datasets/structural/raw/qrdn/extracted Quad/test/1933.jpg,qrdn:qr_identity:64,quad,0.8434804677963257,tampered,0.1565195471048355,0.027799252420663834,0.8156811594963074,29.543199998443015
ml_training/datasets/structural/raw/qrdn/extracted Quad/test/1934.jpg,qrdn:qr_identity:64,quad,0.8453071117401123,tampered,0.1546928733587265,0.016062358394265175,0.8292447924613953,32.661999997799285
ml_training/datasets/structural/raw/qrdn/extracted Quad/test/1935.jpg,qrdn:qr_identity:64,quad,0.4064286947250366,clean,0.5935713052749634,0.07500099390745163,0.331427663564682,27.609400000073947
ml_training/datasets/structural/raw/qrdn/extracted Quad/test/1936.jpg,qrdn:qr_identity:64,quad,0.9933663010597229,tampered,0.006633727345615625,0.0016035311855375767,0.9917627573013306,32.591399998636916
ml_training/datasets/structural/raw/qrdn/extracted Quad/test/1937.jpg,qrdn:qr_identity:64,quad,0.8307716846466064,tampered,0.16922831535339355,0.05969786271452904,0.7710738182067871,28.97819999998319
ml_training/datasets/structural/raw/qrdn/extracted Quad/test/1938.jpg,qrdn:qr_identity:64,quad,0.9042676091194153,tampered,0.09573238343000412,0.024523954838514328,0.8797436356544495,32.97920000113663
ml_training/datasets/structural/raw/qrdn/extracted Quad/test/1939.jpg,qrdn:qr_identity:64,quad,0.7332531213760376,tampered,0.2667468786239624,0.12962503731250763,0.6036280393600464,27.312500002153683
ml_training/datasets/structural/raw/qrdn/extracted Quad/test/1940.jpg,qrdn:qr_identity:64,quad,0.723859965801239,tampered,0.276140034198761,0.07521788030862808,0.6486421227455139,32.84659999917494
ml_training/datasets/structural/raw/qrdn/extracted Quad/test/1941.jpg,qrdn:qr_identity:64,quad,0.4902271628379822,clean,0.5097728371620178,0.054903384298086166,0.4353237748146057,27.01359999991837
ml_training/datasets/structural/raw/qrdn/extracted Quad/test/1942.jpg,qrdn:qr_identity:64,quad,0.3799751400947571,clean,0.6200248599052429,0.059255775064229965,0.3207193613052368,28.54980000120122
ml_training/datasets/structural/raw/qrdn/extracted Quad/test/1943.jpg,qrdn:qr_identity:64,quad,0.9173492789268494,tampered,0.08265072852373123,0.005543973296880722,0.9118053317070007,26.891899997281143
ml_training/datasets/structural/raw/qrdn/extracted Quad/test/1944.jpg,qrdn:qr_identity:64,quad,0.7568478584289551,tampered,0.24315212666988373,0.0232058335095644,0.7336419820785522,27.791500000603264
ml_training/datasets/structural/raw/qrdn/extracted Quad/test/1945.jpg,qrdn:qr_identity:64,quad,0.8245086669921875,tampered,0.1754913181066513,0.027929676696658134,0.7965790033340454,32.33330000148271
ml_training/datasets/structural/raw/qrdn/extracted Quad/test/1946.jpg,qrdn:qr_identity:64,quad,0.9672755599021912,tampered,0.03272442892193794,0.004469104111194611,0.9628064632415771,29.62190000107512
ml_training/datasets/structural/raw/qrdn/extracted Quad/test/1947.jpg,qrdn:qr_identity:64,quad,0.659490704536438,tampered,0.340509295463562,0.05676402896642685,0.6027266979217529,33.49589999925229
ml_training/datasets/structural/raw/qrdn/extracted Quad/test/1948.jpg,qrdn:qr_identity:64,quad,0.9244917035102844,tampered,0.07550829648971558,0.023061826825141907,0.9014298319816589,27.14420000120299
ml_training/datasets/structural/raw/qrdn/extracted Quad/test/1949.jpg,qrdn:qr_identity:64,quad,0.9047273397445679,tampered,0.09527268260717392,0.018666833639144897,0.8860605359077454,28.384499997628154
ml_training/datasets/structural/raw/qrdn/extracted Quad/test/1950.jpg,qrdn:qr_identity:65,quad,0.5806907415390015,tampered,0.41930922865867615,0.10583256930112839,0.4748581051826477,27.801100000942824
ml_training/datasets/structural/raw/qrdn/extracted Quad/test/1951.jpg,qrdn:qr_identity:65,quad,0.6538407802581787,tampered,0.3461591899394989,0.11397188901901245,0.5398688912391663,28.281999999308027
ml_training/datasets/structural/raw/qrdn/extracted Quad/test/1952.jpg,qrdn:qr_identity:65,quad,0.9797590374946594,tampered,0.020240986719727516,0.003804151900112629,0.9759548306465149,28.681200001301477
ml_training/datasets/structural/raw/qrdn/extracted Quad/test/1953.jpg,qrdn:qr_identity:65,quad,0.9481279850006104,tampered,0.05187201127409935,0.008206618949770927,0.9399213194847107,27.782199998910073
ml_training/datasets/structural/raw/qrdn/extracted Quad/test/1954.jpg,qrdn:qr_identity:65,quad,0.9348797798156738,tampered,0.06512024253606796,0.01397607009857893,0.9209036231040955,33.525000002555316
ml_training/datasets/structural/raw/qrdn/extracted Quad/test/1955.jpg,qrdn:qr_identity:65,quad,0.8741304874420166,tampered,0.1258695274591446,0.02006964571774006,0.8540608882904053,25.647099999332568
ml_training/datasets/structural/raw/qrdn/extracted Quad/test/1956.jpg,qrdn:qr_identity:65,quad,0.6857101917266846,tampered,0.31428977847099304,0.13387399911880493,0.5518361926078796,26.080999999976484
ml_training/datasets/structural/raw/qrdn/extracted Quad/test/1957.jpg,qrdn:qr_identity:65,quad,0.47751879692077637,clean,0.5224812030792236,0.057259995490312576,0.42025884985923767,30.60170000026119
ml_training/datasets/structural/raw/qrdn/extracted Quad/test/1958.jpg,qrdn:qr_identity:65,quad,0.5294796228408813,clean,0.47052034735679626,0.08955885469913483,0.4399208426475525,28.492800000094576
ml_training/datasets/structural/raw/qrdn/extracted Quad/test/1959.jpg,qrdn:qr_identity:65,quad,0.6112425327301025,tampered,0.38875749707221985,0.05947276949882507,0.5517697334289551,28.63190000061877
ml_training/datasets/structural/raw/qrdn/extracted Quad/test/1960.jpg,qrdn:qr_identity:65,quad,0.6061693429946899,tampered,0.39383065700531006,0.04966660588979721,0.5565026998519897,28.572300001542317
ml_training/datasets/structural/raw/qrdn/extracted Quad/test/1961.jpg,qrdn:qr_identity:65,quad,0.542955756187439,clean,0.4570442736148834,0.12386544048786163,0.41909030079841614,31.345299998065457
ml_training/datasets/structural/raw/qrdn/extracted Quad/test/1962.jpg,qrdn:qr_identity:65,quad,0.6457787752151489,tampered,0.3542212247848511,0.06378591805696487,0.5819928050041199,27.667499998642597
ml_training/datasets/structural/raw/qrdn/extracted Quad/test/1963.jpg,qrdn:qr_identity:65,quad,0.6349098682403564,tampered,0.36509016156196594,0.10763049870729446,0.5272793769836426,29.250699997646734
ml_training/datasets/structural/raw/qrdn/extracted Quad/test/1964.jpg,qrdn:qr_identity:65,quad,0.8507349491119385,tampered,0.14926502108573914,0.014647671952843666,0.8360873460769653,28.38970000084373
ml_training/datasets/structural/raw/qrdn/extracted Quad/test/1965.jpg,qrdn:qr_identity:65,quad,0.6000545024871826,tampered,0.3999454975128174,0.049460120499134064,0.5505943894386292,27.812399999675108
ml_training/datasets/structural/raw/qrdn/extracted Quad/test/1966.jpg,qrdn:qr_identity:65,quad,0.9847890138626099,tampered,0.015211015939712524,0.003845158265903592,0.9809438586235046,29.876799999328796
ml_training/datasets/structural/raw/qrdn/extracted Quad/test/1967.jpg,qrdn:qr_identity:65,quad,0.6854880452156067,tampered,0.3145119547843933,0.10872740298509598,0.5767605900764465,27.11730000009993
ml_training/datasets/structural/raw/qrdn/extracted Quad/test/1968.jpg,qrdn:qr_identity:65,quad,0.9205484390258789,tampered,0.0794515386223793,0.015497817657887936,0.9050506949424744,33.51200000179233
ml_training/datasets/structural/raw/qrdn/extracted Quad/test/1969.jpg,qrdn:qr_identity:65,quad,0.7759717702865601,tampered,0.22402821481227875,0.041385915130376816,0.7345858812332153,26.908600000751903
ml_training/datasets/structural/raw/qrdn/extracted Quad/test/1970.jpg,qrdn:qr_identity:65,quad,0.7414973974227905,tampered,0.2585025727748871,0.09790923446416855,0.6435882449150085,32.62949999771081
ml_training/datasets/structural/raw/qrdn/extracted Quad/test/1971.jpg,qrdn:qr_identity:65,quad,0.4280467629432678,clean,0.5719532370567322,0.07667447626590729,0.35137224197387695,26.485099999263184
ml_training/datasets/structural/raw/qrdn/extracted Quad/test/1972.jpg,qrdn:qr_identity:65,quad,0.47240811586380005,clean,0.5275918841362,0.12212445586919785,0.35028359293937683,27.296000000205822
ml_training/datasets/structural/raw/qrdn/extracted Quad/test/1973.jpg,qrdn:qr_identity:65,quad,0.5586944818496704,tampered,0.4413054883480072,0.06035490706562996,0.4983396530151367,26.024600003438536
ml_training/datasets/structural/raw/qrdn/extracted Quad/test/1974.jpg,qrdn:qr_identity:65,quad,0.5758278369903564,tampered,0.42417216300964355,0.06329570710659027,0.512532114982605,29.38970000104746
ml_training/datasets/structural/raw/qrdn/extracted Quad/test/1975.jpg,qrdn:qr_identity:65,quad,0.6333026885986328,tampered,0.3666973412036896,0.1146196648478508,0.5186830163002014,29.361199998675147
ml_training/datasets/structural/raw/qrdn/extracted Quad/test/1976.jpg,qrdn:qr_identity:65,quad,0.6820988655090332,tampered,0.3179011642932892,0.08327290415763855,0.5988259315490723,25.214300003426615
ml_training/datasets/structural/raw/qrdn/extracted Quad/test/1977.jpg,qrdn:qr_identity:65,quad,0.49633318185806274,clean,0.5036668181419373,0.11693920195102692,0.37939396500587463,30.38600000218139
ml_training/datasets/structural/raw/qrdn/extracted Quad/test/1978.jpg,qrdn:qr_identity:65,quad,0.9416234493255615,tampered,0.05837653577327728,0.009815208613872528,0.9318082928657532,26.8558000025223
ml_training/datasets/structural/raw/qrdn/extracted Quad/test/1979.jpg,qrdn:qr_identity:65,quad,0.4905105233192444,clean,0.5094894766807556,0.07362747192382812,0.41688305139541626,28.265299999475246
ml_training/datasets/structural/raw/qrdn/extracted Quad/test/1980.jpg,qrdn:qr_identity:66,quad,0.5626888275146484,tampered,0.4373111426830292,0.0762077122926712,0.4864811301231384,28.536300000268966
ml_training/datasets/structural/raw/qrdn/extracted Quad/test/1981.jpg,qrdn:qr_identity:66,quad,0.8852750062942505,tampered,0.11472499370574951,0.02238377556204796,0.8628911972045898,26.740500001324108
ml_training/datasets/structural/raw/qrdn/extracted Quad/test/1982.jpg,qrdn:qr_identity:66,quad,0.6140477657318115,tampered,0.3859522044658661,0.09092750400304794,0.5231203436851501,31.51159999833908
ml_training/datasets/structural/raw/qrdn/extracted Quad/test/1983.jpg,qrdn:qr_identity:66,quad,0.5018776655197144,clean,0.49812236428260803,0.04448530077934265,0.4573923647403717,26.68200000334764
ml_training/datasets/structural/raw/qrdn/extracted Quad/test/1984.jpg,qrdn:qr_identity:66,quad,0.4528152346611023,clean,0.5471847653388977,0.07630443572998047,0.3765108287334442,32.2398999996949
ml_training/datasets/structural/raw/qrdn/extracted Quad/test/1985.jpg,qrdn:qr_identity:66,quad,0.6711801886558533,tampered,0.32881981134414673,0.07969167083501816,0.5914885401725769,29.64860000065528
ml_training/datasets/structural/raw/qrdn/extracted Quad/test/1986.jpg,qrdn:qr_identity:66,quad,0.6075693964958191,tampered,0.3924306035041809,0.07703129947185516,0.5305380821228027,28.967799997190014
ml_training/datasets/structural/raw/qrdn/extracted Quad/test/1987.jpg,qrdn:qr_identity:66,quad,0.4237213730812073,clean,0.5762786269187927,0.07637292146682739,0.3473484218120575,27.81140000297455
ml_training/datasets/structural/raw/qrdn/extracted Quad/test/1988.jpg,qrdn:qr_identity:66,quad,0.6931455135345459,tampered,0.3068544566631317,0.06328373402357101,0.6298618316650391,28.352400000585476
ml_training/datasets/structural/raw/qrdn/extracted Quad/test/1989.jpg,qrdn:qr_identity:66,quad,0.8404998779296875,tampered,0.1595001518726349,0.04617263376712799,0.7943272590637207,29.543999997258652
ml_training/datasets/structural/raw/qrdn/extracted Quad/test/1990.jpg,qrdn:qr_identity:66,quad,0.601163387298584,tampered,0.398836612701416,0.0925365462899208,0.5086268186569214,28.757299998687813
ml_training/datasets/structural/raw/qrdn/extracted Quad/test/1991.jpg,qrdn:qr_identity:66,quad,0.7849525809288025,tampered,0.2150474339723587,0.11224675923585892,0.6727058291435242,32.36810000089463
ml_training/datasets/structural/raw/qrdn/extracted Quad/test/1992.jpg,qrdn:qr_identity:66,quad,0.5240042805671692,clean,0.4759957194328308,0.13846533000469208,0.3855389654636383,27.06889999899431
ml_training/datasets/structural/raw/qrdn/extracted Quad/test/1993.jpg,qrdn:qr_identity:66,quad,0.8126493096351624,tampered,0.18735069036483765,0.047503307461738586,0.765146017074585,32.98300000096788
ml_training/datasets/structural/raw/qrdn/extracted Quad/test/1994.jpg,qrdn:qr_identity:66,quad,0.8930622339248657,tampered,0.10693775117397308,0.010650607757270336,0.8824117183685303,26.839899997867178
ml_training/datasets/structural/raw/qrdn/extracted Quad/test/1995.jpg,qrdn:qr_identity:66,quad,0.5577361583709717,clean,0.44226381182670593,0.16238944232463837,0.3953467905521393,27.90859999731765
ml_training/datasets/structural/raw/qrdn/extracted Quad/test/1996.jpg,qrdn:qr_identity:66,quad,0.9937674403190613,tampered,0.006232548970729113,0.0020635053515434265,0.9917038679122925,29.6195999981137
ml_training/datasets/structural/raw/qrdn/extracted Quad/test/1997.jpg,qrdn:qr_identity:66,quad,0.7221553921699524,tampered,0.2778446078300476,0.10507089644670486,0.6170845031738281,27.177500000107102
ml_training/datasets/structural/raw/qrdn/extracted Quad/test/1998.jpg,qrdn:qr_identity:66,quad,0.7860434055328369,tampered,0.21395660936832428,0.08011645078659058,0.7059269547462463,30.946500002755783
ml_training/datasets/structural/raw/qrdn/extracted Quad/test/1999.jpg,qrdn:qr_identity:66,quad,0.4916064143180847,clean,0.5083935856819153,0.0768817812204361,0.4147246181964874,27.973699998256052
ml_training/datasets/structural/raw/qrdn/extracted Quad/test/2000.jpg,qrdn:qr_identity:66,quad,0.790886402130127,tampered,0.20911359786987305,0.04750853031873703,0.7433778643608093,36.64589999971213
ml_training/datasets/structural/raw/qrdn/extracted Quad/test/2001.jpg,qrdn:qr_identity:66,quad,0.47961390018463135,clean,0.5203860998153687,0.06216764822602272,0.4174462854862213,32.564600001933286
ml_training/datasets/structural/raw/qrdn/extracted Quad/test/2002.jpg,qrdn:qr_identity:66,quad,0.6904194355010986,tampered,0.30958059430122375,0.12251198291778564,0.5679073929786682,31.035600000905106
ml_training/datasets/structural/raw/qrdn/extracted Quad/test/2003.jpg,qrdn:qr_identity:66,quad,0.7255092263221741,tampered,0.2744907736778259,0.05697933956980705,0.6685298681259155,30.675800000608433
ml_training/datasets/structural/raw/qrdn/extracted Quad/test/2004.jpg,qrdn:qr_identity:66,quad,0.6793814897537231,tampered,0.32061851024627686,0.05825790390372276,0.6211235523223877,32.56400000100257
ml_training/datasets/structural/raw/qrdn/extracted Quad/test/2005.jpg,qrdn:qr_identity:66,quad,0.7156929969787598,tampered,0.28430700302124023,0.15658977627754211,0.5591031908988953,30.488899999909336
ml_training/datasets/structural/raw/qrdn/extracted Quad/test/2006.jpg,qrdn:qr_identity:66,quad,0.6432844400405884,tampered,0.35671553015708923,0.08608880639076233,0.5571956634521484,30.181900001480244
ml_training/datasets/structural/raw/qrdn/extracted Quad/test/2007.jpg,qrdn:qr_identity:66,quad,0.5379096865653992,clean,0.46209031343460083,0.09926273673772812,0.4386470317840576,31.325799998739967
ml_training/datasets/structural/raw/qrdn/extracted Quad/test/2008.jpg,qrdn:qr_identity:66,quad,0.3838149309158325,clean,0.6161850690841675,0.19300885498523712,0.190806046128273,28.969200000574347
ml_training/datasets/structural/raw/qrdn/extracted Quad/test/2009.jpg,qrdn:qr_identity:66,quad,0.5098720192909241,clean,0.4901279807090759,0.055220723152160645,0.4546512961387634,31.04670000175247
ml_training/datasets/structural/raw/qrdn/extracted Quad/test/2010.jpg,qrdn:qr_identity:67,quad,0.6272751092910767,tampered,0.37272489070892334,0.06077832356095314,0.5664968490600586,34.408699997584336
ml_training/datasets/structural/raw/qrdn/extracted Quad/test/2011.jpg,qrdn:qr_identity:67,quad,0.35227781534194946,clean,0.6477221846580505,0.16078375279903412,0.19149403274059296,29.04590000252938
ml_training/datasets/structural/raw/qrdn/extracted Quad/test/2012.jpg,qrdn:qr_identity:67,quad,0.3582630157470703,clean,0.6417369842529297,0.07522684335708618,0.2830362319946289,27.81620000314433
ml_training/datasets/structural/raw/qrdn/extracted Quad/test/2013.jpg,qrdn:qr_identity:67,quad,0.9446291327476501,tampered,0.05537087097764015,0.023695610463619232,0.9209334850311279,29.846199999155942
ml_training/datasets/structural/raw/qrdn/extracted Quad/test/2014.jpg,qrdn:qr_identity:67,quad,0.5277459621429443,tampered,0.4722540080547333,0.054338932037353516,0.4734070301055908,28.812299999117386
ml_training/datasets/structural/raw/qrdn/extracted Quad/test/2015.jpg,qrdn:qr_identity:67,quad,0.8019754886627197,tampered,0.19802454113960266,0.06448748707771301,0.7374879121780396,31.088699997781077
ml_training/datasets/structural/raw/qrdn/extracted Quad/test/2016.jpg,qrdn:qr_identity:67,quad,0.7284266948699951,tampered,0.2715733051300049,0.06215081363916397,0.6662759184837341,27.406100001826417
ml_training/datasets/structural/raw/qrdn/extracted Quad/test/2017.jpg,qrdn:qr_identity:67,quad,0.4476509690284729,clean,0.5523490309715271,0.12687261402606964,0.32077839970588684,28.650099997321377
ml_training/datasets/structural/raw/qrdn/extracted Quad/test/2018.jpg,qrdn:qr_identity:67,quad,0.19156169891357422,clean,0.8084383010864258,0.0897083580493927,0.10185334831476212,28.993399999308167
ml_training/datasets/structural/raw/qrdn/extracted Quad/test/2019.jpg,qrdn:qr_identity:67,quad,0.44237619638442993,clean,0.5576238036155701,0.0792274922132492,0.3631487488746643,27.539099999557948
ml_training/datasets/structural/raw/qrdn/extracted Quad/test/2020.jpg,qrdn:qr_identity:67,quad,0.5669997930526733,tampered,0.43300023674964905,0.11963941156864166,0.4473603069782257,26.28550000008545
ml_training/datasets/structural/raw/qrdn/extracted Quad/test/2021.jpg,qrdn:qr_identity:67,quad,0.639694094657898,tampered,0.36030590534210205,0.03394616022706032,0.6057479381561279,28.86179999768501
ml_training/datasets/structural/raw/qrdn/extracted Quad/test/2022.jpg,qrdn:qr_identity:67,quad,0.8679831027984619,tampered,0.13201689720153809,0.02194000966846943,0.8460431098937988,39.93160000027274
ml_training/datasets/structural/raw/qrdn/extracted Quad/test/2023.jpg,qrdn:qr_identity:67,quad,0.7152954339981079,tampered,0.2847045958042145,0.0455496683716774,0.6697457432746887,29.40630000011879
ml_training/datasets/structural/raw/qrdn/extracted Quad/test/2024.jpg,qrdn:qr_identity:67,quad,0.32110440731048584,clean,0.6788955926895142,0.0865636020898819,0.23454079031944275,30.996900000900496
ml_training/datasets/structural/raw/qrdn/extracted Quad/test/2025.jpg,qrdn:qr_identity:67,quad,0.3698331117630005,clean,0.6301668882369995,0.0936703160405159,0.2761628031730652,27.604899998550536
ml_training/datasets/structural/raw/qrdn/extracted Quad/test/2026.jpg,qrdn:qr_identity:67,quad,0.9869100451469421,tampered,0.013089930638670921,0.001590599538758397,0.9853194952011108,30.293599997094134
ml_training/datasets/structural/raw/qrdn/extracted Quad/test/2027.jpg,qrdn:qr_identity:67,quad,0.939813494682312,tampered,0.06018650159239769,0.021300483494997025,0.9185129404067993,27.374400000553578
ml_training/datasets/structural/raw/qrdn/extracted Quad/test/2028.jpg,qrdn:qr_identity:67,quad,0.9849314093589783,tampered,0.015068606473505497,0.005030320957303047,0.9799010753631592,33.11820000089938
ml_training/datasets/structural/raw/qrdn/extracted Quad/test/2029.jpg,qrdn:qr_identity:67,quad,0.8785887360572815,tampered,0.12141124904155731,0.02395676076412201,0.8546320199966431,42.72249999849009
ml_training/datasets/structural/raw/qrdn/extracted Quad/test/2030.jpg,qrdn:qr_identity:67,quad,0.3977001905441284,clean,0.6022998094558716,0.11461998522281647,0.28308019042015076,40.648700000019744
ml_training/datasets/structural/raw/qrdn/extracted Quad/test/2031.jpg,qrdn:qr_identity:67,quad,0.44384199380874634,clean,0.5561580061912537,0.11063648015260696,0.33320555090904236,30.72469999824534
ml_training/datasets/structural/raw/qrdn/extracted Quad/test/2032.jpg,qrdn:qr_identity:67,quad,0.4875008463859558,clean,0.5124991536140442,0.08605221658945084,0.40144866704940796,34.79519999746117
ml_training/datasets/structural/raw/qrdn/extracted Quad/test/2033.jpg,qrdn:qr_identity:67,quad,0.3312644362449646,clean,0.6687355637550354,0.06166032329201698,0.2696041166782379,30.113200002233498
ml_training/datasets/structural/raw/qrdn/extracted Quad/test/2034.jpg,qrdn:qr_identity:67,quad,0.5558143258094788,tampered,0.44418567419052124,0.05168745666742325,0.5041268467903137,33.99840000201948
ml_training/datasets/structural/raw/qrdn/extracted Quad/test/2035.jpg,qrdn:qr_identity:67,quad,0.7479574680328369,tampered,0.2520425617694855,0.06369645893573761,0.6842609643936157,28.899400000227615
ml_training/datasets/structural/raw/qrdn/extracted Quad/test/2036.jpg,qrdn:qr_identity:67,quad,0.4298262596130371,clean,0.5701737403869629,0.04616570100188255,0.38366052508354187,38.28390000126092
ml_training/datasets/structural/raw/qrdn/extracted Quad/test/2037.jpg,qrdn:qr_identity:67,quad,0.4433850049972534,clean,0.5566149950027466,0.09994012117385864,0.3434448838233948,31.904200001008576
ml_training/datasets/structural/raw/qrdn/extracted Quad/test/2038.jpg,qrdn:qr_identity:67,quad,0.3302885890007019,clean,0.6697114109992981,0.10599695891141891,0.2242916226387024,32.91899999749148
ml_training/datasets/structural/raw/qrdn/extracted Quad/test/2039.jpg,qrdn:qr_identity:67,quad,0.7934748530387878,tampered,0.20652514696121216,0.036285337060689926,0.7571895122528076,30.125500001304317
ml_training/datasets/structural/raw/qrdn/extracted Quad/test/2040.jpg,qrdn:qr_identity:68,quad,0.5507166385650635,tampered,0.44928333163261414,0.06061272695660591,0.49010398983955383,33.32760000193957
ml_training/datasets/structural/raw/qrdn/extracted Quad/test/2041.jpg,qrdn:qr_identity:68,quad,0.5765771865844727,tampered,0.42342281341552734,0.11559993028640747,0.4609772264957428,27.318700002069818
ml_training/datasets/structural/raw/qrdn/extracted Quad/test/2042.jpg,qrdn:qr_identity:68,quad,0.5013575553894043,clean,0.4986424446105957,0.09525085985660553,0.4061066508293152,28.017099997668993
ml_training/datasets/structural/raw/qrdn/extracted Quad/test/2043.jpg,qrdn:qr_identity:68,quad,0.4564252495765686,clean,0.5435747504234314,0.09112004190683365,0.36530518531799316,28.983699998207157
ml_training/datasets/structural/raw/qrdn/extracted Quad/test/2044.jpg,qrdn:qr_identity:68,quad,0.6587282419204712,tampered,0.3412717282772064,0.07343103736639023,0.5852972865104675,28.263500000321073
ml_training/datasets/structural/raw/qrdn/extracted Quad/test/2045.jpg,qrdn:qr_identity:68,quad,0.510989248752594,clean,0.489010751247406,0.06861072778701782,0.44237852096557617,29.209399999672314
ml_training/datasets/structural/raw/qrdn/extracted Quad/test/2046.jpg,qrdn:qr_identity:68,quad,0.8319253325462341,tampered,0.16807468235492706,0.03949258103966713,0.7924327850341797,27.445699997770134
ml_training/datasets/structural/raw/qrdn/extracted Quad/test/2047.jpg,qrdn:qr_identity:68,quad,0.38347774744033813,clean,0.6165222525596619,0.053841482847929,0.3296363055706024,37.77809999883175
ml_training/datasets/structural/raw/qrdn/extracted Quad/test/2048.jpg,qrdn:qr_identity:68,quad,0.6547980308532715,tampered,0.34520193934440613,0.045550618320703506,0.6092474460601807,29.32370000053197
ml_training/datasets/structural/raw/qrdn/extracted Quad/test/2049.jpg,qrdn:qr_identity:68,quad,0.5593597292900085,tampered,0.44064027070999146,0.08413245528936386,0.47522732615470886,32.175799999095034
ml_training/datasets/structural/raw/qrdn/extracted Quad/test/2050.jpg,qrdn:qr_identity:68,quad,0.837342381477356,tampered,0.16265764832496643,0.05409572273492813,0.783246636390686,28.43380000194884
ml_training/datasets/structural/raw/qrdn/extracted Quad/test/2051.jpg,qrdn:qr_identity:68,quad,0.8909819722175598,tampered,0.10901801288127899,0.022617969661951065,0.8683639764785767,31.055600000399863
ml_training/datasets/structural/raw/qrdn/extracted Quad/test/2052.jpg,qrdn:qr_identity:68,quad,0.4197169542312622,clean,0.5802830457687378,0.09721203148365021,0.3225049376487732,29.7666999977082
ml_training/datasets/structural/raw/qrdn/extracted Quad/test/2053.jpg,qrdn:qr_identity:68,quad,0.6964516043663025,tampered,0.3035483956336975,0.10338196903467178,0.5930696129798889,31.113700002606492
ml_training/datasets/structural/raw/qrdn/extracted Quad/test/2054.jpg,qrdn:qr_identity:68,quad,0.684982180595398,tampered,0.31501781940460205,0.05533686280250549,0.6296453475952148,35.22929999962798
ml_training/datasets/structural/raw/qrdn/extracted Quad/test/2055.jpg,qrdn:qr_identity:68,quad,0.5319061279296875,clean,0.4680938720703125,0.0809861272573471,0.4509199857711792,31.016000000818167
ml_training/datasets/structural/raw/qrdn/extracted Quad/test/2056.jpg,qrdn:qr_identity:68,quad,0.9799425005912781,tampered,0.02005748637020588,0.006806975230574608,0.9731354713439941,31.10480000032112
ml_training/datasets/structural/raw/qrdn/extracted Quad/test/2057.jpg,qrdn:qr_identity:68,quad,0.7756834030151367,tampered,0.2243165820837021,0.05713571608066559,0.7185477614402771,28.012099999614293
ml_training/datasets/structural/raw/qrdn/extracted Quad/test/2058.jpg,qrdn:qr_identity:68,quad,0.9465662240982056,tampered,0.05343377962708473,0.0080183744430542,0.9385477900505066,30.687599999509985
ml_training/datasets/structural/raw/qrdn/extracted Quad/test/2059.jpg,qrdn:qr_identity:68,quad,0.8820136189460754,tampered,0.11798638850450516,0.037696536630392075,0.8443171381950378,27.956500001891982
ml_training/datasets/structural/raw/qrdn/extracted Quad/test/2060.jpg,qrdn:qr_identity:68,quad,0.7911835312843323,tampered,0.20881646871566772,0.06572669744491577,0.7254568338394165,36.363200000778306
ml_training/datasets/structural/raw/qrdn/extracted Quad/test/2061.jpg,qrdn:qr_identity:68,quad,0.43426424264907837,clean,0.5657357573509216,0.0550711452960968,0.37919312715530396,27.18979999917792
ml_training/datasets/structural/raw/qrdn/extracted Quad/test/2062.jpg,qrdn:qr_identity:68,quad,0.4893832802772522,clean,0.5106167197227478,0.08884472399950027,0.40053853392601013,30.54070000143838
ml_training/datasets/structural/raw/qrdn/extracted Quad/test/2063.jpg,qrdn:qr_identity:68,quad,0.5473551750183105,tampered,0.45264479517936707,0.04518212750554085,0.5021730661392212,28.84520000225166
ml_training/datasets/structural/raw/qrdn/extracted Quad/test/2064.jpg,qrdn:qr_identity:68,quad,0.7385786175727844,tampered,0.2614213824272156,0.06057484820485115,0.67800372838974,37.469099999725586
ml_training/datasets/structural/raw/qrdn/extracted Quad/test/2065.jpg,qrdn:qr_identity:68,quad,0.6064722537994385,tampered,0.39352771639823914,0.11139417439699173,0.49507802724838257,28.342599998723017
ml_training/datasets/structural/raw/qrdn/extracted Quad/test/2066.jpg,qrdn:qr_identity:68,quad,0.8629618883132935,tampered,0.13703809678554535,0.044207315891981125,0.8187545537948608,32.657299998390954
ml_training/datasets/structural/raw/qrdn/extracted Quad/test/2067.jpg,qrdn:qr_identity:68,quad,0.5879011750221252,tampered,0.41209882497787476,0.08170156925916672,0.5061995983123779,28.957899998204084
ml_training/datasets/structural/raw/qrdn/extracted Quad/test/2068.jpg,qrdn:qr_identity:68,quad,0.7968024015426636,tampered,0.20319761335849762,0.037156783044338226,0.7596455812454224,33.629699999437435
ml_training/datasets/structural/raw/qrdn/extracted Quad/test/2069.jpg,qrdn:qr_identity:68,quad,0.5916091203689575,tampered,0.40839090943336487,0.06341993063688278,0.5281891822814941,29.33610000036424
ml_training/datasets/structural/raw/qrdn/extracted Quad/test/2070.jpg,qrdn:qr_identity:69,quad,0.5069782137870789,clean,0.49302178621292114,0.10306864976882935,0.4039095342159271,30.76599999985774
ml_training/datasets/structural/raw/qrdn/extracted Quad/test/2071.jpg,qrdn:qr_identity:69,quad,0.5047470331192017,clean,0.4952529966831207,0.09504015743732452,0.40970683097839355,30.803400000877446
ml_training/datasets/structural/raw/qrdn/extracted Quad/test/2072.jpg,qrdn:qr_identity:69,quad,0.6070500612258911,tampered,0.3929499089717865,0.06576625257730484,0.5412838459014893,27.684799999406096
ml_training/datasets/structural/raw/qrdn/extracted Quad/test/2073.jpg,qrdn:qr_identity:69,quad,0.4725720286369324,clean,0.5274279713630676,0.12288442254066467,0.3496875762939453,29.949499999929685
ml_training/datasets/structural/raw/qrdn/extracted Quad/test/2074.jpg,qrdn:qr_identity:69,quad,0.8548823595046997,tampered,0.1451176255941391,0.03389403596520424,0.8209883570671082,29.289499998412794
ml_training/datasets/structural/raw/qrdn/extracted Quad/test/2075.jpg,qrdn:qr_identity:69,quad,0.6480472087860107,tampered,0.35195282101631165,0.07950884848833084,0.5685383081436157,31.730200000311015
ml_training/datasets/structural/raw/qrdn/extracted Quad/test/2076.jpg,qrdn:qr_identity:69,quad,0.4711753726005554,clean,0.5288246273994446,0.09218733012676239,0.37898802757263184,27.39599999767961
ml_training/datasets/structural/raw/qrdn/extracted Quad/test/2077.jpg,qrdn:qr_identity:69,quad,0.5174319744110107,clean,0.48256805539131165,0.06281528621912003,0.4546166956424713,30.666300001030322
ml_training/datasets/structural/raw/qrdn/extracted Quad/test/2078.jpg,qrdn:qr_identity:69,quad,0.5068614482879639,clean,0.4931385815143585,0.13708879053592682,0.3697725534439087,29.262000000016997
ml_training/datasets/structural/raw/qrdn/extracted Quad/test/2079.jpg,qrdn:qr_identity:69,quad,0.4139256477355957,clean,0.5860743522644043,0.11414947360754013,0.2997761368751526,29.064599999401253
ml_training/datasets/structural/raw/qrdn/extracted Quad/test/2080.jpg,qrdn:qr_identity:69,quad,0.3664284348487854,clean,0.6335715651512146,0.08504072576761246,0.28138768672943115,28.429300000425428
ml_training/datasets/structural/raw/qrdn/extracted Quad/test/2081.jpg,qrdn:qr_identity:69,quad,0.7643436193466187,tampered,0.23565635085105896,0.06586399674415588,0.6984796524047852,27.186300001631025
ml_training/datasets/structural/raw/qrdn/extracted Quad/test/2082.jpg,qrdn:qr_identity:69,quad,0.6538786292076111,tampered,0.3461213707923889,0.037726908922195435,0.616151750087738,31.522499997663544
ml_training/datasets/structural/raw/qrdn/extracted Quad/test/2083.jpg,qrdn:qr_identity:69,quad,0.5463941097259521,tampered,0.45360589027404785,0.07464440166950226,0.4717496931552887,28.73620000173105
ml_training/datasets/structural/raw/qrdn/extracted Quad/test/2084.jpg,qrdn:qr_identity:69,quad,0.7251654863357544,tampered,0.274834543466568,0.07830982655286789,0.6468555927276611,34.174299998994684
ml_training/datasets/structural/raw/qrdn/extracted Quad/test/2085.jpg,qrdn:qr_identity:69,quad,0.48157066106796265,clean,0.5184293389320374,0.11331422626972198,0.3682563900947571,26.42819999891799
ml_training/datasets/structural/raw/qrdn/extracted Quad/test/2086.jpg,qrdn:qr_identity:69,quad,0.981730043888092,tampered,0.01826995238661766,0.006358257029205561,0.975371778011322,29.144200001610443
ml_training/datasets/structural/raw/qrdn/extracted Quad/test/2087.jpg,qrdn:qr_identity:69,quad,0.9558603167533875,tampered,0.044139690697193146,0.012200657278299332,0.9436596632003784,28.014899999107
ml_training/datasets/structural/raw/qrdn/extracted Quad/test/2088.jpg,qrdn:qr_identity:69,quad,0.9196727275848389,tampered,0.08032726496458054,0.026691077277064323,0.8929816484451294,28.440199999749893
ml_training/datasets/structural/raw/qrdn/extracted Quad/test/2089.jpg,qrdn:qr_identity:69,quad,0.5734332203865051,tampered,0.4265667796134949,0.13380175828933716,0.43963146209716797,30.206100000214064
ml_training/datasets/structural/raw/qrdn/extracted Quad/test/2090.jpg,qrdn:qr_identity:69,quad,0.910742998123169,tampered,0.08925701677799225,0.018624763935804367,0.8921182155609131,26.89029999964987
ml_training/datasets/structural/raw/qrdn/extracted Quad/test/2091.jpg,qrdn:qr_identity:69,quad,0.3329530358314514,clean,0.6670469641685486,0.10662931203842163,0.22632375359535217,34.215799998492
ml_training/datasets/structural/raw/qrdn/extracted Quad/test/2092.jpg,qrdn:qr_identity:69,quad,0.6026815176010132,tampered,0.3973184823989868,0.12892767786979675,0.4737538695335388,29.067199997371063
ml_training/datasets/structural/raw/qrdn/extracted Quad/test/2093.jpg,qrdn:qr_identity:69,quad,0.3720858097076416,clean,0.6279141902923584,0.05217859521508217,0.31990718841552734,32.3290000014822
ml_training/datasets/structural/raw/qrdn/extracted Quad/test/2094.jpg,qrdn:qr_identity:69,quad,0.8241776823997498,tampered,0.17582230269908905,0.043278198689222336,0.7808994650840759,26.264500000252156
ml_training/datasets/structural/raw/qrdn/extracted Quad/test/2095.jpg,qrdn:qr_identity:69,quad,0.6153603792190552,tampered,0.3846396207809448,0.11591364443302155,0.49944671988487244,27.878099997906247
ml_training/datasets/structural/raw/qrdn/extracted Quad/test/2096.jpg,qrdn:qr_identity:69,quad,0.49200594425201416,clean,0.5079940557479858,0.11874258518218994,0.3732633888721466,25.857900000119116
ml_training/datasets/structural/raw/qrdn/extracted Quad/test/2097.jpg,qrdn:qr_identity:69,quad,0.9729968905448914,tampered,0.02700311690568924,0.006495811510831118,0.9665011167526245,28.84049999920535
ml_training/datasets/structural/raw/qrdn/extracted Quad/test/2098.jpg,qrdn:qr_identity:69,quad,0.5624094009399414,tampered,0.4375905990600586,0.09293346852064133,0.4694759249687195,31.323799998062896
ml_training/datasets/structural/raw/qrdn/extracted Quad/test/2099.jpg,qrdn:qr_identity:69,quad,0.9070559144020081,tampered,0.09294409304857254,0.016770750284194946,0.8902851939201355,31.038599998282734
ml_training/datasets/structural/raw/qrdn/extracted Quad/test/2100.jpg,qrdn:qr_identity:70,quad,0.5926650166511536,tampered,0.40733498334884644,0.13758419454097748,0.4550807774066925,34.26190000027418
ml_training/datasets/structural/raw/qrdn/extracted Quad/test/2101.jpg,qrdn:qr_identity:70,quad,0.8350575566291809,tampered,0.16494245827198029,0.0492435060441494,0.7858140468597412,31.718899997940753
ml_training/datasets/structural/raw/qrdn/extracted Quad/test/2102.jpg,qrdn:qr_identity:70,quad,0.6242610216140747,tampered,0.3757390081882477,0.09398406744003296,0.530276894569397,33.34700000050361
ml_training/datasets/structural/raw/qrdn/extracted Quad/test/2103.jpg,qrdn:qr_identity:70,quad,0.6698430776596069,tampered,0.3301568925380707,0.06324193626642227,0.6066011786460876,31.858000002102926
ml_training/datasets/structural/raw/qrdn/extracted Quad/test/2104.jpg,qrdn:qr_identity:70,quad,0.5224629640579224,clean,0.47753700613975525,0.06433819234371185,0.4581248462200165,34.936000000016065
ml_training/datasets/structural/raw/qrdn/extracted Quad/test/2105.jpg,qrdn:qr_identity:70,quad,0.9096071720123291,tampered,0.09039279818534851,0.04168982058763504,0.8679173588752747,31.851199997618096
ml_training/datasets/structural/raw/qrdn/extracted Quad/test/2106.jpg,qrdn:qr_identity:70,quad,0.8645340204238892,tampered,0.13546599447727203,0.04783949628472328,0.8166945576667786,31.940200002281927
ml_training/datasets/structural/raw/qrdn/extracted Quad/test/2107.jpg,qrdn:qr_identity:70,quad,0.6547179818153381,tampered,0.34528201818466187,0.07079705595970154,0.5839208960533142,31.950399999914225
ml_training/datasets/structural/raw/qrdn/extracted Quad/test/2108.jpg,qrdn:qr_identity:70,quad,0.6176018714904785,tampered,0.3823980987071991,0.09168541431427002,0.5259164571762085,41.53450000012526
ml_training/datasets/structural/raw/qrdn/extracted Quad/test/2109.jpg,qrdn:qr_identity:70,quad,0.40001678466796875,clean,0.5999832153320312,0.09565527737140656,0.3043614625930786,32.9453000013018
ml_training/datasets/structural/raw/qrdn/extracted Quad/test/2110.jpg,qrdn:qr_identity:70,quad,0.3313392996788025,clean,0.6686607003211975,0.1260717809200287,0.2052675485610962,33.60840000095777
ml_training/datasets/structural/raw/qrdn/extracted Quad/test/2111.jpg,qrdn:qr_identity:70,quad,0.41824406385421753,clean,0.5817559361457825,0.16192013025283813,0.256323903799057,27.365699999791104
ml_training/datasets/structural/raw/qrdn/extracted Quad/test/2112.jpg,qrdn:qr_identity:70,quad,0.8891754150390625,tampered,0.1108245998620987,0.03639455884695053,0.852780818939209,33.44130000186851
ml_training/datasets/structural/raw/qrdn/extracted Quad/test/2113.jpg,qrdn:qr_identity:70,quad,0.4632653594017029,clean,0.5367346405982971,0.20187190175056458,0.2613934874534607,30.91150000182097
ml_training/datasets/structural/raw/qrdn/extracted Quad/test/2114.jpg,qrdn:qr_identity:70,quad,0.9811891317367554,tampered,0.018810896202921867,0.004722106270492077,0.976466953754425,35.078699998848606
ml_training/datasets/structural/raw/qrdn/extracted Quad/test/2115.jpg,qrdn:qr_identity:70,quad,0.48822373151779175,clean,0.5117762684822083,0.16915568709373474,0.319068044424057,31.210400000418304
ml_training/datasets/structural/raw/qrdn/extracted Quad/test/2116.jpg,qrdn:qr_identity:70,quad,0.9933949708938599,tampered,0.006605029106140137,0.0014298667665570974,0.9919650554656982,34.624299998540664
ml_training/datasets/structural/raw/qrdn/extracted Quad/test/2117.jpg,qrdn:qr_identity:70,quad,0.8511567115783691,tampered,0.14884328842163086,0.03414040803909302,0.8170163035392761,31.660799999372102
ml_training/datasets/structural/raw/qrdn/extracted Quad/test/2118.jpg,qrdn:qr_identity:70,quad,0.7984604835510254,tampered,0.2015395164489746,0.04924766346812248,0.7492128610610962,32.4627000009059
ml_training/datasets/structural/raw/qrdn/extracted Quad/test/2119.jpg,qrdn:qr_identity:70,quad,0.5093362331390381,clean,0.4906637370586395,0.12347522377967834,0.38586100935935974,28.823900000134017
ml_training/datasets/structural/raw/qrdn/extracted Quad/test/2120.jpg,qrdn:qr_identity:70,quad,0.6134399175643921,tampered,0.3865600824356079,0.12726864218711853,0.48617127537727356,32.0584000000963
ml_training/datasets/structural/raw/qrdn/extracted Quad/test/2121.jpg,qrdn:qr_identity:70,quad,0.4689411520957947,clean,0.5310588479042053,0.16015812754631042,0.30878302454948425,27.63250000134576
ml_training/datasets/structural/raw/qrdn/extracted Quad/test/2122.jpg,qrdn:qr_identity:70,quad,0.47055578231811523,clean,0.5294442176818848,0.0906282439827919,0.3799276053905487,30.836800000543008
ml_training/datasets/structural/raw/qrdn/extracted Quad/test/2123.jpg,qrdn:qr_identity:70,quad,0.3294254541397095,clean,0.6705745458602905,0.11211054027080536,0.21731489896774292,28.866299999208422
ml_training/datasets/structural/raw/qrdn/extracted Quad/test/2124.jpg,qrdn:qr_identity:70,quad,0.6648297905921936,tampered,0.3351702094078064,0.06643415987491608,0.5983956456184387,31.911800000671064
ml_training/datasets/structural/raw/qrdn/extracted Quad/test/2125.jpg,qrdn:qr_identity:70,quad,0.6607057452201843,tampered,0.3392942547798157,0.08854005485773087,0.5721656680107117,34.188000001449836
ml_training/datasets/structural/raw/qrdn/extracted Quad/test/2126.jpg,qrdn:qr_identity:70,quad,0.4744042158126831,clean,0.5255957841873169,0.13432380557060242,0.3400803506374359,29.13790000093286
ml_training/datasets/structural/raw/qrdn/extracted Quad/test/2127.jpg,qrdn:qr_identity:70,quad,0.5784626007080078,clean,0.4215373992919922,0.1909819096326828,0.3874807357788086,31.251599997631274
ml_training/datasets/structural/raw/qrdn/extracted Quad/test/2128.jpg,qrdn:qr_identity:70,quad,0.35846900939941406,clean,0.6415309906005859,0.20545022189617157,0.1530187427997589,29.63409999938449
ml_training/datasets/structural/raw/qrdn/extracted Quad/test/2129.jpg,qrdn:qr_identity:70,quad,0.6935640573501587,tampered,0.3064359128475189,0.06351740658283234,0.6300466656684875,40.328999999474036
ml_training/datasets/structural/raw/qrdn/extracted Quad/test/2130.jpg,qrdn:qr_identity:71,quad,0.6242789626121521,tampered,0.3757210373878479,0.0819043442606926,0.5423746109008789,36.06779999972787
ml_training/datasets/structural/raw/qrdn/extracted Quad/test/2131.jpg,qrdn:qr_identity:71,quad,0.40468865633010864,clean,0.5953113436698914,0.11053638905286789,0.29415228962898254,34.51420000055805
ml_training/datasets/structural/raw/qrdn/extracted Quad/test/2132.jpg,qrdn:qr_identity:71,quad,0.4249686002731323,clean,0.5750313997268677,0.10929010063409805,0.3156784772872925,32.27980000156094
ml_training/datasets/structural/raw/qrdn/extracted Quad/test/2133.jpg,qrdn:qr_identity:71,quad,0.6003242135047913,tampered,0.39967578649520874,0.0723474845290184,0.5279766917228699,27.53350000057253
ml_training/datasets/structural/raw/qrdn/extracted Quad/test/2134.jpg,qrdn:qr_identity:71,quad,0.4396148920059204,clean,0.5603851079940796,0.09495629370212555,0.34465861320495605,31.350299999758136
ml_training/datasets/structural/raw/qrdn/extracted Quad/test/2135.jpg,qrdn:qr_identity:71,quad,0.7359575033187866,tampered,0.264042466878891,0.08902505040168762,0.6469324827194214,35.09919999851263
ml_training/datasets/structural/raw/qrdn/extracted Quad/test/2136.jpg,qrdn:qr_identity:71,quad,0.9259017705917358,tampered,0.07409819960594177,0.019581032916903496,0.9063208103179932,34.70569999990403
ml_training/datasets/structural/raw/qrdn/extracted Quad/test/2137.jpg,qrdn:qr_identity:71,quad,0.6328136324882507,tampered,0.36718636751174927,0.16006898880004883,0.4727446436882019,30.43439999964903
ml_training/datasets/structural/raw/qrdn/extracted Quad/test/2138.jpg,qrdn:qr_identity:71,quad,0.5587906241416931,clean,0.4412093758583069,0.2094820886850357,0.34930846095085144,31.239899999491172
ml_training/datasets/structural/raw/qrdn/extracted Quad/test/2139.jpg,qrdn:qr_identity:71,quad,0.46495187282562256,clean,0.5350481271743774,0.16474762558937073,0.3002042770385742,40.094500000122935
ml_training/datasets/structural/raw/qrdn/extracted Quad/test/2140.jpg,qrdn:qr_identity:71,quad,0.4536375403404236,clean,0.5463624596595764,0.13084955513477325,0.32278794050216675,29.993500000273343
ml_training/datasets/structural/raw/qrdn/extracted Quad/test/2141.jpg,qrdn:qr_identity:71,quad,0.5007355213165283,clean,0.4992644786834717,0.12731114029884338,0.3734244406223297,38.99649999948451
ml_training/datasets/structural/raw/qrdn/extracted Quad/test/2142.jpg,qrdn:qr_identity:71,quad,0.39494842290878296,clean,0.605051577091217,0.1815837323665619,0.21336466073989868,29.770100001769606
ml_training/datasets/structural/raw/qrdn/extracted Quad/test/2143.jpg,qrdn:qr_identity:71,quad,0.5140548944473267,clean,0.48594510555267334,0.11924666911363602,0.39480820298194885,30.30399999988731
ml_training/datasets/structural/raw/qrdn/extracted Quad/test/2144.jpg,qrdn:qr_identity:71,quad,0.8774620890617371,tampered,0.12253793329000473,0.009868169203400612,0.8675939440727234,29.385300000285497
ml_training/datasets/structural/raw/qrdn/extracted Quad/test/2145.jpg,qrdn:qr_identity:71,quad,0.3910750150680542,clean,0.6089249849319458,0.1689031720161438,0.2221718579530716,30.609800000092946
ml_training/datasets/structural/raw/qrdn/extracted Quad/test/2146.jpg,qrdn:qr_identity:71,quad,0.9983565211296082,tampered,0.001643490046262741,0.0002398523356532678,0.9981167316436768,28.26930000082939
ml_training/datasets/structural/raw/qrdn/extracted Quad/test/2147.jpg,qrdn:qr_identity:71,quad,0.9133167266845703,tampered,0.08668327331542969,0.01152853760868311,0.9017882347106934,31.072699999640463
ml_training/datasets/structural/raw/qrdn/extracted Quad/test/2148.jpg,qrdn:qr_identity:71,quad,0.9742398262023926,tampered,0.025760145857930183,0.007214373908936977,0.9670255184173584,27.573300001677126
ml_training/datasets/structural/raw/qrdn/extracted Quad/test/2149.jpg,qrdn:qr_identity:71,quad,0.6766873598098755,tampered,0.3233126103878021,0.07216127216815948,0.604526162147522,28.989400001592003
ml_training/datasets/structural/raw/qrdn/extracted Quad/test/2150.jpg,qrdn:qr_identity:71,quad,0.575709342956543,tampered,0.42429062724113464,0.1336551457643509,0.44205424189567566,30.460699999821372
ml_training/datasets/structural/raw/qrdn/extracted Quad/test/2151.jpg,qrdn:qr_identity:71,quad,0.4793511629104614,clean,0.5206488370895386,0.09308885782957077,0.38626232743263245,30.830199997581076
ml_training/datasets/structural/raw/qrdn/extracted Quad/test/2152.jpg,qrdn:qr_identity:71,quad,0.5052493810653687,clean,0.49475058913230896,0.08111171424388885,0.424137681722641,34.69109999787179
ml_training/datasets/structural/raw/qrdn/extracted Quad/test/2153.jpg,qrdn:qr_identity:71,quad,0.8374375104904175,tampered,0.1625625193119049,0.041617557406425476,0.7958199381828308,32.201999998505926
ml_training/datasets/structural/raw/qrdn/extracted Quad/test/2154.jpg,qrdn:qr_identity:71,quad,0.37307703495025635,clean,0.6269229650497437,0.11791062355041504,0.2551663815975189,34.25770000103512
ml_training/datasets/structural/raw/qrdn/extracted Quad/test/2155.jpg,qrdn:qr_identity:71,quad,0.5925750732421875,tampered,0.4074249565601349,0.0928301140666008,0.49974489212036133,29.171399997721892
ml_training/datasets/structural/raw/qrdn/extracted Quad/test/2156.jpg,qrdn:qr_identity:71,quad,0.6723536252975464,tampered,0.3276463449001312,0.06334058940410614,0.6090130805969238,36.23909999805619
ml_training/datasets/structural/raw/qrdn/extracted Quad/test/2157.jpg,qrdn:qr_identity:71,quad,0.6525686979293823,tampered,0.3474313020706177,0.08807462453842163,0.5644940733909607,28.67750000223168
ml_training/datasets/structural/raw/qrdn/extracted Quad/test/2158.jpg,qrdn:qr_identity:71,quad,0.7627013325691223,tampered,0.23729866743087769,0.08447607606649399,0.6782252788543701,28.754700000718003
ml_training/datasets/structural/raw/qrdn/extracted Quad/test/2159.jpg,qrdn:qr_identity:71,quad,0.6249903440475464,tampered,0.3750096559524536,0.09754573553800583,0.52744460105896,31.093600002350286
ml_training/datasets/structural/raw/qrdn/extracted Quad/test/2160.jpg,qrdn:qr_identity:72,quad,0.48640888929367065,clean,0.5135911107063293,0.15470822155475616,0.3317006528377533,31.87640000032843
ml_training/datasets/structural/raw/qrdn/extracted Quad/test/2161.jpg,qrdn:qr_identity:72,quad,0.44603389501571655,clean,0.5539661049842834,0.11608409881591797,0.32994982600212097,32.48639999947045
ml_training/datasets/structural/raw/qrdn/extracted Quad/test/2162.jpg,qrdn:qr_identity:72,quad,0.5081145167350769,clean,0.4918854832649231,0.15860547125339508,0.34950900077819824,30.2430000010645
ml_training/datasets/structural/raw/qrdn/extracted Quad/test/2163.jpg,qrdn:qr_identity:72,quad,0.8433784246444702,tampered,0.1566215604543686,0.04347284883260727,0.79990553855896,27.570800000830786
ml_training/datasets/structural/raw/qrdn/extracted Quad/test/2164.jpg,qrdn:qr_identity:72,quad,0.840207040309906,tampered,0.1597929447889328,0.026458853855729103,0.8137481808662415,32.69219999856432
ml_training/datasets/structural/raw/qrdn/extracted Quad/test/2165.jpg,qrdn:qr_identity:72,quad,0.378498375415802,clean,0.621501624584198,0.0988633930683136,0.2796349823474884,50.263100001757266
ml_training/datasets/structural/raw/qrdn/extracted Quad/test/2166.jpg,qrdn:qr_identity:72,quad,0.7969809770584106,tampered,0.20301899313926697,0.06941564381122589,0.727565348148346,28.83080000174232
ml_training/datasets/structural/raw/qrdn/extracted Quad/test/2167.jpg,qrdn:qr_identity:72,quad,0.4699938893318176,clean,0.5300061106681824,0.10537292808294296,0.36462098360061646,26.79030000217608
ml_training/datasets/structural/raw/qrdn/extracted Quad/test/2168.jpg,qrdn:qr_identity:72,quad,0.8613431453704834,tampered,0.1386568546295166,0.03225046768784523,0.8290926814079285,32.41440000056173
ml_training/datasets/structural/raw/qrdn/extracted Quad/test/2169.jpg,qrdn:qr_identity:72,quad,0.49111562967300415,clean,0.5088843703269958,0.14186866581439972,0.34924694895744324,27.452899998024805
ml_training/datasets/structural/raw/qrdn/extracted Quad/test/2170.jpg,qrdn:qr_identity:72,quad,0.558087944984436,clean,0.44191205501556396,0.17256762087345123,0.3855203092098236,29.236599999421742
ml_training/datasets/structural/raw/qrdn/extracted Quad/test/2171.jpg,qrdn:qr_identity:72,quad,0.5559725165367126,clean,0.44402748346328735,0.19053848087787628,0.36543408036231995,28.270499999052845
ml_training/datasets/structural/raw/qrdn/extracted Quad/test/2172.jpg,qrdn:qr_identity:72,quad,0.8341193199157715,tampered,0.16588065028190613,0.057146232575178146,0.7769731283187866,26.64840000215918
ml_training/datasets/structural/raw/qrdn/extracted Quad/test/2173.jpg,qrdn:qr_identity:72,quad,0.8494819402694702,tampered,0.15051807463169098,0.03055877797305584,0.8189231157302856,31.883800002106
ml_training/datasets/structural/raw/qrdn/extracted Quad/test/2174.jpg,qrdn:qr_identity:72,quad,0.6593489646911621,tampered,0.3406510353088379,0.08321639895439148,0.576132595539093,29.34599999935017
ml_training/datasets/structural/raw/qrdn/extracted Quad/test/2175.jpg,qrdn:qr_identity:72,quad,0.43104493618011475,clean,0.5689550638198853,0.09157738089561462,0.3394675850868225,30.92610000021523
ml_training/datasets/structural/raw/qrdn/extracted Quad/test/2176.jpg,qrdn:qr_identity:72,quad,0.9912538528442383,tampered,0.008746134117245674,0.0015032216906547546,0.9897506833076477,27.668300001096213
ml_training/datasets/structural/raw/qrdn/extracted Quad/test/2177.jpg,qrdn:qr_identity:72,quad,0.9377961754798889,tampered,0.062203846871852875,0.019842736423015594,0.9179534316062927,30.46380000159843
ml_training/datasets/structural/raw/qrdn/extracted Quad/test/2178.jpg,qrdn:qr_identity:72,quad,0.983532726764679,tampered,0.016467289999127388,0.006553078535944223,0.9769796133041382,28.869999998278217
ml_training/datasets/structural/raw/qrdn/extracted Quad/test/2179.jpg,qrdn:qr_identity:72,quad,0.6473696231842041,tampered,0.3526304066181183,0.11106062680482864,0.5363089442253113,26.479899999685585
ml_training/datasets/structural/raw/qrdn/extracted Quad/test/2180.jpg,qrdn:qr_identity:72,quad,0.6301224231719971,tampered,0.3698776066303253,0.07721506059169769,0.5529073476791382,27.000699999916833
ml_training/datasets/structural/raw/qrdn/extracted Quad/test/2181.jpg,qrdn:qr_identity:72,quad,0.7176641225814819,tampered,0.2823358476161957,0.05379478633403778,0.6638693809509277,26.53189999909955
ml_training/datasets/structural/raw/qrdn/extracted Quad/test/2182.jpg,qrdn:qr_identity:72,quad,0.8719109296798706,tampered,0.128089040517807,0.034299928694963455,0.8376110196113586,34.08019999915268
ml_training/datasets/structural/raw/qrdn/extracted Quad/test/2183.jpg,qrdn:qr_identity:72,quad,0.7833802700042725,tampered,0.21661971509456635,0.05767958238720894,0.7257006764411926,27.818099999421975
ml_training/datasets/structural/raw/qrdn/extracted Quad/test/2184.jpg,qrdn:qr_identity:72,quad,0.5753835439682007,tampered,0.4246164858341217,0.1399383693933487,0.4354451596736908,28.17460000005667
ml_training/datasets/structural/raw/qrdn/extracted Quad/test/2185.jpg,qrdn:qr_identity:72,quad,0.7818554639816284,tampered,0.2181445062160492,0.04178434982895851,0.7400711178779602,28.330999997706385
ml_training/datasets/structural/raw/qrdn/extracted Quad/test/2186.jpg,qrdn:qr_identity:72,quad,0.6274295449256897,tampered,0.3725704550743103,0.06154657155275345,0.5658829212188721,29.87799999755225
ml_training/datasets/structural/raw/qrdn/extracted Quad/test/2187.jpg,qrdn:qr_identity:72,quad,0.6318724155426025,tampered,0.36812761425971985,0.13267649710178375,0.4991958439350128,27.588799999648472
ml_training/datasets/structural/raw/qrdn/extracted Quad/test/2188.jpg,qrdn:qr_identity:72,quad,0.6017152070999146,tampered,0.39828476309776306,0.11408525705337524,0.48763003945350647,28.722399998514447
ml_training/datasets/structural/raw/qrdn/extracted Quad/test/2189.jpg,qrdn:qr_identity:72,quad,0.9445287585258484,tampered,0.05547124892473221,0.008352719247341156,0.9361760020256042,29.215499998827
ml_training/datasets/structural/raw/qrdn/extracted Quad/test/2190.jpg,qrdn:qr_identity:73,quad,0.6880723237991333,tampered,0.3119277060031891,0.04441124573349953,0.6436610817909241,30.546400001185248
ml_training/datasets/structural/raw/qrdn/extracted Quad/test/2191.jpg,qrdn:qr_identity:73,quad,0.4724962115287781,clean,0.5275037884712219,0.15450595319271088,0.3179902136325836,30.728699999599485
ml_training/datasets/structural/raw/qrdn/extracted Quad/test/2192.jpg,qrdn:qr_identity:73,quad,0.5116406083106995,clean,0.48835939168930054,0.08240131288766861,0.4292393624782562,29.127400001016213
ml_training/datasets/structural/raw/qrdn/extracted Quad/test/2193.jpg,qrdn:qr_identity:73,quad,0.7214312553405762,tampered,0.27856874465942383,0.048053767532110214,0.6733774542808533,33.30859999914537
ml_training/datasets/structural/raw/qrdn/extracted Quad/test/2194.jpg,qrdn:qr_identity:73,quad,0.6911877393722534,tampered,0.30881229043006897,0.07503572106361389,0.6161519885063171,28.33000000100583
ml_training/datasets/structural/raw/qrdn/extracted Quad/test/2195.jpg,qrdn:qr_identity:73,quad,0.5255318880081177,clean,0.4744681417942047,0.08091450482606888,0.4446173906326294,31.59339999911026
ml_training/datasets/structural/raw/qrdn/extracted Quad/test/2196.jpg,qrdn:qr_identity:73,quad,0.5746270418167114,tampered,0.4253729581832886,0.1030559316277504,0.47157105803489685,32.36610000021756
ml_training/datasets/structural/raw/qrdn/extracted Quad/test/2197.jpg,qrdn:qr_identity:73,quad,0.4963362216949463,clean,0.5036637783050537,0.07499419152736664,0.42134204506874084,31.790899996849475
ml_training/datasets/structural/raw/qrdn/extracted Quad/test/2198.jpg,qrdn:qr_identity:73,quad,0.4188758134841919,clean,0.5811241865158081,0.13663116097450256,0.28224462270736694,27.0474999997532
ml_training/datasets/structural/raw/qrdn/extracted Quad/test/2199.jpg,qrdn:qr_identity:73,quad,0.929720401763916,tampered,0.07027962058782578,0.019922327250242233,0.9097980260848999,28.572699997312156
ml_training/datasets/structural/raw/qrdn/extracted Quad/test/2200.jpg,qrdn:qr_identity:73,quad,0.6121300458908081,tampered,0.3878699839115143,0.1049015149474144,0.5072284936904907,30.43230000184849
ml_training/datasets/structural/raw/qrdn/extracted Quad/test/2201.jpg,qrdn:qr_identity:73,quad,0.5781298875808716,tampered,0.4218701124191284,0.0753362774848938,0.502793550491333,29.341800000111107
ml_training/datasets/structural/raw/qrdn/extracted Quad/test/2202.jpg,qrdn:qr_identity:73,quad,0.9310406446456909,tampered,0.06895937025547028,0.023025861009955406,0.9080147743225098,33.68849999969825
ml_training/datasets/structural/raw/qrdn/extracted Quad/test/2203.jpg,qrdn:qr_identity:73,quad,0.5356158018112183,clean,0.46438416838645935,0.1871030032634735,0.34851282835006714,26.78609999929904
ml_training/datasets/structural/raw/qrdn/extracted Quad/test/2204.jpg,qrdn:qr_identity:73,quad,0.7723262310028076,tampered,0.22767376899719238,0.08247379213571548,0.6898524165153503,28.483899997809203
ml_training/datasets/structural/raw/qrdn/extracted Quad/test/2205.jpg,qrdn:qr_identity:73,quad,0.4736901521682739,clean,0.5263098478317261,0.13773073256015778,0.33595946431159973,29.82539999720757
ml_training/datasets/structural/raw/qrdn/extracted Quad/test/2206.jpg,qrdn:qr_identity:73,quad,0.9955605268478394,tampered,0.004439502954483032,0.0015605433145537972,0.9939999580383301,30.550100000255043
ml_training/datasets/structural/raw/qrdn/extracted Quad/test/2207.jpg,qrdn:qr_identity:73,quad,0.9024221897125244,tampered,0.09757784008979797,0.016044998541474342,0.8863771557807922,28.319199998804834
ml_training/datasets/structural/raw/qrdn/extracted Quad/test/2208.jpg,qrdn:qr_identity:73,quad,0.9767417311668396,tampered,0.023258285596966743,0.011904533952474594,0.9648371934890747,28.147599998192163
ml_training/datasets/structural/raw/qrdn/extracted Quad/test/2209.jpg,qrdn:qr_identity:73,quad,0.9424054622650146,tampered,0.05759454518556595,0.02597139962017536,0.9164339900016785,32.981099997414276
ml_training/datasets/structural/raw/qrdn/extracted Quad/test/2210.jpg,qrdn:qr_identity:73,quad,0.6984248757362366,tampered,0.3015751242637634,0.08603203296661377,0.6123929023742676,30.311600003187777
ml_training/datasets/structural/raw/qrdn/extracted Quad/test/2211.jpg,qrdn:qr_identity:73,quad,0.36719125509262085,clean,0.6328087449073792,0.10523729771375656,0.2619539499282837,35.51859999788576
ml_training/datasets/structural/raw/qrdn/extracted Quad/test/2212.jpg,qrdn:qr_identity:73,quad,0.7097111940383911,tampered,0.2902888357639313,0.09273425489664078,0.6169769167900085,29.0000000022701
ml_training/datasets/structural/raw/qrdn/extracted Quad/test/2213.jpg,qrdn:qr_identity:73,quad,0.4469703435897827,clean,0.5530296564102173,0.06036974862217903,0.38660064339637756,31.96380000008503
ml_training/datasets/structural/raw/qrdn/extracted Quad/test/2214.jpg,qrdn:qr_identity:73,quad,0.5386911630630493,clean,0.4613088071346283,0.12307419627904892,0.41561704874038696,28.69540000028792
ml_training/datasets/structural/raw/qrdn/extracted Quad/test/2215.jpg,qrdn:qr_identity:73,quad,0.7813846468925476,tampered,0.2186153680086136,0.1361130177974701,0.6452716588973999,29.298200002813246
ml_training/datasets/structural/raw/qrdn/extracted Quad/test/2216.jpg,qrdn:qr_identity:73,quad,0.8609241247177124,tampered,0.13907590508460999,0.04931041598320007,0.8116136193275452,28.435000000172295
ml_training/datasets/structural/raw/qrdn/extracted Quad/test/2217.jpg,qrdn:qr_identity:73,quad,0.5633712410926819,clean,0.4366287589073181,0.13987165689468384,0.42349961400032043,32.192700000450714
ml_training/datasets/structural/raw/qrdn/extracted Quad/test/2218.jpg,qrdn:qr_identity:73,quad,0.49479949474334717,clean,0.5052005052566528,0.1388036459684372,0.3559958040714264,34.16490000017802
ml_training/datasets/structural/raw/qrdn/extracted Quad/test/2219.jpg,qrdn:qr_identity:73,quad,0.8611206412315369,tampered,0.13887937366962433,0.033646754920482635,0.8274739384651184,30.690299998241244
ml_training/datasets/structural/raw/qrdn/extracted Quad/test/2220.jpg,qrdn:qr_identity:74,quad,0.4752305746078491,clean,0.5247694253921509,0.07971619069576263,0.3955143690109253,30.0719000006211
ml_training/datasets/structural/raw/qrdn/extracted Quad/test/2221.jpg,qrdn:qr_identity:74,quad,0.9314042925834656,tampered,0.06859570741653442,0.013077029027044773,0.9183272123336792,32.18639999977313
ml_training/datasets/structural/raw/qrdn/extracted Quad/test/2222.jpg,qrdn:qr_identity:74,quad,0.4873126149177551,clean,0.5126873850822449,0.11730976402759552,0.3700028657913208,32.22180000011576
ml_training/datasets/structural/raw/qrdn/extracted Quad/test/2223.jpg,qrdn:qr_identity:74,quad,0.23562997579574585,clean,0.7643700242042542,0.07216736674308777,0.1634625792503357,33.43060000042897
ml_training/datasets/structural/raw/qrdn/extracted Quad/test/2224.jpg,qrdn:qr_identity:74,quad,0.6946070790290833,tampered,0.30539292097091675,0.06511536985635757,0.6294917464256287,36.22940000059316
ml_training/datasets/structural/raw/qrdn/extracted Quad/test/2225.jpg,qrdn:qr_identity:74,quad,0.4020337462425232,clean,0.5979662537574768,0.10138919204473495,0.30064457654953003,40.29219999938505
ml_training/datasets/structural/raw/qrdn/extracted Quad/test/2226.jpg,qrdn:qr_identity:74,quad,0.9681110978126526,tampered,0.03188887611031532,0.014997823163866997,0.9531133770942688,30.84609999859822
ml_training/datasets/structural/raw/qrdn/extracted Quad/test/2227.jpg,qrdn:qr_identity:74,quad,0.9775112867355347,tampered,0.022488707676529884,0.010314881801605225,0.9671964645385742,28.895199997350574
ml_training/datasets/structural/raw/qrdn/extracted Quad/test/2228.jpg,qrdn:qr_identity:74,quad,0.6194947361946106,tampered,0.3805052638053894,0.1250545084476471,0.4944401979446411,27.4877000010747
ml_training/datasets/structural/raw/qrdn/extracted Quad/test/2229.jpg,qrdn:qr_identity:74,quad,0.6378456354141235,tampered,0.36215436458587646,0.14573891460895538,0.4921067953109741,32.12160000111908
ml_training/datasets/structural/raw/qrdn/extracted Quad/test/2230.jpg,qrdn:qr_identity:74,quad,0.6921331882476807,tampered,0.3078668415546417,0.13529466092586517,0.5568384528160095,34.62950000175624
ml_training/datasets/structural/raw/qrdn/extracted Quad/test/2231.jpg,qrdn:qr_identity:74,quad,0.5822529792785645,tampered,0.41774705052375793,0.054624009877443314,0.5276289582252502,29.946999999083346
ml_training/datasets/structural/raw/qrdn/extracted Quad/test/2232.jpg,qrdn:qr_identity:74,quad,0.49342334270477295,clean,0.506576657295227,0.17108185589313507,0.3223414123058319,31.865699998888886
ml_training/datasets/structural/raw/qrdn/extracted Quad/test/2233.jpg,qrdn:qr_identity:74,quad,0.6347005367279053,tampered,0.36529943346977234,0.07152845710515976,0.5631721019744873,30.375099999218946
ml_training/datasets/structural/raw/qrdn/extracted Quad/test/2234.jpg,qrdn:qr_identity:74,quad,0.3427508473396301,clean,0.6572491526603699,0.06939256191253662,0.2733582854270935,35.30809999938356
ml_training/datasets/structural/raw/qrdn/extracted Quad/test/2235.jpg,qrdn:qr_identity:74,quad,0.4978141188621521,clean,0.5021858811378479,0.10427399724721909,0.39354008436203003,32.56089999922551
ml_training/datasets/structural/raw/qrdn/extracted Quad/test/2236.jpg,qrdn:qr_identity:74,quad,0.9943467378616333,tampered,0.00565324304625392,0.0015545246424153447,0.9927922487258911,37.46379999938654
ml_training/datasets/structural/raw/qrdn/extracted Quad/test/2237.jpg,qrdn:qr_identity:74,quad,0.9626734852790833,tampered,0.03732651472091675,0.010485772974789143,0.952187716960907,32.11419999934151
ml_training/datasets/structural/raw/qrdn/extracted Quad/test/2238.jpg,qrdn:qr_identity:74,quad,0.9221272468566895,tampered,0.07787273824214935,0.01840319111943245,0.9037240743637085,38.71400000207359
ml_training/datasets/structural/raw/qrdn/extracted Quad/test/2239.jpg,qrdn:qr_identity:74,quad,0.6359833478927612,tampered,0.3640166223049164,0.07920685410499573,0.5567765235900879,34.232199999678414
ml_training/datasets/structural/raw/qrdn/extracted Quad/test/2240.jpg,qrdn:qr_identity:74,quad,0.538352906703949,clean,0.461647093296051,0.07903628796339035,0.459316611289978,33.053799998015165
ml_training/datasets/structural/raw/qrdn/extracted Quad/test/2241.jpg,qrdn:qr_identity:74,quad,0.3169746994972229,clean,0.6830253005027771,0.12233079969882965,0.19464382529258728,28.335599999991246
ml_training/datasets/structural/raw/qrdn/extracted Quad/test/2242.jpg,qrdn:qr_identity:74,quad,0.5915185213088989,tampered,0.4084814488887787,0.14685094356536865,0.44466763734817505,29.744399998890003
ml_training/datasets/structural/raw/qrdn/extracted Quad/test/2243.jpg,qrdn:qr_identity:74,quad,0.4619521498680115,clean,0.5380478501319885,0.0707029327750206,0.39124926924705505,28.12869999979739
ml_training/datasets/structural/raw/qrdn/extracted Quad/test/2244.jpg,qrdn:qr_identity:74,quad,0.7837245464324951,tampered,0.21627546846866608,0.056915994733572006,0.726808488368988,31.653799997002352
ml_training/datasets/structural/raw/qrdn/extracted Quad/test/2245.jpg,qrdn:qr_identity:74,quad,0.8395804762840271,tampered,0.1604195237159729,0.054971128702163696,0.7846093773841858,30.747400000109337
ml_training/datasets/structural/raw/qrdn/extracted Quad/test/2246.jpg,qrdn:qr_identity:74,quad,0.6115401983261108,tampered,0.38845980167388916,0.07788410782814026,0.533656120300293,35.25110000191489
ml_training/datasets/structural/raw/qrdn/extracted Quad/test/2247.jpg,qrdn:qr_identity:74,quad,0.9406065940856934,tampered,0.05939338356256485,0.014314970001578331,0.9262915849685669,29.86330000203452
ml_training/datasets/structural/raw/qrdn/extracted Quad/test/2248.jpg,qrdn:qr_identity:74,quad,0.4173951745033264,clean,0.5826048254966736,0.15490055084228516,0.26249465346336365,30.217099996662
ml_training/datasets/structural/raw/qrdn/extracted Quad/test/2249.jpg,qrdn:qr_identity:74,quad,0.6375802755355835,tampered,0.3624197244644165,0.10146430879831314,0.5361159443855286,28.596699998161057
ml_training/datasets/structural/raw/qrdn/extracted Voted/test/1500.jpg,qrdn:qr_identity:50,voted,0.7318353652954102,tampered,0.26816463470458984,0.06963290274143219,0.6622024774551392,30.060500001127366
ml_training/datasets/structural/raw/qrdn/extracted Voted/test/1501.jpg,qrdn:qr_identity:50,voted,0.8373335599899292,tampered,0.1626664251089096,0.13965566456317902,0.6976779103279114,27.61810000083642
ml_training/datasets/structural/raw/qrdn/extracted Voted/test/1502.jpg,qrdn:qr_identity:50,voted,0.7337144613265991,tampered,0.26628556847572327,0.2000432014465332,0.5336712598800659,30.475200001092162
ml_training/datasets/structural/raw/qrdn/extracted Voted/test/1503.jpg,qrdn:qr_identity:50,voted,0.5329504013061523,clean,0.46704956889152527,0.11733439564704895,0.41561609506607056,30.72519999841461
ml_training/datasets/structural/raw/qrdn/extracted Voted/test/1504.jpg,qrdn:qr_identity:50,voted,0.6574103832244873,tampered,0.3425896465778351,0.14812791347503662,0.5092824697494507,27.3815000000468
ml_training/datasets/structural/raw/qrdn/extracted Voted/test/1505.jpg,qrdn:qr_identity:50,voted,0.7807720303535461,tampered,0.21922798454761505,0.09893209487199783,0.6818398833274841,30.47530000185361
ml_training/datasets/structural/raw/qrdn/extracted Voted/test/1506.jpg,qrdn:qr_identity:50,voted,0.9934290051460266,tampered,0.006570988800376654,0.0023731773253530264,0.9910558462142944,27.7752000001783
ml_training/datasets/structural/raw/qrdn/extracted Voted/test/1507.jpg,qrdn:qr_identity:50,voted,0.6976414918899536,tampered,0.302358478307724,0.07802429795265198,0.6196171641349792,25.282899998273933
ml_training/datasets/structural/raw/qrdn/extracted Voted/test/1508.jpg,qrdn:qr_identity:50,voted,0.8172507882118225,tampered,0.1827492117881775,0.05438757687807083,0.7628631591796875,27.868799999851035
ml_training/datasets/structural/raw/qrdn/extracted Voted/test/1509.jpg,qrdn:qr_identity:50,voted,0.5842470526695251,tampered,0.41575294733047485,0.10676946491003036,0.4774775207042694,28.558800000610063
ml_training/datasets/structural/raw/qrdn/extracted Voted/test/1510.jpg,qrdn:qr_identity:50,voted,0.658500075340271,tampered,0.341499924659729,0.07770270854234695,0.5807973742485046,30.668899999000132
ml_training/datasets/structural/raw/qrdn/extracted Voted/test/1511.jpg,qrdn:qr_identity:50,voted,0.7214689254760742,tampered,0.2785310447216034,0.07633230090141296,0.6451367139816284,27.25769999960903
ml_training/datasets/structural/raw/qrdn/extracted Voted/test/1512.jpg,qrdn:qr_identity:50,voted,0.4818575978279114,clean,0.5181424021720886,0.07558811455965042,0.40626949071884155,32.72800000195275
ml_training/datasets/structural/raw/qrdn/extracted Voted/test/1513.jpg,qrdn:qr_identity:50,voted,0.6663588285446167,tampered,0.3336411416530609,0.10102827847003937,0.5653305649757385,25.518700000247918
ml_training/datasets/structural/raw/qrdn/extracted Voted/test/1514.jpg,qrdn:qr_identity:50,voted,0.9044168591499329,tampered,0.09558316320180893,0.12963886559009552,0.7747780084609985,28.703100000711856
ml_training/datasets/structural/raw/qrdn/extracted Voted/test/1515.jpg,qrdn:qr_identity:50,voted,0.8181522488594055,tampered,0.1818477362394333,0.051444701850414276,0.7667075395584106,31.27450000101817
ml_training/datasets/structural/raw/qrdn/extracted Voted/test/1516.jpg,qrdn:qr_identity:50,voted,0.9503960609436035,tampered,0.049603935331106186,0.03500096872448921,0.9153950810432434,32.67760000017006
ml_training/datasets/structural/raw/qrdn/extracted Voted/test/1517.jpg,qrdn:qr_identity:50,voted,0.8345555067062378,tampered,0.165444478392601,0.06371711194515228,0.7708384394645691,34.18729999975767
ml_training/datasets/structural/raw/qrdn/extracted Voted/test/1518.jpg,qrdn:qr_identity:50,voted,0.9827993512153625,tampered,0.01720062829554081,0.005044420715421438,0.9777550101280212,33.641800000623334
ml_training/datasets/structural/raw/qrdn/extracted Voted/test/1519.jpg,qrdn:qr_identity:50,voted,0.35075414180755615,clean,0.6492458581924438,0.11511353403329849,0.23564061522483826,31.167299999651732
ml_training/datasets/structural/raw/qrdn/extracted Voted/test/1520.jpg,qrdn:qr_identity:50,voted,0.5576053857803345,clean,0.4423946142196655,0.3645581305027008,0.19304727017879486,29.18869999848539
ml_training/datasets/structural/raw/qrdn/extracted Voted/test/1521.jpg,qrdn:qr_identity:50,voted,0.38352537155151367,clean,0.6164746284484863,0.13607856631278992,0.24744676053524017,31.79199999794946
ml_training/datasets/structural/raw/qrdn/extracted Voted/test/1522.jpg,qrdn:qr_identity:50,voted,0.932617723941803,tampered,0.06738225370645523,0.02167460136115551,0.9109432101249695,29.05340000143042
ml_training/datasets/structural/raw/qrdn/extracted Voted/test/1523.jpg,qrdn:qr_identity:50,voted,0.8494453430175781,tampered,0.15055465698242188,0.034131743013858795,0.8153135776519775,36.039599999639904
ml_training/datasets/structural/raw/qrdn/extracted Voted/test/1524.jpg,qrdn:qr_identity:50,voted,0.4594268202781677,clean,0.5405731797218323,0.09031898528337479,0.36910778284072876,31.933900001604343
ml_training/datasets/structural/raw/qrdn/extracted Voted/test/1525.jpg,qrdn:qr_identity:50,voted,0.8143678903579712,tampered,0.1856321096420288,0.03285502269864082,0.7815128564834595,28.77980000266689
ml_training/datasets/structural/raw/qrdn/extracted Voted/test/1526.jpg,qrdn:qr_identity:50,voted,0.7881103754043579,tampered,0.2118895947933197,0.06800667941570282,0.7201037406921387,30.786499999521766
ml_training/datasets/structural/raw/qrdn/extracted Voted/test/1527.jpg,qrdn:qr_identity:50,voted,0.31268322467803955,clean,0.6873167753219604,0.13527598977088928,0.17740723490715027,29.495200000383193
ml_training/datasets/structural/raw/qrdn/extracted Voted/test/1528.jpg,qrdn:qr_identity:50,voted,0.6276028156280518,tampered,0.37239718437194824,0.09901145100593567,0.5285913944244385,29.063699999824166
ml_training/datasets/structural/raw/qrdn/extracted Voted/test/1529.jpg,qrdn:qr_identity:50,voted,0.9573978781700134,tampered,0.042602114379405975,0.02019331231713295,0.9372045993804932,32.501900001079775
ml_training/datasets/structural/raw/qrdn/extracted Voted/test/1530.jpg,qrdn:qr_identity:51,voted,0.9606955647468567,tampered,0.0393044538795948,0.015497660264372826,0.9451979398727417,29.919999997218838
ml_training/datasets/structural/raw/qrdn/extracted Voted/test/1531.jpg,qrdn:qr_identity:51,voted,0.8549873232841492,tampered,0.14501269161701202,0.036566004157066345,0.8184213042259216,33.542400000442285
ml_training/datasets/structural/raw/qrdn/extracted Voted/test/1532.jpg,qrdn:qr_identity:51,voted,0.3084375858306885,clean,0.6915624141693115,0.058510731905698776,0.2499268800020218,29.197600000770763
ml_training/datasets/structural/raw/qrdn/extracted Voted/test/1533.jpg,qrdn:qr_identity:51,voted,0.3527902364730835,clean,0.6472097635269165,0.08119003474712372,0.27160024642944336,34.703600002103485
ml_training/datasets/structural/raw/qrdn/extracted Voted/test/1534.jpg,qrdn:qr_identity:51,voted,0.7444535493850708,tampered,0.2555464804172516,0.046242743730545044,0.6982107162475586,29.277300000103423
ml_training/datasets/structural/raw/qrdn/extracted Voted/test/1535.jpg,qrdn:qr_identity:51,voted,0.5678914785385132,tampered,0.4321085214614868,0.08549283444881439,0.48239865899086,31.891700000414858
ml_training/datasets/structural/raw/qrdn/extracted Voted/test/1536.jpg,qrdn:qr_identity:51,voted,0.9882262349128723,tampered,0.011773749254643917,0.005695051047950983,0.9825312495231628,35.962199999630684
ml_training/datasets/structural/raw/qrdn/extracted Voted/test/1537.jpg,qrdn:qr_identity:51,voted,0.9920136332511902,tampered,0.007986349985003471,0.007033130154013634,0.9849804639816284,36.63360000064131
ml_training/datasets/structural/raw/qrdn/extracted Voted/test/1538.jpg,qrdn:qr_identity:51,voted,0.8248204588890076,tampered,0.17517952620983124,0.11098238080739975,0.7138381004333496,40.837399999873014
ml_training/datasets/structural/raw/qrdn/extracted Voted/test/1539.jpg,qrdn:qr_identity:51,voted,0.6592679023742676,tampered,0.3407321274280548,0.07051236927509308,0.5887554883956909,37.4682000001485
ml_training/datasets/structural/raw/qrdn/extracted Voted/test/1540.jpg,qrdn:qr_identity:51,voted,0.17584341764450073,clean,0.8241565823554993,0.07347298413515091,0.1023704931139946,30.985299999883864
ml_training/datasets/structural/raw/qrdn/extracted Voted/test/1541.jpg,qrdn:qr_identity:51,voted,0.2997478246688843,clean,0.7002521753311157,0.12677600979804993,0.17297178506851196,39.80700000101933
ml_training/datasets/structural/raw/qrdn/extracted Voted/test/1542.jpg,qrdn:qr_identity:51,voted,0.6452146768569946,tampered,0.35478532314300537,0.06054157391190529,0.5846731066703796,31.389600000693463
ml_training/datasets/structural/raw/qrdn/extracted Voted/test/1543.jpg,qrdn:qr_identity:51,voted,0.6860817670822144,tampered,0.31391826272010803,0.0645245835185051,0.6215571761131287,40.851800000382354
ml_training/datasets/structural/raw/qrdn/extracted Voted/test/1544.jpg,qrdn:qr_identity:51,voted,0.8146810531616211,adversarial,0.1853189468383789,0.5208464860916138,0.2938345968723297,34.00150000015856
ml_training/datasets/structural/raw/qrdn/extracted Voted/test/1545.jpg,qrdn:qr_identity:51,voted,0.905367374420166,tampered,0.09463264048099518,0.04335608705878258,0.8620112538337708,40.75900000316324
ml_training/datasets/structural/raw/qrdn/extracted Voted/test/1546.jpg,qrdn:qr_identity:51,voted,0.5620360374450684,clean,0.43796399235725403,0.14011216163635254,0.42192384600639343,34.87500000119326
ml_training/datasets/structural/raw/qrdn/extracted Voted/test/1547.jpg,qrdn:qr_identity:51,voted,0.46494048833847046,clean,0.5350595116615295,0.16253244876861572,0.3024080693721771,36.84559999965131
ml_training/datasets/structural/raw/qrdn/extracted Voted/test/1548.jpg,qrdn:qr_identity:51,voted,0.9550738334655762,tampered,0.044926196336746216,0.03495428338646889,0.9201195240020752,33.198900000570575
ml_training/datasets/structural/raw/qrdn/extracted Voted/test/1549.jpg,qrdn:qr_identity:51,voted,0.6848084926605225,tampered,0.31519150733947754,0.07133102416992188,0.6134775280952454,31.560700001136865
ml_training/datasets/structural/raw/qrdn/extracted Voted/test/1550.jpg,qrdn:qr_identity:51,voted,0.6103910207748413,tampered,0.3896089792251587,0.04639844968914986,0.5639925599098206,30.804199999693083
ml_training/datasets/structural/raw/qrdn/extracted Voted/test/1551.jpg,qrdn:qr_identity:51,voted,0.29552018642425537,clean,0.7044798135757446,0.18875837326049805,0.10676185041666031,32.88859999884153
ml_training/datasets/structural/raw/qrdn/extracted Voted/test/1552.jpg,qrdn:qr_identity:51,voted,0.4992828369140625,clean,0.5007171630859375,0.19904175400733948,0.30024105310440063,30.816499998763902
ml_training/datasets/structural/raw/qrdn/extracted Voted/test/1553.jpg,qrdn:qr_identity:51,voted,0.965672492980957,tampered,0.03432749584317207,0.011696410365402699,0.9539761543273926,33.236900002521
ml_training/datasets/structural/raw/qrdn/extracted Voted/test/1554.jpg,qrdn:qr_identity:51,voted,0.901336133480072,tampered,0.09866385906934738,0.03178445249795914,0.8695517182350159,30.5582000000868
ml_training/datasets/structural/raw/qrdn/extracted Voted/test/1555.jpg,qrdn:qr_identity:51,voted,0.7261054515838623,tampered,0.2738945782184601,0.04308124631643295,0.6830241680145264,31.17500000007567
ml_training/datasets/structural/raw/qrdn/extracted Voted/test/1556.jpg,qrdn:qr_identity:51,voted,0.5917580127716064,tampered,0.40824198722839355,0.12135706841945648,0.47040098905563354,29.259600003570085
ml_training/datasets/structural/raw/qrdn/extracted Voted/test/1557.jpg,qrdn:qr_identity:51,voted,0.22871029376983643,clean,0.7712897062301636,0.08922197669744492,0.1394883245229721,32.64370000033523
ml_training/datasets/structural/raw/qrdn/extracted Voted/test/1558.jpg,qrdn:qr_identity:51,voted,0.9817264080047607,tampered,0.018273571506142616,0.006772088352590799,0.97495436668396,30.024100000446197
ml_training/datasets/structural/raw/qrdn/extracted Voted/test/1559.jpg,qrdn:qr_identity:51,voted,0.6079985499382019,tampered,0.3920014500617981,0.11076464504003525,0.49723392724990845,37.997099996573525
ml_training/datasets/structural/raw/qrdn/extracted Voted/test/1560.jpg,qrdn:qr_identity:52,voted,0.2963736653327942,clean,0.7036263346672058,0.09072554856538773,0.20564809441566467,29.662299999472452
ml_training/datasets/structural/raw/qrdn/extracted Voted/test/1561.jpg,qrdn:qr_identity:52,voted,0.6309067606925964,tampered,0.36909323930740356,0.2606813907623291,0.37022531032562256,33.56299999722978
ml_training/datasets/structural/raw/qrdn/extracted Voted/test/1562.jpg,qrdn:qr_identity:52,voted,0.8410085439682007,tampered,0.15899142622947693,0.037261538207530975,0.8037469983100891,27.797800001280848
ml_training/datasets/structural/raw/qrdn/extracted Voted/test/1563.jpg,qrdn:qr_identity:52,voted,0.5919452905654907,tampered,0.4080546796321869,0.1743295043706894,0.41761577129364014,29.14749999763444
ml_training/datasets/structural/raw/qrdn/extracted Voted/test/1564.jpg,qrdn:qr_identity:52,voted,0.9840907454490662,tampered,0.015909241512417793,0.004540834575891495,0.9795499444007874,36.23449999940931
ml_training/datasets/structural/raw/qrdn/extracted Voted/test/1565.jpg,qrdn:qr_identity:52,voted,0.8349663019180298,tampered,0.1650337129831314,0.09072250127792358,0.7442437410354614,31.66390000114916
ml_training/datasets/structural/raw/qrdn/extracted Voted/test/1566.jpg,qrdn:qr_identity:52,voted,0.16910213232040405,clean,0.830897867679596,0.09481977671384811,0.07428235560655594,26.978499998222105
ml_training/datasets/structural/raw/qrdn/extracted Voted/test/1567.jpg,qrdn:qr_identity:52,voted,0.8185045719146729,tampered,0.18149544298648834,0.05975646898150444,0.7587480545043945,29.615300001751166
ml_training/datasets/structural/raw/qrdn/extracted Voted/test/1568.jpg,qrdn:qr_identity:52,voted,0.9356986880302429,tampered,0.06430132687091827,0.028323670849204063,0.9073749780654907,27.36130000266712
ml_training/datasets/structural/raw/qrdn/extracted Voted/test/1569.jpg,qrdn:qr_identity:52,voted,0.8635612726211548,tampered,0.13643872737884521,0.03764193877577782,0.8259193301200867,33.25020000193035
ml_training/datasets/structural/raw/qrdn/extracted Voted/test/1570.jpg,qrdn:qr_identity:52,voted,0.3544248938560486,clean,0.6455751061439514,0.13452373445034027,0.2199011594057083,36.02839999803109
ml_training/datasets/structural/raw/qrdn/extracted Voted/test/1571.jpg,qrdn:qr_identity:52,voted,0.4119057059288025,clean,0.5880942940711975,0.12570835649967194,0.2861972451210022,33.51050000128453
ml_training/datasets/structural/raw/qrdn/extracted Voted/test/1572.jpg,qrdn:qr_identity:52,voted,0.2970823645591736,clean,0.7029176354408264,0.07113641500473022,0.22594591975212097,33.51260000272305
ml_training/datasets/structural/raw/qrdn/extracted Voted/test/1573.jpg,qrdn:qr_identity:52,voted,0.8986546397209167,tampered,0.10134535282850266,0.04932234063744545,0.849332332611084,34.77059999931953
ml_training/datasets/structural/raw/qrdn/extracted Voted/test/1574.jpg,qrdn:qr_identity:52,voted,0.7143573760986328,tampered,0.2856426239013672,0.17288599908351898,0.5414713621139526,33.96860000066226
ml_training/datasets/structural/raw/qrdn/extracted Voted/test/1575.jpg,qrdn:qr_identity:52,voted,0.8208717107772827,tampered,0.17912831902503967,0.03969789668917656,0.7811737656593323,29.84160000050906
ml_training/datasets/structural/raw/qrdn/extracted Voted/test/1576.jpg,qrdn:qr_identity:52,voted,0.6373351812362671,tampered,0.3626648187637329,0.07853038609027863,0.5588047504425049,28.40199999991455
ml_training/datasets/structural/raw/qrdn/extracted Voted/test/1577.jpg,qrdn:qr_identity:52,voted,0.6092451810836792,clean,0.3907547891139984,0.2696895897388458,0.33955565094947815,30.808800001977943
ml_training/datasets/structural/raw/qrdn/extracted Voted/test/1578.jpg,qrdn:qr_identity:52,voted,0.99166339635849,tampered,0.00833660364151001,0.005220178049057722,0.986443281173706,28.33739999914542
ml_training/datasets/structural/raw/qrdn/extracted Voted/test/1579.jpg,qrdn:qr_identity:52,voted,0.4898190498352051,clean,0.5101809501647949,0.08906570076942444,0.400753378868103,27.43489999920712
ml_training/datasets/structural/raw/qrdn/extracted Voted/test/1580.jpg,qrdn:qr_identity:52,voted,0.5811049938201904,tampered,0.4188949763774872,0.15659764409065247,0.42450734972953796,32.77670000170474
ml_training/datasets/structural/raw/qrdn/extracted Voted/test/1581.jpg,qrdn:qr_identity:52,voted,0.4379398822784424,clean,0.5620601177215576,0.2001129388809204,0.2378268986940384,31.699200000730343
ml_training/datasets/structural/raw/qrdn/extracted Voted/test/1582.jpg,qrdn:qr_identity:52,voted,0.7948601245880127,tampered,0.2051398903131485,0.0673433244228363,0.727516770362854,29.591699996672105
ml_training/datasets/structural/raw/qrdn/extracted Voted/test/1583.jpg,qrdn:qr_identity:52,voted,0.6093760132789612,tampered,0.3906239867210388,0.0606829896569252,0.548693060874939,28.147100001660874
ml_training/datasets/structural/raw/qrdn/extracted Voted/test/1584.jpg,qrdn:qr_identity:52,voted,0.24416428804397583,clean,0.7558357119560242,0.12431134283542633,0.1198529452085495,27.873999999428634
ml_training/datasets/structural/raw/qrdn/extracted Voted/test/1585.jpg,qrdn:qr_identity:52,voted,0.4211154580116272,clean,0.5788845419883728,0.1246282234787941,0.2964872419834137,29.250299998238916
ml_training/datasets/structural/raw/qrdn/extracted Voted/test/1586.jpg,qrdn:qr_identity:52,voted,0.4701147675514221,clean,0.5298852324485779,0.09358518570661545,0.3765295743942261,26.24889999788138
ml_training/datasets/structural/raw/qrdn/extracted Voted/test/1587.jpg,qrdn:qr_identity:52,voted,0.31316906213760376,clean,0.6868309378623962,0.11836410313844681,0.19480492174625397,29.78839999923366
ml_training/datasets/structural/raw/qrdn/extracted Voted/test/1588.jpg,qrdn:qr_identity:52,voted,0.2002875804901123,clean,0.7997124195098877,0.13178391754627228,0.06850359588861465,30.79000000070664
ml_training/datasets/structural/raw/qrdn/extracted Voted/test/1589.jpg,qrdn:qr_identity:52,voted,0.9919067621231079,tampered,0.008093228563666344,0.0035537199582904577,0.9883530735969543,31.597299999702955
ml_training/datasets/structural/raw/qrdn/extracted Voted/test/1590.jpg,qrdn:qr_identity:53,voted,0.262820839881897,clean,0.737179160118103,0.07925097644329071,0.18356990814208984,28.98060000006808
ml_training/datasets/structural/raw/qrdn/extracted Voted/test/1591.jpg,qrdn:qr_identity:53,voted,0.48837810754776,clean,0.51162189245224,0.1548968106508255,0.3334813117980957,29.185100000177044
ml_training/datasets/structural/raw/qrdn/extracted Voted/test/1592.jpg,qrdn:qr_identity:53,voted,0.21810704469680786,clean,0.7818929553031921,0.08516263961791992,0.13294443488121033,28.323099999397527
ml_training/datasets/structural/raw/qrdn/extracted Voted/test/1593.jpg,qrdn:qr_identity:53,voted,0.637174665927887,tampered,0.36282533407211304,0.06384648382663727,0.5733281970024109,28.887399999803165
ml_training/datasets/structural/raw/qrdn/extracted Voted/test/1594.jpg,qrdn:qr_identity:53,voted,0.6770972013473511,tampered,0.3229028284549713,0.04822647571563721,0.6288706660270691,29.70920000007027
ml_training/datasets/structural/raw/qrdn/extracted Voted/test/1595.jpg,qrdn:qr_identity:53,voted,0.7614617943763733,tampered,0.23853819072246552,0.1798594892024994,0.5816023349761963,27.360799998859875
ml_training/datasets/structural/raw/qrdn/extracted Voted/test/1596.jpg,qrdn:qr_identity:53,voted,0.4555063247680664,clean,0.5444936752319336,0.08690972626209259,0.3685966432094574,32.90000000197324
ml_training/datasets/structural/raw/qrdn/extracted Voted/test/1597.jpg,qrdn:qr_identity:53,voted,0.4371228814125061,clean,0.5628771185874939,0.14754445850849152,0.2895784378051758,25.879600001644576
ml_training/datasets/structural/raw/qrdn/extracted Voted/test/1598.jpg,qrdn:qr_identity:53,voted,0.7293201088905334,tampered,0.27067989110946655,0.08200927823781967,0.6473108530044556,29.818700000760145
ml_training/datasets/structural/raw/qrdn/extracted Voted/test/1599.jpg,qrdn:qr_identity:53,voted,0.3880082368850708,clean,0.6119917631149292,0.07657207548618317,0.31143611669540405,26.070399999298388
ml_training/datasets/structural/raw/qrdn/extracted Voted/test/1600.jpg,qrdn:qr_identity:53,voted,0.27490556240081787,clean,0.7250944375991821,0.10271646082401276,0.17218917608261108,29.45980000004056
ml_training/datasets/structural/raw/qrdn/extracted Voted/test/1601.jpg,qrdn:qr_identity:53,voted,0.6009663343429565,tampered,0.39903369545936584,0.14721687138080597,0.45374947786331177,30.121100000542356
ml_training/datasets/structural/raw/qrdn/extracted Voted/test/1602.jpg,qrdn:qr_identity:53,voted,0.7382001876831055,tampered,0.26179978251457214,0.06890755891799927,0.6692926287651062,30.39799999896786
ml_training/datasets/structural/raw/qrdn/extracted Voted/test/1603.jpg,qrdn:qr_identity:53,voted,0.2715227007865906,clean,0.7284772992134094,0.11915064603090286,0.15237200260162354,34.63650000048801
ml_training/datasets/structural/raw/qrdn/extracted Voted/test/1604.jpg,qrdn:qr_identity:53,voted,0.9117066860198975,tampered,0.08829331398010254,0.04962720349431038,0.8620795607566833,37.00179999941611
ml_training/datasets/structural/raw/qrdn/extracted Voted/test/1605.jpg,qrdn:qr_identity:53,voted,0.4806094169616699,clean,0.5193905830383301,0.062242019921541214,0.4183674454689026,31.933800000842893
ml_training/datasets/structural/raw/qrdn/extracted Voted/test/1606.jpg,qrdn:qr_identity:53,voted,0.8299449682235718,tampered,0.17005501687526703,0.06328392773866653,0.7666610479354858,28.878299999632873
ml_training/datasets/structural/raw/qrdn/extracted Voted/test/1607.jpg,qrdn:qr_identity:53,voted,0.6227031946182251,tampered,0.3772968053817749,0.12945616245269775,0.4932470917701721,45.058800002152566
ml_training/datasets/structural/raw/qrdn/extracted Voted/test/1608.jpg,qrdn:qr_identity:53,voted,0.9852169752120972,tampered,0.014783017337322235,0.01126459427177906,0.9739523530006409,32.87540000019362
ml_training/datasets/structural/raw/qrdn/extracted Voted/test/1609.jpg,qrdn:qr_identity:53,voted,0.7447943687438965,tampered,0.2552056312561035,0.07421974837779999,0.6705746054649353,39.71159999855445
ml_training/datasets/structural/raw/qrdn/extracted Voted/test/1610.jpg,qrdn:qr_identity:53,voted,0.7470356225967407,tampered,0.2529643476009369,0.10726413875818253,0.6397714614868164,32.3151999982656
ml_training/datasets/structural/raw/qrdn/extracted Voted/test/1611.jpg,qrdn:qr_identity:53,voted,0.44461339712142944,clean,0.5553866028785706,0.16588202118873596,0.2787313163280487,29.98460000162595
ml_training/datasets/structural/raw/qrdn/extracted Voted/test/1612.jpg,qrdn:qr_identity:53,voted,0.5434888601303101,clean,0.45651111006736755,0.10143483430147171,0.44205403327941895,31.023300001834286
ml_training/datasets/structural/raw/qrdn/extracted Voted/test/1613.jpg,qrdn:qr_identity:53,voted,0.7523941993713379,tampered,0.2476058006286621,0.052450649440288544,0.6999435424804688,32.77750000052038
ml_training/datasets/structural/raw/qrdn/extracted Voted/test/1614.jpg,qrdn:qr_identity:53,voted,0.1942482590675354,clean,0.8057517409324646,0.08784927427768707,0.10639899224042892,30.826900001557078
ml_training/datasets/structural/raw/qrdn/extracted Voted/test/1615.jpg,qrdn:qr_identity:53,voted,0.3406263589859009,clean,0.6593736410140991,0.08536989241838455,0.2552564740180969,33.60969999994268
ml_training/datasets/structural/raw/qrdn/extracted Voted/test/1616.jpg,qrdn:qr_identity:53,voted,0.30880218744277954,clean,0.6911978125572205,0.1169896200299263,0.19181261956691742,31.620500001736218
ml_training/datasets/structural/raw/qrdn/extracted Voted/test/1617.jpg,qrdn:qr_identity:53,voted,0.18243861198425293,clean,0.8175613880157471,0.08871667087078094,0.0937218889594078,37.369999998190906
ml_training/datasets/structural/raw/qrdn/extracted Voted/test/1618.jpg,qrdn:qr_identity:53,voted,0.4892122745513916,clean,0.5107877254486084,0.09368432313203812,0.3955278694629669,29.78380000058678
ml_training/datasets/structural/raw/qrdn/extracted Voted/test/1619.jpg,qrdn:qr_identity:53,voted,0.2536608576774597,clean,0.7463391423225403,0.08195018023252487,0.17171065509319305,34.78729999915231
ml_training/datasets/structural/raw/qrdn/extracted Voted/test/1620.jpg,qrdn:qr_identity:54,voted,0.7753208875656128,tampered,0.2246791124343872,0.08141353726387024,0.6939073801040649,33.44270000161487
ml_training/datasets/structural/raw/qrdn/extracted Voted/test/1621.jpg,qrdn:qr_identity:54,voted,0.6364389061927795,tampered,0.36356109380722046,0.14039261639118195,0.4960462152957916,33.389800002623815
ml_training/datasets/structural/raw/qrdn/extracted Voted/test/1622.jpg,qrdn:qr_identity:54,voted,0.5106576681137085,clean,0.4893423020839691,0.2508954703807831,0.2597622275352478,33.646699997916585
ml_training/datasets/structural/raw/qrdn/extracted Voted/test/1623.jpg,qrdn:qr_identity:54,voted,0.7712708115577698,tampered,0.22872918844223022,0.08486877381801605,0.6864020228385925,35.671800000272924
ml_training/datasets/structural/raw/qrdn/extracted Voted/test/1624.jpg,qrdn:qr_identity:54,voted,0.3254042863845825,clean,0.6745957136154175,0.10029415786266327,0.22511015832424164,31.394599998748163
ml_training/datasets/structural/raw/qrdn/extracted Voted/test/1625.jpg,qrdn:qr_identity:54,voted,0.4289683699607849,clean,0.5710316300392151,0.1386728435754776,0.2902955412864685,33.5123000004387
ml_training/datasets/structural/raw/qrdn/extracted Voted/test/1626.jpg,qrdn:qr_identity:54,voted,0.3600117564201355,clean,0.6399882435798645,0.12365522980690002,0.23635651171207428,30.69870000035735
ml_training/datasets/structural/raw/qrdn/extracted Voted/test/1627.jpg,qrdn:qr_identity:54,voted,0.5165328979492188,clean,0.48346707224845886,0.17599843442440033,0.3405344486236572,29.976500001794193
ml_training/datasets/structural/raw/qrdn/extracted Voted/test/1628.jpg,qrdn:qr_identity:54,voted,0.36857110261917114,clean,0.6314288973808289,0.11419077962636948,0.25438031554222107,28.840999999374617
ml_training/datasets/structural/raw/qrdn/extracted Voted/test/1629.jpg,qrdn:qr_identity:54,voted,0.32696205377578735,clean,0.6730379462242126,0.12976647913455963,0.1971956044435501,31.735700002172962
ml_training/datasets/structural/raw/qrdn/extracted Voted/test/1630.jpg,qrdn:qr_identity:54,voted,0.2526039481163025,clean,0.7473960518836975,0.08728616684675217,0.16531778872013092,28.893999999127118
ml_training/datasets/structural/raw/qrdn/extracted Voted/test/1631.jpg,qrdn:qr_identity:54,voted,0.26442795991897583,clean,0.7355720400810242,0.13810333609580994,0.12632451951503754,30.896299998858012
ml_training/datasets/structural/raw/qrdn/extracted Voted/test/1632.jpg,qrdn:qr_identity:54,voted,0.9240560531616211,tampered,0.0759439766407013,0.04266876354813576,0.8813872933387756,27.914000002056127
ml_training/datasets/structural/raw/qrdn/extracted Voted/test/1633.jpg,qrdn:qr_identity:54,voted,0.7649809718132019,tampered,0.2350190132856369,0.14070631563663483,0.6242746114730835,28.055899998435052
ml_training/datasets/structural/raw/qrdn/extracted Voted/test/1634.jpg,qrdn:qr_identity:54,voted,0.9577832221984863,tampered,0.04221677407622337,0.04722343012690544,0.9105598330497742,27.9450000016368
ml_training/datasets/structural/raw/qrdn/extracted Voted/test/1635.jpg,qrdn:qr_identity:54,voted,0.48728305101394653,clean,0.5127169489860535,0.12912583351135254,0.358157217502594,28.53059999688412
ml_training/datasets/structural/raw/qrdn/extracted Voted/test/1636.jpg,qrdn:qr_identity:54,voted,0.9642530679702759,tampered,0.035746924579143524,0.02152908220887184,0.9427239894866943,30.55580000000191
ml_training/datasets/structural/raw/qrdn/extracted Voted/test/1637.jpg,qrdn:qr_identity:54,voted,0.42627787590026855,clean,0.5737221240997314,0.11415614187717438,0.31212177872657776,27.995200001896592
ml_training/datasets/structural/raw/qrdn/extracted Voted/test/1638.jpg,qrdn:qr_identity:54,voted,0.4703732132911682,clean,0.5296267867088318,0.11215338110923767,0.35821980237960815,30.735800002730684
ml_training/datasets/structural/raw/qrdn/extracted Voted/test/1639.jpg,qrdn:qr_identity:54,voted,0.4461778998374939,clean,0.5538221001625061,0.30639544129371643,0.13978250324726105,29.04829999897629
ml_training/datasets/structural/raw/qrdn/extracted Voted/test/1640.jpg,qrdn:qr_identity:54,voted,0.5165631771087646,clean,0.48343679308891296,0.11297132074832916,0.40359193086624146,28.819799998018425
ml_training/datasets/structural/raw/qrdn/extracted Voted/test/1641.jpg,qrdn:qr_identity:54,voted,0.34782224893569946,clean,0.6521777510643005,0.24121516942977905,0.10660707205533981,27.200299999094568
ml_training/datasets/structural/raw/qrdn/extracted Voted/test/1642.jpg,qrdn:qr_identity:54,voted,0.14338797330856323,clean,0.8566120266914368,0.08353865891695023,0.059849366545677185,28.28330000193091
ml_training/datasets/structural/raw/qrdn/extracted Voted/test/1643.jpg,qrdn:qr_identity:54,voted,0.695645809173584,tampered,0.304354190826416,0.0735081359744072,0.6221376657485962,27.95019999757642
ml_training/datasets/structural/raw/qrdn/extracted Voted/test/1644.jpg,qrdn:qr_identity:54,voted,0.2650560140609741,clean,0.7349439859390259,0.1348671317100525,0.13018886744976044,25.034800000867108
ml_training/datasets/structural/raw/qrdn/extracted Voted/test/1645.jpg,qrdn:qr_identity:54,voted,0.1913943886756897,clean,0.8086056113243103,0.12782953679561615,0.06356485188007355,28.222500000993023
ml_training/datasets/structural/raw/qrdn/extracted Voted/test/1646.jpg,qrdn:qr_identity:54,voted,0.41552793979644775,clean,0.5844720602035522,0.1318579614162445,0.28367000818252563,27.852400002302602
ml_training/datasets/structural/raw/qrdn/extracted Voted/test/1647.jpg,qrdn:qr_identity:54,voted,0.20884865522384644,clean,0.7911513447761536,0.12067960947751999,0.08816909790039062,27.45420000064769
ml_training/datasets/structural/raw/qrdn/extracted Voted/test/1648.jpg,qrdn:qr_identity:54,voted,0.22361212968826294,clean,0.7763878703117371,0.15092472732067108,0.07268744707107544,32.013399999414105
ml_training/datasets/structural/raw/qrdn/extracted Voted/test/1649.jpg,qrdn:qr_identity:54,voted,0.21921294927597046,clean,0.7807870507240295,0.12640085816383362,0.09281211346387863,26.434700001118472
ml_training/datasets/structural/raw/qrdn/extracted Voted/test/1650.jpg,qrdn:qr_identity:55,voted,0.48750847578048706,clean,0.5124915242195129,0.06907030940055847,0.4184381365776062,29.133299998648
ml_training/datasets/structural/raw/qrdn/extracted Voted/test/1651.jpg,qrdn:qr_identity:55,voted,0.7595037221908569,tampered,0.24049627780914307,0.05393103137612343,0.7055726647377014,26.97519999856013
ml_training/datasets/structural/raw/qrdn/extracted Voted/test/1652.jpg,qrdn:qr_identity:55,voted,0.693840742111206,tampered,0.30615928769111633,0.12586252391338348,0.5679782032966614,31.17249999922933
ml_training/datasets/structural/raw/qrdn/extracted Voted/test/1653.jpg,qrdn:qr_identity:55,voted,0.8343265056610107,tampered,0.16567347943782806,0.03854021430015564,0.7957863211631775,31.37549999883049
ml_training/datasets/structural/raw/qrdn/extracted Voted/test/1654.jpg,qrdn:qr_identity:55,voted,0.9722862243652344,tampered,0.02771376259624958,0.014257912524044514,0.9580283164978027,32.50280000065686
ml_training/datasets/structural/raw/qrdn/extracted Voted/test/1655.jpg,qrdn:qr_identity:55,voted,0.7393510341644287,tampered,0.2606489658355713,0.0533507764339447,0.6860002279281616,30.917299998691306
ml_training/datasets/structural/raw/qrdn/extracted Voted/test/1656.jpg,qrdn:qr_identity:55,voted,0.9125849604606628,tampered,0.08741504698991776,0.022331394255161285,0.8902535438537598,28.8524999996298
ml_training/datasets/structural/raw/qrdn/extracted Voted/test/1657.jpg,qrdn:qr_identity:55,voted,0.7310203313827515,tampered,0.26897966861724854,0.049242209643125534,0.681778073310852,31.15089999846532
ml_training/datasets/structural/raw/qrdn/extracted Voted/test/1658.jpg,qrdn:qr_identity:55,voted,0.8630238771438599,tampered,0.13697613775730133,0.01595073752105236,0.8470730781555176,28.57859999858192
ml_training/datasets/structural/raw/qrdn/extracted Voted/test/1659.jpg,qrdn:qr_identity:55,voted,0.9628797769546509,tampered,0.03712025284767151,0.022362763062119484,0.9405169486999512,30.109799998172093
ml_training/datasets/structural/raw/qrdn/extracted Voted/test/1660.jpg,qrdn:qr_identity:55,voted,0.7211586236953735,tampered,0.27884137630462646,0.051633089780807495,0.6695255637168884,30.116899997665314
ml_training/datasets/structural/raw/qrdn/extracted Voted/test/1661.jpg,qrdn:qr_identity:55,voted,0.9870094060897827,tampered,0.012990586459636688,0.003376953536644578,0.9836323857307434,29.439399997500004
ml_training/datasets/structural/raw/qrdn/extracted Voted/test/1662.jpg,qrdn:qr_identity:55,voted,0.9845926761627197,tampered,0.015407310798764229,0.008291717618703842,0.9763009548187256,27.292399998259498
ml_training/datasets/structural/raw/qrdn/extracted Voted/test/1663.jpg,qrdn:qr_identity:55,voted,0.8100869655609131,tampered,0.18991301953792572,0.042666174471378326,0.7674208283424377,29.824199998984113
ml_training/datasets/structural/raw/qrdn/extracted Voted/test/1664.jpg,qrdn:qr_identity:55,voted,0.8334947824478149,tampered,0.16650523245334625,0.30974888801574707,0.5237458944320679,26.630999996996252
ml_training/datasets/structural/raw/qrdn/extracted Voted/test/1665.jpg,qrdn:qr_identity:55,voted,0.9673079252243042,tampered,0.03269210457801819,0.01701837219297886,0.9502895474433899,29.56329999869922
ml_training/datasets/structural/raw/qrdn/extracted Voted/test/1666.jpg,qrdn:qr_identity:55,voted,0.8110896348953247,tampered,0.18891039490699768,0.04144603759050369,0.7696436047554016,25.84729999944102
ml_training/datasets/structural/raw/qrdn/extracted Voted/test/1667.jpg,qrdn:qr_identity:55,voted,0.538463830947876,clean,0.461536169052124,0.12077798694372177,0.4176858365535736,28.695900000457186
ml_training/datasets/structural/raw/qrdn/extracted Voted/test/1668.jpg,qrdn:qr_identity:55,voted,0.975134551525116,tampered,0.024865470826625824,0.007246890105307102,0.9678876996040344,31.408800001372583
ml_training/datasets/structural/raw/qrdn/extracted Voted/test/1669.jpg,qrdn:qr_identity:55,voted,0.7869644165039062,tampered,0.21303561329841614,0.060411833226680756,0.7265525460243225,26.15489999880083
ml_training/datasets/structural/raw/qrdn/extracted Voted/test/1670.jpg,qrdn:qr_identity:55,voted,0.8130218982696533,tampered,0.18697811663150787,0.05168268084526062,0.7613392472267151,29.136499997548526
ml_training/datasets/structural/raw/qrdn/extracted Voted/test/1671.jpg,qrdn:qr_identity:55,voted,0.916139543056488,tampered,0.08386045694351196,0.020839564502239227,0.8952999711036682,27.859400001034373
ml_training/datasets/structural/raw/qrdn/extracted Voted/test/1672.jpg,qrdn:qr_identity:55,voted,0.8287113308906555,tampered,0.17128868401050568,0.060790158808231354,0.7679211497306824,27.234100001805928
ml_training/datasets/structural/raw/qrdn/extracted Voted/test/1673.jpg,qrdn:qr_identity:55,voted,0.8854355812072754,tampered,0.1145644262433052,0.03587472066283226,0.8495608568191528,39.90410000187694
ml_training/datasets/structural/raw/qrdn/extracted Voted/test/1674.jpg,qrdn:qr_identity:55,voted,0.9903731346130371,tampered,0.009626884944736958,0.003342980984598398,0.9870300889015198,38.531300000613555
ml_training/datasets/structural/raw/qrdn/extracted Voted/test/1675.jpg,qrdn:qr_identity:55,voted,0.9494932293891907,tampered,0.050506748259067535,0.007776306010782719,0.9417169094085693,48.944600002869265
ml_training/datasets/structural/raw/qrdn/extracted Voted/test/1676.jpg,qrdn:qr_identity:55,voted,0.894432544708252,tampered,0.10556744784116745,0.015893008559942245,0.878539502620697,108.15590000129305
ml_training/datasets/structural/raw/qrdn/extracted Voted/test/1677.jpg,qrdn:qr_identity:55,voted,0.7713634967803955,tampered,0.2286364734172821,0.0712612196803093,0.7001023292541504,32.09960000094725
ml_training/datasets/structural/raw/qrdn/extracted Voted/test/1678.jpg,qrdn:qr_identity:55,voted,0.9423786401748657,tampered,0.057621363550424576,0.018717823550105095,0.9236608147621155,34.626600001502084
ml_training/datasets/structural/raw/qrdn/extracted Voted/test/1679.jpg,qrdn:qr_identity:55,voted,0.9720155000686646,tampered,0.02798451855778694,0.008731519803404808,0.9632839560508728,37.263700000039535
ml_training/datasets/structural/raw/qrdn/extracted Voted/test/1680.jpg,qrdn:qr_identity:56,voted,0.5561147928237915,tampered,0.4438851773738861,0.07474157214164734,0.4813733398914337,38.60069999791449
ml_training/datasets/structural/raw/qrdn/extracted Voted/test/1681.jpg,qrdn:qr_identity:56,voted,0.7526947855949402,tampered,0.24730521440505981,0.051544420421123505,0.7011503577232361,48.20979999931296
ml_training/datasets/structural/raw/qrdn/extracted Voted/test/1682.jpg,qrdn:qr_identity:56,voted,0.7229488492012024,tampered,0.2770511507987976,0.09715302288532257,0.625795841217041,41.90709999966202
ml_training/datasets/structural/raw/qrdn/extracted Voted/test/1683.jpg,qrdn:qr_identity:56,voted,0.8745555877685547,tampered,0.12544439733028412,0.06955353915691376,0.8050020933151245,47.10500000146567
ml_training/datasets/structural/raw/qrdn/extracted Voted/test/1684.jpg,qrdn:qr_identity:56,voted,0.8798046112060547,tampered,0.12019535899162292,0.020884919911623,0.8589197397232056,53.174399999988964
ml_training/datasets/structural/raw/qrdn/extracted Voted/test/1685.jpg,qrdn:qr_identity:56,voted,0.6929596662521362,tampered,0.30704033374786377,0.051429010927677155,0.6415306329727173,35.3584000004048
ml_training/datasets/structural/raw/qrdn/extracted Voted/test/1686.jpg,qrdn:qr_identity:56,voted,0.9866604208946228,tampered,0.01333959773182869,0.005399003624916077,0.9812613725662231,32.28049999961513
ml_training/datasets/structural/raw/qrdn/extracted Voted/test/1687.jpg,qrdn:qr_identity:56,voted,0.8623195290565491,tampered,0.13768045604228973,0.03605454042553902,0.8262649774551392,37.91300000011688
ml_training/datasets/structural/raw/qrdn/extracted Voted/test/1688.jpg,qrdn:qr_identity:56,voted,0.919437825679779,tampered,0.08056217432022095,0.040310755372047424,0.8791270852088928,30.853600001137238
ml_training/datasets/structural/raw/qrdn/extracted Voted/test/1689.jpg,qrdn:qr_identity:56,voted,0.7576795816421509,tampered,0.24232041835784912,0.04303015023469925,0.7146494388580322,35.29590000107419
ml_training/datasets/structural/raw/qrdn/extracted Voted/test/1690.jpg,qrdn:qr_identity:56,voted,0.9101834297180176,tampered,0.08981657028198242,0.025668520480394363,0.8845148682594299,33.79069999937201
ml_training/datasets/structural/raw/qrdn/extracted Voted/test/1691.jpg,qrdn:qr_identity:56,voted,0.9165366291999817,tampered,0.0834633931517601,0.027696220204234123,0.88884037733078,38.2830999988073
ml_training/datasets/structural/raw/qrdn/extracted Voted/test/1692.jpg,qrdn:qr_identity:56,voted,0.6185427904129028,tampered,0.38145723938941956,0.03574099764227867,0.5828017592430115,37.64419999788515
ml_training/datasets/structural/raw/qrdn/extracted Voted/test/1693.jpg,qrdn:qr_identity:56,voted,0.8125422596931458,tampered,0.18745775520801544,0.04583003744482994,0.7667122483253479,43.76430000047549
ml_training/datasets/structural/raw/qrdn/extracted Voted/test/1694.jpg,qrdn:qr_identity:56,voted,0.9401951432228088,tampered,0.059804875403642654,0.0197860486805439,0.9204090237617493,44.29549999986193
ml_training/datasets/structural/raw/qrdn/extracted Voted/test/1695.jpg,qrdn:qr_identity:56,voted,0.8852794170379639,tampered,0.11472056061029434,0.04985835403203964,0.8354211449623108,35.56120000212104
ml_training/datasets/structural/raw/qrdn/extracted Voted/test/1696.jpg,qrdn:qr_identity:56,voted,0.8569638133049011,tampered,0.14303620159626007,0.09119860827922821,0.7657651901245117,62.81529999978375
ml_training/datasets/structural/raw/qrdn/extracted Voted/test/1697.jpg,qrdn:qr_identity:56,voted,0.9411484599113464,tampered,0.05885152891278267,0.017704132944345474,0.9234443306922913,52.30369999844697
ml_training/datasets/structural/raw/qrdn/extracted Voted/test/1698.jpg,qrdn:qr_identity:56,voted,0.9719308614730835,tampered,0.028069108724594116,0.010715984739363194,0.9612149000167847,49.51700000310666
ml_training/datasets/structural/raw/qrdn/extracted Voted/test/1699.jpg,qrdn:qr_identity:56,voted,0.9652925729751587,tampered,0.0347074456512928,0.022087421268224716,0.9432051181793213,34.7899000007601
ml_training/datasets/structural/raw/qrdn/extracted Voted/test/1700.jpg,qrdn:qr_identity:56,voted,0.9847607612609863,tampered,0.015239263884723186,0.012700645253062248,0.9720600247383118,34.76850000151899
ml_training/datasets/structural/raw/qrdn/extracted Voted/test/1701.jpg,qrdn:qr_identity:56,voted,0.49313247203826904,clean,0.506867527961731,0.2900622487068176,0.2030702382326126,35.429300001851516
ml_training/datasets/structural/raw/qrdn/extracted Voted/test/1702.jpg,qrdn:qr_identity:56,voted,0.9105813503265381,tampered,0.08941866457462311,0.02976159192621708,0.8808196783065796,36.307600003055995
ml_training/datasets/structural/raw/qrdn/extracted Voted/test/1703.jpg,qrdn:qr_identity:56,voted,0.9684770107269287,tampered,0.0315229669213295,0.011763811111450195,0.9567132592201233,34.4199999999546
ml_training/datasets/structural/raw/qrdn/extracted Voted/test/1704.jpg,qrdn:qr_identity:56,voted,0.6168997287750244,tampered,0.383100301027298,0.06274041533470154,0.5541592836380005,44.575699997949414
ml_training/datasets/structural/raw/qrdn/extracted Voted/test/1705.jpg,qrdn:qr_identity:56,voted,0.9147151112556458,tampered,0.08528488129377365,0.04958457499742508,0.8651304841041565,35.47460000118008
ml_training/datasets/structural/raw/qrdn/extracted Voted/test/1706.jpg,qrdn:qr_identity:56,voted,0.6104727983474731,tampered,0.38952723145484924,0.06358528882265091,0.5468874573707581,33.62550000019837
ml_training/datasets/structural/raw/qrdn/extracted Voted/test/1707.jpg,qrdn:qr_identity:56,voted,0.7493029832839966,tampered,0.25069698691368103,0.07626301795244217,0.6730400323867798,33.702100001391955
ml_training/datasets/structural/raw/qrdn/extracted Voted/test/1708.jpg,qrdn:qr_identity:56,voted,0.9848418831825256,tampered,0.015158121474087238,0.006043282337486744,0.9787985682487488,32.88740000061807
ml_training/datasets/structural/raw/qrdn/extracted Voted/test/1709.jpg,qrdn:qr_identity:56,voted,0.9653290510177612,tampered,0.034670956432819366,0.02010817639529705,0.9452208280563354,32.32700000080513
ml_training/datasets/structural/raw/qrdn/extracted Voted/test/1710.jpg,qrdn:qr_identity:57,voted,0.6586747169494629,tampered,0.3413252830505371,0.10422397404909134,0.5544507503509521,36.12739999880432
ml_training/datasets/structural/raw/qrdn/extracted Voted/test/1711.jpg,qrdn:qr_identity:57,voted,0.505449652671814,clean,0.4945503771305084,0.20099268853664398,0.3044569194316864,34.14560000237543
ml_training/datasets/structural/raw/qrdn/extracted Voted/test/1712.jpg,qrdn:qr_identity:57,voted,0.6630629301071167,tampered,0.3369370996952057,0.06742747873067856,0.5956353545188904,37.22569999808911
ml_training/datasets/structural/raw/qrdn/extracted Voted/test/1713.jpg,qrdn:qr_identity:57,voted,0.7607534527778625,tampered,0.23924654722213745,0.053357306867837906,0.7073961496353149,31.710500003100606
ml_training/datasets/structural/raw/qrdn/extracted Voted/test/1714.jpg,qrdn:qr_identity:57,voted,0.9749055504798889,tampered,0.025094442069530487,0.008967104367911816,0.9659385085105896,32.632899998134235
ml_training/datasets/structural/raw/qrdn/extracted Voted/test/1715.jpg,qrdn:qr_identity:57,voted,0.8032512068748474,tampered,0.19674880802631378,0.04829280078411102,0.7549583315849304,31.994300003134413
ml_training/datasets/structural/raw/qrdn/extracted Voted/test/1716.jpg,qrdn:qr_identity:57,voted,0.7093348503112793,tampered,0.2906651198863983,0.039213720709085464,0.6701211333274841,33.13189999971655
ml_training/datasets/structural/raw/qrdn/extracted Voted/test/1717.jpg,qrdn:qr_identity:57,voted,0.569564163684845,clean,0.43043583631515503,0.15328259766101837,0.4162815511226654,30.601099999330472
ml_training/datasets/structural/raw/qrdn/extracted Voted/test/1718.jpg,qrdn:qr_identity:57,voted,0.48394423723220825,clean,0.5160557627677917,0.08775612711906433,0.3961881995201111,38.328499998897314
ml_training/datasets/structural/raw/qrdn/extracted Voted/test/1719.jpg,qrdn:qr_identity:57,voted,0.5270843505859375,clean,0.4729156494140625,0.08809404820203781,0.4389902949333191,34.209900000860216
ml_training/datasets/structural/raw/qrdn/extracted Voted/test/1720.jpg,qrdn:qr_identity:57,voted,0.6189690232276917,tampered,0.38103097677230835,0.07407192885875702,0.5448970794677734,30.094300000200747
ml_training/datasets/structural/raw/qrdn/extracted Voted/test/1721.jpg,qrdn:qr_identity:57,voted,0.8233804106712341,tampered,0.17661960422992706,0.06821688264608383,0.7551634907722473,32.714700002543395
ml_training/datasets/structural/raw/qrdn/extracted Voted/test/1722.jpg,qrdn:qr_identity:57,voted,0.863411009311676,tampered,0.13658899068832397,0.01822250708937645,0.8451884984970093,33.840000000054715
ml_training/datasets/structural/raw/qrdn/extracted Voted/test/1723.jpg,qrdn:qr_identity:57,voted,0.38435661792755127,clean,0.6156433820724487,0.1229410469532013,0.26141557097435,33.034799998858944
ml_training/datasets/structural/raw/qrdn/extracted Voted/test/1724.jpg,qrdn:qr_identity:57,voted,0.5694533586502075,clean,0.4305466413497925,0.3336246609687805,0.2358287125825882,35.18830000029993
ml_training/datasets/structural/raw/qrdn/extracted Voted/test/1725.jpg,qrdn:qr_identity:57,voted,0.9032886028289795,tampered,0.0967114195227623,0.03218894824385643,0.8710996508598328,36.322100000688806
ml_training/datasets/structural/raw/qrdn/extracted Voted/test/1726.jpg,qrdn:qr_identity:57,voted,0.7443982362747192,tampered,0.2556017339229584,0.09293057769536972,0.6514676809310913,33.16629999972065
ml_training/datasets/structural/raw/qrdn/extracted Voted/test/1727.jpg,qrdn:qr_identity:57,voted,0.5665678977966309,tampered,0.43343207240104675,0.07298820465803146,0.4935796856880188,27.796600003057392
ml_training/datasets/structural/raw/qrdn/extracted Voted/test/1728.jpg,qrdn:qr_identity:57,voted,0.9881160259246826,tampered,0.011883963830769062,0.007762724533677101,0.9803533554077148,35.62519999832148
ml_training/datasets/structural/raw/qrdn/extracted Voted/test/1729.jpg,qrdn:qr_identity:57,voted,0.5981646180152893,tampered,0.4018353819847107,0.1221943274140358,0.47597023844718933,28.850700000475626
ml_training/datasets/structural/raw/qrdn/extracted Voted/test/1730.jpg,qrdn:qr_identity:57,voted,0.8677282333374023,tampered,0.13227173686027527,0.06209556385874748,0.8056327104568481,30.789399999775924
ml_training/datasets/structural/raw/qrdn/extracted Voted/test/1731.jpg,qrdn:qr_identity:57,voted,0.6127569675445557,tampered,0.38724300265312195,0.06778792291879654,0.5449690222740173,29.48860000105924
ml_training/datasets/structural/raw/qrdn/extracted Voted/test/1732.jpg,qrdn:qr_identity:57,voted,0.5626571178436279,tampered,0.4373428523540497,0.07423433661460876,0.4884227514266968,31.899400000838796
ml_training/datasets/structural/raw/qrdn/extracted Voted/test/1733.jpg,qrdn:qr_identity:57,voted,0.747856616973877,tampered,0.25214335322380066,0.08908523619174957,0.6587713956832886,26.56149999893387
ml_training/datasets/structural/raw/qrdn/extracted Voted/test/1734.jpg,qrdn:qr_identity:57,voted,0.3485541343688965,clean,0.6514458656311035,0.13108278810977936,0.21747131645679474,30.000599999766564
ml_training/datasets/structural/raw/qrdn/extracted Voted/test/1735.jpg,qrdn:qr_identity:57,voted,0.7413276433944702,tampered,0.2586723566055298,0.0512717068195343,0.6900559663772583,29.38920000087819
ml_training/datasets/structural/raw/qrdn/extracted Voted/test/1736.jpg,qrdn:qr_identity:57,voted,0.7978886365890503,tampered,0.20211133360862732,0.04591206833720207,0.7519766092300415,28.82049999971059
ml_training/datasets/structural/raw/qrdn/extracted Voted/test/1737.jpg,qrdn:qr_identity:57,voted,0.888917088508606,tampered,0.11108291894197464,0.03321491926908493,0.8557022213935852,28.371399999741698
ml_training/datasets/structural/raw/qrdn/extracted Voted/test/1738.jpg,qrdn:qr_identity:57,voted,0.6067912578582764,tampered,0.39320874214172363,0.09693355858325958,0.509857714176178,27.88190000137547
ml_training/datasets/structural/raw/qrdn/extracted Voted/test/1739.jpg,qrdn:qr_identity:57,voted,0.7047686576843262,tampered,0.29523134231567383,0.09700040519237518,0.6077682375907898,28.83320000182721
ml_training/datasets/structural/raw/qrdn/extracted Voted/test/1740.jpg,qrdn:qr_identity:58,voted,0.9565125703811646,tampered,0.04348743334412575,0.007725670468062162,0.9487868547439575,27.891100002307212
ml_training/datasets/structural/raw/qrdn/extracted Voted/test/1741.jpg,qrdn:qr_identity:58,voted,0.5980515480041504,tampered,0.4019484221935272,0.09823596477508545,0.49981558322906494,33.305400000244845
ml_training/datasets/structural/raw/qrdn/extracted Voted/test/1742.jpg,qrdn:qr_identity:58,voted,0.9529085159301758,tampered,0.04709147289395332,0.029260490089654922,0.9236479997634888,27.07889999874169
ml_training/datasets/structural/raw/qrdn/extracted Voted/test/1743.jpg,qrdn:qr_identity:58,voted,0.7809040546417236,tampered,0.21909596025943756,0.04274100437760353,0.7381630539894104,31.108499999390915
ml_training/datasets/structural/raw/qrdn/extracted Voted/test/1744.jpg,qrdn:qr_identity:58,voted,0.8584134578704834,tampered,0.1415865421295166,0.041004281491041183,0.8174092173576355,28.731999998854008
ml_training/datasets/structural/raw/qrdn/extracted Voted/test/1745.jpg,qrdn:qr_identity:58,voted,0.8079882860183716,tampered,0.19201171398162842,0.04548487067222595,0.7625033855438232,28.876900003524497
ml_training/datasets/structural/raw/qrdn/extracted Voted/test/1746.jpg,qrdn:qr_identity:58,voted,0.9703179597854614,tampered,0.029682010412216187,0.014110245741903782,0.9562077522277832,27.021500001865206
ml_training/datasets/structural/raw/qrdn/extracted Voted/test/1747.jpg,qrdn:qr_identity:58,voted,0.929308295249939,tampered,0.07069168239831924,0.022349433973431587,0.9069588780403137,26.06309999828227
ml_training/datasets/structural/raw/qrdn/extracted Voted/test/1748.jpg,qrdn:qr_identity:58,voted,0.8709152936935425,tampered,0.1290847212076187,0.017820214852690697,0.8530950546264648,30.866600001900224
ml_training/datasets/structural/raw/qrdn/extracted Voted/test/1749.jpg,qrdn:qr_identity:58,voted,0.8511059284210205,tampered,0.1488940417766571,0.04387582838535309,0.8072301149368286,31.209400000079768
ml_training/datasets/structural/raw/qrdn/extracted Voted/test/1750.jpg,qrdn:qr_identity:58,voted,0.9224904179573059,tampered,0.07750958949327469,0.013683435507118702,0.9088069200515747,32.86640000078478
ml_training/datasets/structural/raw/qrdn/extracted Voted/test/1751.jpg,qrdn:qr_identity:58,voted,0.8996775150299072,tampered,0.10032250732183456,0.01500130444765091,0.8846762180328369,29.12559999822406
ml_training/datasets/structural/raw/qrdn/extracted Voted/test/1752.jpg,qrdn:qr_identity:58,voted,0.8174123764038086,tampered,0.1825876533985138,0.04494619742035866,0.7724661231040955,30.674999998154817
ml_training/datasets/structural/raw/qrdn/extracted Voted/test/1753.jpg,qrdn:qr_identity:58,voted,0.9267213344573975,tampered,0.07327868789434433,0.023542772978544235,0.9031785726547241,25.171299999783514
ml_training/datasets/structural/raw/qrdn/extracted Voted/test/1754.jpg,qrdn:qr_identity:58,voted,0.8221046924591064,tampered,0.17789530754089355,0.07377983629703522,0.7483248710632324,29.537999998865416
ml_training/datasets/structural/raw/qrdn/extracted Voted/test/1755.jpg,qrdn:qr_identity:58,voted,0.9425235986709595,tampered,0.057476405054330826,0.03717488795518875,0.9053487181663513,30.568199999834178
ml_training/datasets/structural/raw/qrdn/extracted Voted/test/1756.jpg,qrdn:qr_identity:58,voted,0.8148471117019653,tampered,0.18515287339687347,0.0786004289984703,0.7362467050552368,29.791799999657087
ml_training/datasets/structural/raw/qrdn/extracted Voted/test/1757.jpg,qrdn:qr_identity:58,voted,0.840927243232727,tampered,0.15907274186611176,0.04075932130217552,0.800167977809906,34.24989999984973
ml_training/datasets/structural/raw/qrdn/extracted Voted/test/1758.jpg,qrdn:qr_identity:58,voted,0.9758457541465759,tampered,0.02415425144135952,0.012196190655231476,0.963649570941925,31.125400000746595
ml_training/datasets/structural/raw/qrdn/extracted Voted/test/1759.jpg,qrdn:qr_identity:58,voted,0.4549105763435364,clean,0.5450894236564636,0.09793324023485184,0.35697731375694275,36.14000000015949
ml_training/datasets/structural/raw/qrdn/extracted Voted/test/1760.jpg,qrdn:qr_identity:58,voted,0.8498512506484985,tampered,0.15014871954917908,0.057675495743751526,0.792175829410553,36.18759999881149
ml_training/datasets/structural/raw/qrdn/extracted Voted/test/1761.jpg,qrdn:qr_identity:58,voted,0.8889520168304443,tampered,0.11104797571897507,0.013717802241444588,0.8752342462539673,34.95869999824208
ml_training/datasets/structural/raw/qrdn/extracted Voted/test/1762.jpg,qrdn:qr_identity:58,voted,0.36320871114730835,clean,0.6367912888526917,0.11416878551244736,0.249039888381958,34.72509999846807
ml_training/datasets/structural/raw/qrdn/extracted Voted/test/1763.jpg,qrdn:qr_identity:58,voted,0.7046020030975342,tampered,0.29539796710014343,0.04988995939493179,0.6547120213508606,37.37390000242158
ml_training/datasets/structural/raw/qrdn/extracted Voted/test/1764.jpg,qrdn:qr_identity:58,voted,0.9348050355911255,tampered,0.0651949793100357,0.01853872649371624,0.9162663221359253,31.64169999945443
ml_training/datasets/structural/raw/qrdn/extracted Voted/test/1765.jpg,qrdn:qr_identity:58,voted,0.8663148283958435,tampered,0.1336851716041565,0.02561451494693756,0.8407003283500671,29.60279999751947
ml_training/datasets/structural/raw/qrdn/extracted Voted/test/1766.jpg,qrdn:qr_identity:58,voted,0.9808064699172974,tampered,0.019193558022379875,0.005150321405380964,0.9756560921669006,28.459599998313934
ml_training/datasets/structural/raw/qrdn/extracted Voted/test/1767.jpg,qrdn:qr_identity:58,voted,0.8492881655693054,tampered,0.15071184933185577,0.02244226448237896,0.8268458843231201,32.64839999974356
ml_training/datasets/structural/raw/qrdn/extracted Voted/test/1768.jpg,qrdn:qr_identity:58,voted,0.9435781836509705,tampered,0.05642179772257805,0.012120481580495834,0.9314577579498291,28.608700002223486
ml_training/datasets/structural/raw/qrdn/extracted Voted/test/1769.jpg,qrdn:qr_identity:58,voted,0.9098230600357056,tampered,0.09017695486545563,0.019866468384861946,0.8899565935134888,30.974699999205768
ml_training/datasets/structural/raw/qrdn/extracted Voted/test/1770.jpg,qrdn:qr_identity:59,voted,0.7657663822174072,tampered,0.23423358798027039,0.05197218805551529,0.7137942314147949,26.65080000224407
ml_training/datasets/structural/raw/qrdn/extracted Voted/test/1771.jpg,qrdn:qr_identity:59,voted,0.5564792156219482,clean,0.44352075457572937,0.2218441516160965,0.3346351087093353,34.91119999671355
ml_training/datasets/structural/raw/qrdn/extracted Voted/test/1772.jpg,qrdn:qr_identity:59,voted,0.9156724810600281,tampered,0.08432754129171371,0.045869529247283936,0.8698028922080994,29.079199997795513
ml_training/datasets/structural/raw/qrdn/extracted Voted/test/1773.jpg,qrdn:qr_identity:59,voted,0.6961312294006348,tampered,0.30386874079704285,0.07476860284805298,0.6213626265525818,32.32980000029784
ml_training/datasets/structural/raw/qrdn/extracted Voted/test/1774.jpg,qrdn:qr_identity:59,voted,0.7081464529037476,tampered,0.29185354709625244,0.07115370780229568,0.6369926929473877,31.327900000178488
ml_training/datasets/structural/raw/qrdn/extracted Voted/test/1775.jpg,qrdn:qr_identity:59,voted,0.8450985550880432,tampered,0.1549014300107956,0.06515250355005264,0.7799460887908936,33.878800000820775
ml_training/datasets/structural/raw/qrdn/extracted Voted/test/1776.jpg,qrdn:qr_identity:59,voted,0.9807276725769043,tampered,0.01927235722541809,0.007262055296450853,0.9734655618667603,31.028200002765516
ml_training/datasets/structural/raw/qrdn/extracted Voted/test/1777.jpg,qrdn:qr_identity:59,voted,0.6298942565917969,tampered,0.3701057434082031,0.10368315130472183,0.5262110829353333,31.150200000411132
ml_training/datasets/structural/raw/qrdn/extracted Voted/test/1778.jpg,qrdn:qr_identity:59,voted,0.6814701557159424,tampered,0.31852987408638,0.05122125893831253,0.6302489042282104,29.20090000043274
ml_training/datasets/structural/raw/qrdn/extracted Voted/test/1779.jpg,qrdn:qr_identity:59,voted,0.7004729509353638,tampered,0.2995270788669586,0.0728762224316597,0.6275966763496399,30.385499998374144
ml_training/datasets/structural/raw/qrdn/extracted Voted/test/1780.jpg,qrdn:qr_identity:59,voted,0.812217652797699,tampered,0.18778234720230103,0.054444171488285065,0.7577735185623169,31.616799999028444
ml_training/datasets/structural/raw/qrdn/extracted Voted/test/1781.jpg,qrdn:qr_identity:59,voted,0.8969032764434814,tampered,0.10309674590826035,0.029881730675697327,0.8670215010643005,26.782299999467796
ml_training/datasets/structural/raw/qrdn/extracted Voted/test/1782.jpg,qrdn:qr_identity:59,voted,0.8075498342514038,tampered,0.19245019555091858,0.032415200024843216,0.7751346826553345,29.405199999018805
ml_training/datasets/structural/raw/qrdn/extracted Voted/test/1783.jpg,qrdn:qr_identity:59,voted,0.8525374531745911,tampered,0.14746253192424774,0.07609322667121887,0.7764442563056946,28.278199999476783
ml_training/datasets/structural/raw/qrdn/extracted Voted/test/1784.jpg,qrdn:qr_identity:59,voted,0.9020822048187256,tampered,0.09791779518127441,0.04197898879647255,0.860103189945221,33.29759999905946
ml_training/datasets/structural/raw/qrdn/extracted Voted/test/1785.jpg,qrdn:qr_identity:59,voted,0.9049078226089478,tampered,0.09509215503931046,0.032388318330049515,0.8725195527076721,25.925699999788776
ml_training/datasets/structural/raw/qrdn/extracted Voted/test/1786.jpg,qrdn:qr_identity:59,voted,0.692061722278595,tampered,0.30793827772140503,0.14181166887283325,0.5502500534057617,27.120699996885378
ml_training/datasets/structural/raw/qrdn/extracted Voted/test/1787.jpg,qrdn:qr_identity:59,voted,0.7818838953971863,tampered,0.21811610460281372,0.0619143471121788,0.7199695110321045,29.67740000167396
ml_training/datasets/structural/raw/qrdn/extracted Voted/test/1788.jpg,qrdn:qr_identity:59,voted,0.9183540344238281,tampered,0.08164595812559128,0.03735548257827759,0.8809986114501953,30.460699999821372
ml_training/datasets/structural/raw/qrdn/extracted Voted/test/1789.jpg,qrdn:qr_identity:59,voted,0.6662734746932983,tampered,0.33372655510902405,0.07858593016862869,0.5876874923706055,35.11780000189901
ml_training/datasets/structural/raw/qrdn/extracted Voted/test/1790.jpg,qrdn:qr_identity:59,voted,0.8683551549911499,tampered,0.1316448599100113,0.02561570703983307,0.8427394032478333,30.927399999200134
ml_training/datasets/structural/raw/qrdn/extracted Voted/test/1791.jpg,qrdn:qr_identity:59,voted,0.41747206449508667,clean,0.5825279355049133,0.09116574376821518,0.3263063132762909,31.863000000157626
ml_training/datasets/structural/raw/qrdn/extracted Voted/test/1792.jpg,qrdn:qr_identity:59,voted,0.31695491075515747,clean,0.6830450892448425,0.10339108109474182,0.21356379985809326,31.045499999891035
ml_training/datasets/structural/raw/qrdn/extracted Voted/test/1793.jpg,qrdn:qr_identity:59,voted,0.5923643112182617,tampered,0.40763571858406067,0.07484527677297592,0.5175189971923828,33.45939999780967
ml_training/datasets/structural/raw/qrdn/extracted Voted/test/1794.jpg,qrdn:qr_identity:59,voted,0.8200697898864746,tampered,0.179930180311203,0.03369859233498573,0.7863712310791016,29.349200001888676
ml_training/datasets/structural/raw/qrdn/extracted Voted/test/1795.jpg,qrdn:qr_identity:59,voted,0.5722144842147827,tampered,0.4277855157852173,0.14241346716880798,0.42980098724365234,37.254199996823445
ml_training/datasets/structural/raw/qrdn/extracted Voted/test/1796.jpg,qrdn:qr_identity:59,voted,0.9561936855316162,tampered,0.04380634054541588,0.0170939601957798,0.9390997290611267,31.439200000022538
ml_training/datasets/structural/raw/qrdn/extracted Voted/test/1797.jpg,qrdn:qr_identity:59,voted,0.8355721235275269,tampered,0.16442790627479553,0.043798863887786865,0.79177325963974,36.61359999750857
ml_training/datasets/structural/raw/qrdn/extracted Voted/test/1798.jpg,qrdn:qr_identity:59,voted,0.7786915302276611,tampered,0.22130846977233887,0.0501314215362072,0.7285600900650024,30.50219999931869
ml_training/datasets/structural/raw/qrdn/extracted Voted/test/1799.jpg,qrdn:qr_identity:59,voted,0.7702834606170654,tampered,0.22971650958061218,0.07653085142374039,0.6937525868415833,37.87150000061956
ml_training/datasets/structural/raw/qrdn/extracted Voted/test/1800.jpg,qrdn:qr_identity:60,voted,0.9521092176437378,tampered,0.0478907935321331,0.01714939810335636,0.9349598288536072,29.738299999735318
ml_training/datasets/structural/raw/qrdn/extracted Voted/test/1801.jpg,qrdn:qr_identity:60,voted,0.8082568049430847,tampered,0.19174320995807648,0.09950421750545502,0.7087525725364685,43.37569999916013
ml_training/datasets/structural/raw/qrdn/extracted Voted/test/1802.jpg,qrdn:qr_identity:60,voted,0.7469738721847534,tampered,0.2530260980129242,0.061752088367938995,0.6852218508720398,31.082599998626392
ml_training/datasets/structural/raw/qrdn/extracted Voted/test/1803.jpg,qrdn:qr_identity:60,voted,0.7097393274307251,tampered,0.2902606725692749,0.08898238092660904,0.620756983757019,31.79710000040359
ml_training/datasets/structural/raw/qrdn/extracted Voted/test/1804.jpg,qrdn:qr_identity:60,voted,0.7608956694602966,tampered,0.23910434544086456,0.10269956290721893,0.6581960916519165,36.10189999744762
ml_training/datasets/structural/raw/qrdn/extracted Voted/test/1805.jpg,qrdn:qr_identity:60,voted,0.9406046271324158,tampered,0.059395380318164825,0.03172437846660614,0.9088801741600037,32.613299998047296
ml_training/datasets/structural/raw/qrdn/extracted Voted/test/1806.jpg,qrdn:qr_identity:60,voted,0.7547383308410645,tampered,0.24526166915893555,0.10133805125951767,0.6534002423286438,29.91209999890998
ml_training/datasets/structural/raw/qrdn/extracted Voted/test/1807.jpg,qrdn:qr_identity:60,voted,0.8379915356636047,tampered,0.16200846433639526,0.06002262979745865,0.7779689431190491,35.330200000316836
ml_training/datasets/structural/raw/qrdn/extracted Voted/test/1808.jpg,qrdn:qr_identity:60,voted,0.8036822080612183,tampered,0.19631776213645935,0.10918647795915604,0.6944957375526428,32.84360000179731
ml_training/datasets/structural/raw/qrdn/extracted Voted/test/1809.jpg,qrdn:qr_identity:60,voted,0.8411375284194946,tampered,0.15886244177818298,0.0488792359828949,0.7922583222389221,28.12660000199685
ml_training/datasets/structural/raw/qrdn/extracted Voted/test/1810.jpg,qrdn:qr_identity:60,voted,0.8592230081558228,tampered,0.14077696204185486,0.04998399689793587,0.8092390298843384,35.88790000139852
ml_training/datasets/structural/raw/qrdn/extracted Voted/test/1811.jpg,qrdn:qr_identity:60,voted,0.7186561822891235,tampered,0.2813437879085541,0.06859589368104935,0.6500602960586548,35.82100000130595
ml_training/datasets/structural/raw/qrdn/extracted Voted/test/1812.jpg,qrdn:qr_identity:60,voted,0.9453445672988892,tampered,0.05465543642640114,0.01940435729920864,0.925940215587616,29.627399999299087
ml_training/datasets/structural/raw/qrdn/extracted Voted/test/1813.jpg,qrdn:qr_identity:60,voted,0.8592064380645752,tampered,0.1407935917377472,0.03362436965107918,0.8255820274353027,34.07900000092923
ml_training/datasets/structural/raw/qrdn/extracted Voted/test/1814.jpg,qrdn:qr_identity:60,voted,0.893876314163208,tampered,0.1061236634850502,0.056473247706890106,0.8374030590057373,32.448699999804376
ml_training/datasets/structural/raw/qrdn/extracted Voted/test/1815.jpg,qrdn:qr_identity:60,voted,0.8448640704154968,tampered,0.15513594448566437,0.046139176934957504,0.798724889755249,33.135800000309246
ml_training/datasets/structural/raw/qrdn/extracted Voted/test/1816.jpg,qrdn:qr_identity:60,voted,0.8692743182182312,tampered,0.13072569668293,0.0812477320432663,0.7880265712738037,30.494099999486934
ml_training/datasets/structural/raw/qrdn/extracted Voted/test/1817.jpg,qrdn:qr_identity:60,voted,0.8980928063392639,tampered,0.10190720111131668,0.05463569611310959,0.8434571623802185,33.382999998138985
ml_training/datasets/structural/raw/qrdn/extracted Voted/test/1818.jpg,qrdn:qr_identity:60,voted,0.968756914138794,tampered,0.031243108212947845,0.009157100692391396,0.9595997333526611,37.20849999808706
ml_training/datasets/structural/raw/qrdn/extracted Voted/test/1819.jpg,qrdn:qr_identity:60,voted,0.7858585119247437,tampered,0.21414150297641754,0.1009870171546936,0.68487149477005,33.73890000148094
ml_training/datasets/structural/raw/qrdn/extracted Voted/test/1820.jpg,qrdn:qr_identity:60,voted,0.9192882180213928,tampered,0.08071175962686539,0.045078396797180176,0.8742098212242126,33.78610000072513
ml_training/datasets/structural/raw/qrdn/extracted Voted/test/1821.jpg,qrdn:qr_identity:60,voted,0.853307843208313,tampered,0.146692156791687,0.09013194590806961,0.763175904750824,32.76470000128029
ml_training/datasets/structural/raw/qrdn/extracted Voted/test/1822.jpg,qrdn:qr_identity:60,voted,0.19760072231292725,clean,0.8023992776870728,0.05522358790040016,0.1423771232366562,33.04009999919799
ml_training/datasets/structural/raw/qrdn/extracted Voted/test/1823.jpg,qrdn:qr_identity:60,voted,0.793701708316803,tampered,0.20629829168319702,0.04191974923014641,0.7517818808555603,32.05589999924996
ml_training/datasets/structural/raw/qrdn/extracted Voted/test/1824.jpg,qrdn:qr_identity:60,voted,0.8790112137794495,tampered,0.12098876386880875,0.013828975148499012,0.8651822209358215,35.986300001241034
ml_training/datasets/structural/raw/qrdn/extracted Voted/test/1825.jpg,qrdn:qr_identity:60,voted,0.9386608600616455,tampered,0.06133914738893509,0.016508799046278,0.922152042388916,34.63200000260258
ml_training/datasets/structural/raw/qrdn/extracted Voted/test/1826.jpg,qrdn:qr_identity:60,voted,0.8064613342285156,tampered,0.19353866577148438,0.0656842440366745,0.7407770752906799,34.06600000016624
ml_training/datasets/structural/raw/qrdn/extracted Voted/test/1827.jpg,qrdn:qr_identity:60,voted,0.710024356842041,tampered,0.289975643157959,0.030485084280371666,0.6795392632484436,31.14590000041062
ml_training/datasets/structural/raw/qrdn/extracted Voted/test/1828.jpg,qrdn:qr_identity:60,voted,0.8328151702880859,tampered,0.16718481481075287,0.02745390124619007,0.8053613305091858,34.37169999961043
ml_training/datasets/structural/raw/qrdn/extracted Voted/test/1829.jpg,qrdn:qr_identity:60,voted,0.7180286645889282,tampered,0.2819713056087494,0.028454670682549477,0.6895740032196045,31.07330000057118
ml_training/datasets/structural/raw/qrdn/extracted Voted/test/1830.jpg,qrdn:qr_identity:61,voted,0.8840008974075317,tampered,0.11599908024072647,0.05024590715765953,0.8337549567222595,33.2018999979482
ml_training/datasets/structural/raw/qrdn/extracted Voted/test/1831.jpg,qrdn:qr_identity:61,voted,0.9383126497268677,tampered,0.06168733537197113,0.0333910696208477,0.9049215912818909,37.43170000234386
ml_training/datasets/structural/raw/qrdn/extracted Voted/test/1832.jpg,qrdn:qr_identity:61,voted,0.8324945569038391,tampered,0.1675054281949997,0.04505560174584389,0.7874389886856079,30.334600000060163
ml_training/datasets/structural/raw/qrdn/extracted Voted/test/1833.jpg,qrdn:qr_identity:61,voted,0.8227714896202087,tampered,0.17722849547863007,0.09060809761285782,0.7321633696556091,29.08919999754289
ml_training/datasets/structural/raw/qrdn/extracted Voted/test/1834.jpg,qrdn:qr_identity:61,voted,0.8481807708740234,tampered,0.15181921422481537,0.06393638253211975,0.7842443585395813,36.08199999871431
ml_training/datasets/structural/raw/qrdn/extracted Voted/test/1835.jpg,qrdn:qr_identity:61,voted,0.9524266123771667,tampered,0.04757339134812355,0.024272987619042397,0.9281536340713501,28.841700001066783
ml_training/datasets/structural/raw/qrdn/extracted Voted/test/1836.jpg,qrdn:qr_identity:61,voted,0.7302306890487671,tampered,0.2697693109512329,0.09975399076938629,0.6304766535758972,28.323700000328245
ml_training/datasets/structural/raw/qrdn/extracted Voted/test/1837.jpg,qrdn:qr_identity:61,voted,0.7648501396179199,tampered,0.23514986038208008,0.13702228665351868,0.6278278231620789,28.126900000643218
ml_training/datasets/structural/raw/qrdn/extracted Voted/test/1838.jpg,qrdn:qr_identity:61,voted,0.8382762670516968,tampered,0.1617237627506256,0.07512680441141129,0.7631494402885437,27.47359999921173
ml_training/datasets/structural/raw/qrdn/extracted Voted/test/1839.jpg,qrdn:qr_identity:61,voted,0.9586296081542969,tampered,0.041370369493961334,0.014378076419234276,0.944251537322998,31.22580000126618
ml_training/datasets/structural/raw/qrdn/extracted Voted/test/1840.jpg,qrdn:qr_identity:61,voted,0.8439912796020508,tampered,0.1560087502002716,0.07955718040466309,0.7644340395927429,26.646899998013396
ml_training/datasets/structural/raw/qrdn/extracted Voted/test/1841.jpg,qrdn:qr_identity:61,voted,0.7882220149040222,tampered,0.2117779701948166,0.06029051914811134,0.727931559085846,29.569499998615356
ml_training/datasets/structural/raw/qrdn/extracted Voted/test/1842.jpg,qrdn:qr_identity:61,voted,0.9447280168533325,tampered,0.05527197942137718,0.02688472904264927,0.9178433418273926,30.17109999927925
ml_training/datasets/structural/raw/qrdn/extracted Voted/test/1843.jpg,qrdn:qr_identity:61,voted,0.7512359619140625,tampered,0.2487640678882599,0.05590774863958359,0.6953281760215759,29.155799998989096
ml_training/datasets/structural/raw/qrdn/extracted Voted/test/1844.jpg,qrdn:qr_identity:61,voted,0.9348528385162354,tampered,0.06514718383550644,0.04677346721291542,0.8880792856216431,28.754500002833083
ml_training/datasets/structural/raw/qrdn/extracted Voted/test/1845.jpg,qrdn:qr_identity:61,voted,0.8479340076446533,tampered,0.15206602215766907,0.08514953404664993,0.762784481048584,26.336599999922328
ml_training/datasets/structural/raw/qrdn/extracted Voted/test/1846.jpg,qrdn:qr_identity:61,voted,0.9400097727775574,tampered,0.059990204870700836,0.05833697319030762,0.8816727995872498,32.340099998691585
ml_training/datasets/structural/raw/qrdn/extracted Voted/test/1847.jpg,qrdn:qr_identity:61,voted,0.9243553280830383,tampered,0.07564468681812286,0.036702610552310944,0.8876527547836304,29.74510000058217
ml_training/datasets/structural/raw/qrdn/extracted Voted/test/1848.jpg,qrdn:qr_identity:61,voted,0.9310480356216431,tampered,0.06895193457603455,0.04567871615290642,0.8853693604469299,30.615200001193443
ml_training/datasets/structural/raw/qrdn/extracted Voted/test/1849.jpg,qrdn:qr_identity:61,voted,0.8605970144271851,tampered,0.13940300047397614,0.07485312223434448,0.7857438921928406,34.036000000924105
ml_training/datasets/structural/raw/qrdn/extracted Voted/test/1850.jpg,qrdn:qr_identity:61,voted,0.8997568488121033,tampered,0.10024314373731613,0.0802449882030487,0.819511890411377,37.7662999999302
ml_training/datasets/structural/raw/qrdn/extracted Voted/test/1851.jpg,qrdn:qr_identity:61,voted,0.8196640014648438,tampered,0.18033602833747864,0.13485264778137207,0.6848112940788269,31.923700000334065
ml_training/datasets/structural/raw/qrdn/extracted Voted/test/1852.jpg,qrdn:qr_identity:61,voted,0.7634940147399902,tampered,0.23650600016117096,0.05705762282013893,0.7064363956451416,39.840299999923445
ml_training/datasets/structural/raw/qrdn/extracted Voted/test/1853.jpg,qrdn:qr_identity:61,voted,0.8509266376495361,tampered,0.14907336235046387,0.05815662071108818,0.7927700281143188,28.298800003540237
ml_training/datasets/structural/raw/qrdn/extracted Voted/test/1854.jpg,qrdn:qr_identity:61,voted,0.8269565105438232,tampered,0.17304345965385437,0.03539760783314705,0.7915589809417725,31.730300001072465
ml_training/datasets/structural/raw/qrdn/extracted Voted/test/1855.jpg,qrdn:qr_identity:61,voted,0.7878121137619019,tampered,0.21218785643577576,0.10091831535100937,0.6868938207626343,28.53279999908409
ml_training/datasets/structural/raw/qrdn/extracted Voted/test/1856.jpg,qrdn:qr_identity:61,voted,0.8226888179779053,tampered,0.17731118202209473,0.07176820188760757,0.7509206533432007,30.06950000053621
ml_training/datasets/structural/raw/qrdn/extracted Voted/test/1857.jpg,qrdn:qr_identity:61,voted,0.9408847093582153,tampered,0.05911530554294586,0.01380458939820528,0.9270800948143005,29.04809999745339
ml_training/datasets/structural/raw/qrdn/extracted Voted/test/1858.jpg,qrdn:qr_identity:61,voted,0.8233522772789001,tampered,0.17664772272109985,0.02572288177907467,0.7976294159889221,30.907899999874644
ml_training/datasets/structural/raw/qrdn/extracted Voted/test/1859.jpg,qrdn:qr_identity:61,voted,0.9029088020324707,tampered,0.0970911756157875,0.027722500264644623,0.8751862645149231,31.164500000159023
ml_training/datasets/structural/raw/qrdn/extracted Voted/test/1860.jpg,qrdn:qr_identity:62,voted,0.8987405896186829,tampered,0.10125938802957535,0.028614282608032227,0.8701263666152954,28.278300000238232
ml_training/datasets/structural/raw/qrdn/extracted Voted/test/1861.jpg,qrdn:qr_identity:62,voted,0.9456947445869446,tampered,0.05430524796247482,0.04129666090011597,0.9043980836868286,33.084400001826
ml_training/datasets/structural/raw/qrdn/extracted Voted/test/1862.jpg,qrdn:qr_identity:62,voted,0.8807969093322754,tampered,0.1192030981183052,0.03686010092496872,0.8439368009567261,29.291800001374213
ml_training/datasets/structural/raw/qrdn/extracted Voted/test/1863.jpg,qrdn:qr_identity:62,voted,0.8019816875457764,tampered,0.19801828265190125,0.06724194437265396,0.7347397804260254,36.26360000271234
ml_training/datasets/structural/raw/qrdn/extracted Voted/test/1864.jpg,qrdn:qr_identity:62,voted,0.8882816433906555,tampered,0.11171837896108627,0.03305516391992569,0.8552265167236328,30.331599999044556
ml_training/datasets/structural/raw/qrdn/extracted Voted/test/1865.jpg,qrdn:qr_identity:62,voted,0.9129917621612549,tampered,0.08700821548700333,0.040944162756204605,0.8720476031303406,34.80449999915436
ml_training/datasets/structural/raw/qrdn/extracted Voted/test/1866.jpg,qrdn:qr_identity:62,voted,0.7996269464492798,tampered,0.20037302374839783,0.03732411935925484,0.7623028755187988,27.79249999730382
ml_training/datasets/structural/raw/qrdn/extracted Voted/test/1867.jpg,qrdn:qr_identity:62,voted,0.8271594047546387,tampered,0.17284059524536133,0.0628032460808754,0.7643560767173767,32.376600000134204
ml_training/datasets/structural/raw/qrdn/extracted Voted/test/1868.jpg,qrdn:qr_identity:62,voted,0.6653317809104919,tampered,0.33466821908950806,0.12924516201019287,0.5360866189002991,30.305899999802932
ml_training/datasets/structural/raw/qrdn/extracted Voted/test/1869.jpg,qrdn:qr_identity:62,voted,0.856931209564209,tampered,0.1430688202381134,0.11865032464265823,0.7382808327674866,32.59070000058273
ml_training/datasets/structural/raw/qrdn/extracted Voted/test/1870.jpg,qrdn:qr_identity:62,voted,0.5746368169784546,tampered,0.425363153219223,0.09811685234308243,0.47651997208595276,28.42660000169417
ml_training/datasets/structural/raw/qrdn/extracted Voted/test/1871.jpg,qrdn:qr_identity:62,voted,0.8677199482917786,tampered,0.13228005170822144,0.04391389712691307,0.8238060474395752,31.182700000499608
ml_training/datasets/structural/raw/qrdn/extracted Voted/test/1872.jpg,qrdn:qr_identity:62,voted,0.7662627696990967,tampered,0.2337372601032257,0.06684327870607376,0.6994194388389587,29.167900000174996
ml_training/datasets/structural/raw/qrdn/extracted Voted/test/1873.jpg,qrdn:qr_identity:62,voted,0.9013516306877136,tampered,0.09864838421344757,0.029167965054512024,0.872183620929718,56.6856999976153
ml_training/datasets/structural/raw/qrdn/extracted Voted/test/1874.jpg,qrdn:qr_identity:62,voted,0.8304751515388489,tampered,0.16952486336231232,0.09032689779996872,0.7401482462882996,29.852399999072077
ml_training/datasets/structural/raw/qrdn/extracted Voted/test/1875.jpg,qrdn:qr_identity:62,voted,0.7985967397689819,tampered,0.20140324532985687,0.044228143990039825,0.7543686032295227,32.064200000604615
ml_training/datasets/structural/raw/qrdn/extracted Voted/test/1876.jpg,qrdn:qr_identity:62,voted,0.8759931325912476,tampered,0.12400689721107483,0.08218441158533096,0.79380863904953,32.903499999520136
ml_training/datasets/structural/raw/qrdn/extracted Voted/test/1877.jpg,qrdn:qr_identity:62,voted,0.8165908455848694,tampered,0.1834091693162918,0.06730753928422928,0.7492832541465759,42.75179999967804
ml_training/datasets/structural/raw/qrdn/extracted Voted/test/1878.jpg,qrdn:qr_identity:62,voted,0.9751505851745605,tampered,0.02484939806163311,0.01308964379131794,0.9620609879493713,52.96190000080969
ml_training/datasets/structural/raw/qrdn/extracted Voted/test/1879.jpg,qrdn:qr_identity:62,voted,0.8799047470092773,tampered,0.12009526044130325,0.06407884508371353,0.815825879573822,34.21530000196071
ml_training/datasets/structural/raw/qrdn/extracted Voted/test/1880.jpg,qrdn:qr_identity:62,voted,0.9280256628990173,tampered,0.07197435200214386,0.026892783120274544,0.9011328816413879,41.555799998604925
ml_training/datasets/structural/raw/qrdn/extracted Voted/test/1881.jpg,qrdn:qr_identity:62,voted,0.6737847328186035,tampered,0.3262152671813965,0.07143659889698029,0.6023480892181396,37.275499998941086
ml_training/datasets/structural/raw/qrdn/extracted Voted/test/1882.jpg,qrdn:qr_identity:62,voted,0.8559527397155762,tampered,0.14404726028442383,0.036574192345142365,0.8193784952163696,34.8070000000007
ml_training/datasets/structural/raw/qrdn/extracted Voted/test/1883.jpg,qrdn:qr_identity:62,voted,0.7757202982902527,tampered,0.2242797166109085,0.0588415153324604,0.7168787717819214,35.93609999734326
ml_training/datasets/structural/raw/qrdn/extracted Voted/test/1884.jpg,qrdn:qr_identity:62,voted,0.9266293048858643,tampered,0.07337068021297455,0.014447002671658993,0.9121822714805603,32.50320000006468
ml_training/datasets/structural/raw/qrdn/extracted Voted/test/1885.jpg,qrdn:qr_identity:62,voted,0.6777355670928955,tampered,0.3222644031047821,0.027872173115611076,0.6498634219169617,40.859199998521945
ml_training/datasets/structural/raw/qrdn/extracted Voted/test/1886.jpg,qrdn:qr_identity:62,voted,0.7555583715438843,tampered,0.24444161355495453,0.07504402846097946,0.6805143356323242,35.642200000438606
ml_training/datasets/structural/raw/qrdn/extracted Voted/test/1887.jpg,qrdn:qr_identity:62,voted,0.8612912893295288,tampered,0.13870874047279358,0.04469767212867737,0.816593587398529,36.56319999936386
ml_training/datasets/structural/raw/qrdn/extracted Voted/test/1888.jpg,qrdn:qr_identity:62,voted,0.4419782757759094,clean,0.5580217242240906,0.05201837792992592,0.3899598717689514,33.93619999769726
ml_training/datasets/structural/raw/qrdn/extracted Voted/test/1889.jpg,qrdn:qr_identity:62,voted,0.9687721729278564,tampered,0.0312278363853693,0.008731513284146786,0.9600406885147095,38.204699998459546
ml_training/datasets/structural/raw/qrdn/extracted Voted/test/1890.jpg,qrdn:qr_identity:63,voted,0.8550878763198853,tampered,0.14491215348243713,0.033534251153469086,0.821553647518158,33.869099999719765
ml_training/datasets/structural/raw/qrdn/extracted Voted/test/1891.jpg,qrdn:qr_identity:63,voted,0.648689866065979,tampered,0.3513101041316986,0.2068672925233841,0.4418226480484009,43.83419999794569
ml_training/datasets/structural/raw/qrdn/extracted Voted/test/1892.jpg,qrdn:qr_identity:63,voted,0.8018258213996887,tampered,0.19817417860031128,0.0462341345846653,0.755591630935669,40.30630000124802
ml_training/datasets/structural/raw/qrdn/extracted Voted/test/1893.jpg,qrdn:qr_identity:63,voted,0.7605552673339844,tampered,0.239444762468338,0.10459552705287933,0.6559596657752991,32.18189999824972
ml_training/datasets/structural/raw/qrdn/extracted Voted/test/1894.jpg,qrdn:qr_identity:63,voted,0.9095171689987183,tampered,0.09048286080360413,0.02095698192715645,0.8885601758956909,42.39739999684389
ml_training/datasets/structural/raw/qrdn/extracted Voted/test/1895.jpg,qrdn:qr_identity:63,voted,0.9034045338630676,tampered,0.09659548848867416,0.05125231295824051,0.8521521687507629,34.97430000061286
ml_training/datasets/structural/raw/qrdn/extracted Voted/test/1896.jpg,qrdn:qr_identity:63,voted,0.7763282060623169,tampered,0.22367176413536072,0.06449157744646072,0.7118366956710815,42.80799999833107
ml_training/datasets/structural/raw/qrdn/extracted Voted/test/1897.jpg,qrdn:qr_identity:63,voted,0.7868372797966003,tampered,0.21316273510456085,0.10892531275749207,0.6779118776321411,27.93039999960456
ml_training/datasets/structural/raw/qrdn/extracted Voted/test/1898.jpg,qrdn:qr_identity:63,voted,0.7830515503883362,tampered,0.21694843471050262,0.10454754531383514,0.6785040497779846,35.15820000029635
ml_training/datasets/structural/raw/qrdn/extracted Voted/test/1899.jpg,qrdn:qr_identity:63,voted,0.8970730304718018,tampered,0.10292693972587585,0.03519022837281227,0.8618828058242798,29.765300001599826
ml_training/datasets/structural/raw/qrdn/extracted Voted/test/1900.jpg,qrdn:qr_identity:63,voted,0.4744707942008972,clean,0.5255292057991028,0.09821100533008575,0.3762597143650055,35.557799998059636
ml_training/datasets/structural/raw/qrdn/extracted Voted/test/1901.jpg,qrdn:qr_identity:63,voted,0.8531169891357422,tampered,0.1468830108642578,0.05209508538246155,0.8010218739509583,30.827999999019084
ml_training/datasets/structural/raw/qrdn/extracted Voted/test/1902.jpg,qrdn:qr_identity:63,voted,0.9115519523620605,tampered,0.08844805508852005,0.022659894078969955,0.8888921141624451,31.42930000103661
ml_training/datasets/structural/raw/qrdn/extracted Voted/test/1903.jpg,qrdn:qr_identity:63,voted,0.9535462260246277,tampered,0.046453751623630524,0.008208300918340683,0.9453378915786743,29.07719999711844
ml_training/datasets/structural/raw/qrdn/extracted Voted/test/1904.jpg,qrdn:qr_identity:63,voted,0.9500274658203125,tampered,0.049972519278526306,0.03144961968064308,0.9185778498649597,33.5875999990094
ml_training/datasets/structural/raw/qrdn/extracted Voted/test/1905.jpg,qrdn:qr_identity:63,voted,0.6996703147888184,tampered,0.30032968521118164,0.06637892872095108,0.6332913637161255,29.526399997848785
ml_training/datasets/structural/raw/qrdn/extracted Voted/test/1906.jpg,qrdn:qr_identity:63,voted,0.9359250664710999,tampered,0.06407491862773895,0.04233120009303093,0.8935938477516174,33.59920000002603
ml_training/datasets/structural/raw/qrdn/extracted Voted/test/1907.jpg,qrdn:qr_identity:63,voted,0.9236176013946533,tampered,0.07638236880302429,0.04423905909061432,0.8793784976005554,30.408899998292327
ml_training/datasets/structural/raw/qrdn/extracted Voted/test/1908.jpg,qrdn:qr_identity:63,voted,0.9281072616577148,tampered,0.07189276069402695,0.02173192799091339,0.9063753485679626,39.874599999166094
ml_training/datasets/structural/raw/qrdn/extracted Voted/test/1909.jpg,qrdn:qr_identity:63,voted,0.9107943773269653,tampered,0.08920564502477646,0.05672750622034073,0.8540668487548828,31.969299998308998
ml_training/datasets/structural/raw/qrdn/extracted Voted/test/1910.jpg,qrdn:qr_identity:63,voted,0.9277676343917847,tampered,0.07223238795995712,0.034138064831495285,0.8936295509338379,38.94650000074762
ml_training/datasets/structural/raw/qrdn/extracted Voted/test/1911.jpg,qrdn:qr_identity:63,voted,0.8642838597297668,tampered,0.13571612536907196,0.08260557800531387,0.781678318977356,31.827599999814993
ml_training/datasets/structural/raw/qrdn/extracted Voted/test/1912.jpg,qrdn:qr_identity:63,voted,0.3226078152656555,clean,0.6773921847343445,0.07456595450639725,0.24804182350635529,33.15989999828162
ml_training/datasets/structural/raw/qrdn/extracted Voted/test/1913.jpg,qrdn:qr_identity:63,voted,0.877403199672699,tampered,0.12259680032730103,0.03172943368554115,0.8456737995147705,30.902099999366328
ml_training/datasets/structural/raw/qrdn/extracted Voted/test/1914.jpg,qrdn:qr_identity:63,voted,0.753109335899353,tampered,0.24689064919948578,0.04905493184924126,0.7040543556213379,34.766400000080466
ml_training/datasets/structural/raw/qrdn/extracted Voted/test/1915.jpg,qrdn:qr_identity:63,voted,0.62962406873703,tampered,0.37037593126296997,0.052413035184144974,0.5772110223770142,29.720099999394733
ml_training/datasets/structural/raw/qrdn/extracted Voted/test/1916.jpg,qrdn:qr_identity:63,voted,0.7421298027038574,tampered,0.2578701674938202,0.0846247524023056,0.6575050950050354,38.635499997326406
ml_training/datasets/structural/raw/qrdn/extracted Voted/test/1917.jpg,qrdn:qr_identity:63,voted,0.7944014072418213,tampered,0.2055986225605011,0.020221786573529243,0.7741796374320984,35.61909999916679
ml_training/datasets/structural/raw/qrdn/extracted Voted/test/1918.jpg,qrdn:qr_identity:63,voted,0.701096773147583,tampered,0.2989031970500946,0.050466954708099365,0.6506298184394836,35.584600002039224
ml_training/datasets/structural/raw/qrdn/extracted Voted/test/1919.jpg,qrdn:qr_identity:63,voted,0.8475922346115112,tampered,0.15240776538848877,0.02406826801598072,0.823523998260498,28.969899998628534
ml_training/datasets/structural/raw/qrdn/extracted Voted/test/1920.jpg,qrdn:qr_identity:64,voted,0.8032619953155518,tampered,0.19673803448677063,0.031578198075294495,0.7716838121414185,34.96080000331858
ml_training/datasets/structural/raw/qrdn/extracted Voted/test/1921.jpg,qrdn:qr_identity:64,voted,0.9263888001441956,tampered,0.07361117750406265,0.045667726546525955,0.8807211518287659,33.058600001822924
ml_training/datasets/structural/raw/qrdn/extracted Voted/test/1922.jpg,qrdn:qr_identity:64,voted,0.8781989812850952,tampered,0.12180101871490479,0.08960743993520737,0.7885915637016296,32.54480000032345
ml_training/datasets/structural/raw/qrdn/extracted Voted/test/1923.jpg,qrdn:qr_identity:64,voted,0.891448438167572,tampered,0.10855158418416977,0.045170944184064865,0.8462774753570557,32.807100000354694
ml_training/datasets/structural/raw/qrdn/extracted Voted/test/1924.jpg,qrdn:qr_identity:64,voted,0.7130120992660522,tampered,0.28698790073394775,0.10211417824029922,0.6108978986740112,39.808699999412056
ml_training/datasets/structural/raw/qrdn/extracted Voted/test/1925.jpg,qrdn:qr_identity:64,voted,0.9056704640388489,tampered,0.09432952851057053,0.04842713847756386,0.8572433590888977,33.668200001557125
ml_training/datasets/structural/raw/qrdn/extracted Voted/test/1926.jpg,qrdn:qr_identity:64,voted,0.7883093357086182,tampered,0.21169064939022064,0.09423699229955673,0.6940723657608032,34.609199999977136
ml_training/datasets/structural/raw/qrdn/extracted Voted/test/1927.jpg,qrdn:qr_identity:64,voted,0.8316710591316223,tampered,0.16832895576953888,0.0713350847363472,0.7603359818458557,32.262599997920915
ml_training/datasets/structural/raw/qrdn/extracted Voted/test/1928.jpg,qrdn:qr_identity:64,voted,0.7496442794799805,tampered,0.2503557503223419,0.0763281062245369,0.6733161807060242,34.14329999941401
ml_training/datasets/structural/raw/qrdn/extracted Voted/test/1929.jpg,qrdn:qr_identity:64,voted,0.8353118300437927,tampered,0.16468815505504608,0.08297843486070633,0.752333402633667,33.73070000088774
ml_training/datasets/structural/raw/qrdn/extracted Voted/test/1930.jpg,qrdn:qr_identity:64,voted,0.8174856901168823,tampered,0.18251430988311768,0.11060593277215958,0.706879734992981,37.01860000001034
ml_training/datasets/structural/raw/qrdn/extracted Voted/test/1931.jpg,qrdn:qr_identity:64,voted,0.9010010957717896,tampered,0.09899892657995224,0.03161761164665222,0.8693834543228149,36.058999998203944
ml_training/datasets/structural/raw/qrdn/extracted Voted/test/1932.jpg,qrdn:qr_identity:64,voted,0.9050363302230835,tampered,0.09496365487575531,0.03083978034555912,0.8741965293884277,35.07709999757935
ml_training/datasets/structural/raw/qrdn/extracted Voted/test/1933.jpg,qrdn:qr_identity:64,voted,0.9250001311302185,tampered,0.07499987632036209,0.022654101252555847,0.9023459553718567,36.269099997298326
ml_training/datasets/structural/raw/qrdn/extracted Voted/test/1934.jpg,qrdn:qr_identity:64,voted,0.969953179359436,tampered,0.03004683367908001,0.025558533146977425,0.9443946480751038,31.4899000004516
ml_training/datasets/structural/raw/qrdn/extracted Voted/test/1935.jpg,qrdn:qr_identity:64,voted,0.8537808656692505,tampered,0.1462191343307495,0.05525830388069153,0.7985225319862366,33.8871999992989
ml_training/datasets/structural/raw/qrdn/extracted Voted/test/1936.jpg,qrdn:qr_identity:64,voted,0.9394971132278442,tampered,0.06050286814570427,0.02890385314822197,0.9105932116508484,33.76690000004601
ml_training/datasets/structural/raw/qrdn/extracted Voted/test/1937.jpg,qrdn:qr_identity:64,voted,0.9451519846916199,tampered,0.05484800413250923,0.026864677667617798,0.9182873368263245,37.331399998947745
ml_training/datasets/structural/raw/qrdn/extracted Voted/test/1938.jpg,qrdn:qr_identity:64,voted,0.955363392829895,tampered,0.044636618345975876,0.01966642402112484,0.9356968998908997,42.88539999834029
ml_training/datasets/structural/raw/qrdn/extracted Voted/test/1939.jpg,qrdn:qr_identity:64,voted,0.858742892742157,tampered,0.14125709235668182,0.0625586062669754,0.7961843013763428,39.994900002056966
ml_training/datasets/structural/raw/qrdn/extracted Voted/test/1940.jpg,qrdn:qr_identity:64,voted,0.8983352780342102,tampered,0.1016647070646286,0.03701333329081535,0.8613219261169434,34.4680000016524
ml_training/datasets/structural/raw/qrdn/extracted Voted/test/1941.jpg,qrdn:qr_identity:64,voted,0.817908525466919,tampered,0.18209148943424225,0.09766680002212524,0.7202417254447937,29.346399998757988
ml_training/datasets/structural/raw/qrdn/extracted Voted/test/1942.jpg,qrdn:qr_identity:64,voted,0.2921866178512573,clean,0.7078133821487427,0.1642804741859436,0.12790615856647491,29.021099999226863
ml_training/datasets/structural/raw/qrdn/extracted Voted/test/1943.jpg,qrdn:qr_identity:64,voted,0.903529167175293,tampered,0.09647081792354584,0.018302474170923233,0.8852266669273376,31.58869999970193
ml_training/datasets/structural/raw/qrdn/extracted Voted/test/1944.jpg,qrdn:qr_identity:64,voted,0.7515050172805786,tampered,0.248494952917099,0.0552055649459362,0.6962994933128357,28.849100002844352
ml_training/datasets/structural/raw/qrdn/extracted Voted/test/1945.jpg,qrdn:qr_identity:64,voted,0.8925046920776367,tampered,0.10749533027410507,0.04795406013727188,0.844550609588623,34.50810000140336
ml_training/datasets/structural/raw/qrdn/extracted Voted/test/1946.jpg,qrdn:qr_identity:64,voted,0.9222769141197205,tampered,0.07772306352853775,0.03396802395582199,0.8883088827133179,32.562300002609845
ml_training/datasets/structural/raw/qrdn/extracted Voted/test/1947.jpg,qrdn:qr_identity:64,voted,0.7167757153511047,tampered,0.28322428464889526,0.059996917843818665,0.6567788124084473,42.88629999791738
ml_training/datasets/structural/raw/qrdn/extracted Voted/test/1948.jpg,qrdn:qr_identity:64,voted,0.9201529622077942,tampered,0.07984704524278641,0.022888246923685074,0.8972647786140442,36.27039999992121
ml_training/datasets/structural/raw/qrdn/extracted Voted/test/1949.jpg,qrdn:qr_identity:64,voted,0.9291118383407593,tampered,0.07088815420866013,0.008868133649230003,0.9202437400817871,34.80610000042361
ml_training/datasets/structural/raw/qrdn/extracted Voted/test/1950.jpg,qrdn:qr_identity:65,voted,0.5120970606803894,clean,0.4879029393196106,0.06453483551740646,0.44756221771240234,33.28460000193445
ml_training/datasets/structural/raw/qrdn/extracted Voted/test/1951.jpg,qrdn:qr_identity:65,voted,0.843591034412384,tampered,0.15640895068645477,0.07402680069208145,0.7695643305778503,32.08230000018375
ml_training/datasets/structural/raw/qrdn/extracted Voted/test/1952.jpg,qrdn:qr_identity:65,voted,0.8667709827423096,tampered,0.13322900235652924,0.030942287296056747,0.8358287215232849,36.864599998807535
ml_training/datasets/structural/raw/qrdn/extracted Voted/test/1953.jpg,qrdn:qr_identity:65,voted,0.8980940580368042,tampered,0.1019059494137764,0.05244385823607445,0.8456501960754395,30.747799999517156
ml_training/datasets/structural/raw/qrdn/extracted Voted/test/1954.jpg,qrdn:qr_identity:65,voted,0.8748960494995117,tampered,0.12510395050048828,0.046548519283533096,0.8283475041389465,30.776300001889467
ml_training/datasets/structural/raw/qrdn/extracted Voted/test/1955.jpg,qrdn:qr_identity:65,voted,0.9705132246017456,tampered,0.029486756771802902,0.018317891284823418,0.952195405960083,35.71910000027856
ml_training/datasets/structural/raw/qrdn/extracted Voted/test/1956.jpg,qrdn:qr_identity:65,voted,0.60477215051651,tampered,0.39522784948349,0.043249405920505524,0.5615227222442627,31.877000001259148
ml_training/datasets/structural/raw/qrdn/extracted Voted/test/1957.jpg,qrdn:qr_identity:65,voted,0.7979482412338257,tampered,0.20205175876617432,0.1179361566901207,0.6800121068954468,29.74479999829782
ml_training/datasets/structural/raw/qrdn/extracted Voted/test/1958.jpg,qrdn:qr_identity:65,voted,0.6407709717750549,tampered,0.35922902822494507,0.09013599902391434,0.5506349802017212,28.98720000303001
ml_training/datasets/structural/raw/qrdn/extracted Voted/test/1959.jpg,qrdn:qr_identity:65,voted,0.8753770589828491,tampered,0.12462292611598969,0.05303149297833443,0.8223456144332886,31.827500002691522
ml_training/datasets/structural/raw/qrdn/extracted Voted/test/1960.jpg,qrdn:qr_identity:65,voted,0.8034231066703796,tampered,0.19657690823078156,0.02482243813574314,0.7786006927490234,28.860399997938657
ml_training/datasets/structural/raw/qrdn/extracted Voted/test/1961.jpg,qrdn:qr_identity:65,voted,0.7551082372665405,tampered,0.24489179253578186,0.04008500650525093,0.7150232195854187,31.981900003302144
ml_training/datasets/structural/raw/qrdn/extracted Voted/test/1962.jpg,qrdn:qr_identity:65,voted,0.6203224658966064,tampered,0.37967756390571594,0.07268870621919632,0.547633707523346,25.899400003254414
ml_training/datasets/structural/raw/qrdn/extracted Voted/test/1963.jpg,qrdn:qr_identity:65,voted,0.9175549745559692,tampered,0.08244504034519196,0.01308298110961914,0.9044719934463501,30.288300000393065
ml_training/datasets/structural/raw/qrdn/extracted Voted/test/1964.jpg,qrdn:qr_identity:65,voted,0.847182035446167,tampered,0.15281794965267181,0.08037612587213516,0.76680588722229,28.669200000877026
ml_training/datasets/structural/raw/qrdn/extracted Voted/test/1965.jpg,qrdn:qr_identity:65,voted,0.7505939602851868,tampered,0.24940603971481323,0.05686350166797638,0.6937304735183716,30.169800000294344
ml_training/datasets/structural/raw/qrdn/extracted Voted/test/1966.jpg,qrdn:qr_identity:65,voted,0.8308751583099365,tampered,0.16912484169006348,0.08970163762569427,0.741173505783081,30.229899999540066
ml_training/datasets/structural/raw/qrdn/extracted Voted/test/1967.jpg,qrdn:qr_identity:65,voted,0.7740331888198853,tampered,0.22596678137779236,0.08249374479055405,0.6915395259857178,27.017999997042352
ml_training/datasets/structural/raw/qrdn/extracted Voted/test/1968.jpg,qrdn:qr_identity:65,voted,0.7919412851333618,tampered,0.208058699965477,0.08633099496364594,0.7056102752685547,30.09849999943981
ml_training/datasets/structural/raw/qrdn/extracted Voted/test/1969.jpg,qrdn:qr_identity:65,voted,0.8620896339416504,tampered,0.13791035115718842,0.09374774247407913,0.7683418989181519,27.914099999179598
ml_training/datasets/structural/raw/qrdn/extracted Voted/test/1970.jpg,qrdn:qr_identity:65,voted,0.8490334749221802,tampered,0.15096652507781982,0.12489859014749527,0.7241348624229431,35.39010000167764
ml_training/datasets/structural/raw/qrdn/extracted Voted/test/1971.jpg,qrdn:qr_identity:65,voted,0.7983723282814026,tampered,0.2016276866197586,0.07622525840997696,0.7221470475196838,29.475299998011906
ml_training/datasets/structural/raw/qrdn/extracted Voted/test/1972.jpg,qrdn:qr_identity:65,voted,0.17126107215881348,clean,0.8287389278411865,0.06448066234588623,0.10678046196699142,34.251299999596085
ml_training/datasets/structural/raw/qrdn/extracted Voted/test/1973.jpg,qrdn:qr_identity:65,voted,0.7409027814865112,tampered,0.25909724831581116,0.057513028383255005,0.6833897233009338,27.089899998827605
ml_training/datasets/structural/raw/qrdn/extracted Voted/test/1974.jpg,qrdn:qr_identity:65,voted,0.48841601610183716,clean,0.5115839838981628,0.06848832964897156,0.4199277460575104,31.851800002186792
ml_training/datasets/structural/raw/qrdn/extracted Voted/test/1975.jpg,qrdn:qr_identity:65,voted,0.7254852652549744,tampered,0.27451473474502563,0.0266359131783247,0.6988493204116821,34.90600000077393
ml_training/datasets/structural/raw/qrdn/extracted Voted/test/1976.jpg,qrdn:qr_identity:65,voted,0.8902359008789062,tampered,0.10976409912109375,0.03224752098321915,0.8579883575439453,40.15580000123009
ml_training/datasets/structural/raw/qrdn/extracted Voted/test/1977.jpg,qrdn:qr_identity:65,voted,0.2317516803741455,clean,0.7682483196258545,0.052229300141334534,0.17952239513397217,29.51730000131647
ml_training/datasets/structural/raw/qrdn/extracted Voted/test/1978.jpg,qrdn:qr_identity:65,voted,0.88602614402771,tampered,0.11397386342287064,0.0498010478913784,0.8362250924110413,31.616600001143524
ml_training/datasets/structural/raw/qrdn/extracted Voted/test/1979.jpg,qrdn:qr_identity:65,voted,0.6261054277420044,tampered,0.3738945424556732,0.06850644201040268,0.5575990080833435,29.951799999253126
ml_training/datasets/structural/raw/qrdn/extracted Voted/test/1980.jpg,qrdn:qr_identity:66,voted,0.9324785470962524,tampered,0.06752146780490875,0.017343470826745033,0.9151351451873779,30.05249999841908
ml_training/datasets/structural/raw/qrdn/extracted Voted/test/1981.jpg,qrdn:qr_identity:66,voted,0.8520960211753845,tampered,0.14790397882461548,0.08192922174930573,0.7701667547225952,28.93930000209366
ml_training/datasets/structural/raw/qrdn/extracted Voted/test/1982.jpg,qrdn:qr_identity:66,voted,0.9580885171890259,tampered,0.04191150516271591,0.0111543545499444,0.9469341039657593,29.758799999399344
ml_training/datasets/structural/raw/qrdn/extracted Voted/test/1983.jpg,qrdn:qr_identity:66,voted,0.8339869976043701,tampered,0.1660129725933075,0.08870566636323929,0.7452813386917114,29.814699999406002
ml_training/datasets/structural/raw/qrdn/extracted Voted/test/1984.jpg,qrdn:qr_identity:66,voted,0.7648113369941711,tampered,0.23518864810466766,0.07806121557950974,0.6867501735687256,28.711299997667084
ml_training/datasets/structural/raw/qrdn/extracted Voted/test/1985.jpg,qrdn:qr_identity:66,voted,0.9529250264167786,tampered,0.04707495495676994,0.03295549377799034,0.9199695587158203,34.1219000001729
ml_training/datasets/structural/raw/qrdn/extracted Voted/test/1986.jpg,qrdn:qr_identity:66,voted,0.7636202573776245,tampered,0.2363797277212143,0.06744549423456192,0.6961747407913208,28.164600000309292
ml_training/datasets/structural/raw/qrdn/extracted Voted/test/1987.jpg,qrdn:qr_identity:66,voted,0.8052525520324707,tampered,0.1947474181652069,0.10518336296081543,0.7000692486763,35.552900000766385
ml_training/datasets/structural/raw/qrdn/extracted Voted/test/1988.jpg,qrdn:qr_identity:66,voted,0.7501463890075684,tampered,0.24985361099243164,0.08151499181985855,0.668631374835968,31.474299998080824
ml_training/datasets/structural/raw/qrdn/extracted Voted/test/1989.jpg,qrdn:qr_identity:66,voted,0.8286598324775696,tampered,0.17134016752243042,0.07909290492534637,0.7495669722557068,40.16279999996186
ml_training/datasets/structural/raw/qrdn/extracted Voted/test/1990.jpg,qrdn:qr_identity:66,voted,0.7474936246871948,tampered,0.2525063455104828,0.045958325266838074,0.7015354037284851,30.5341999992379
ml_training/datasets/structural/raw/qrdn/extracted Voted/test/1991.jpg,qrdn:qr_identity:66,voted,0.8953273296356201,tampered,0.10467267781496048,0.031779102981090546,0.8635482788085938,36.15410000202246
ml_training/datasets/structural/raw/qrdn/extracted Voted/test/1992.jpg,qrdn:qr_identity:66,voted,0.8253489136695862,tampered,0.17465108633041382,0.041356950998306274,0.7839919328689575,31.193000002531335
ml_training/datasets/structural/raw/qrdn/extracted Voted/test/1993.jpg,qrdn:qr_identity:66,voted,0.8197042942047119,tampered,0.18029573559761047,0.030407177284359932,0.7892970442771912,33.034199997928226
ml_training/datasets/structural/raw/qrdn/extracted Voted/test/1994.jpg,qrdn:qr_identity:66,voted,0.9504331350326538,tampered,0.04956689104437828,0.05676538869738579,0.8936677575111389,27.00149999873247
ml_training/datasets/structural/raw/qrdn/extracted Voted/test/1995.jpg,qrdn:qr_identity:66,voted,0.8592423796653748,tampered,0.14075762033462524,0.06243085488677025,0.7968114614486694,31.633499998861225
ml_training/datasets/structural/raw/qrdn/extracted Voted/test/1996.jpg,qrdn:qr_identity:66,voted,0.8667069673538208,tampered,0.1332930028438568,0.0757075771689415,0.7909994125366211,26.572200000373414
ml_training/datasets/structural/raw/qrdn/extracted Voted/test/1997.jpg,qrdn:qr_identity:66,voted,0.8638290762901306,tampered,0.13617093861103058,0.07161467522382736,0.7922143936157227,29.03879999939818
ml_training/datasets/structural/raw/qrdn/extracted Voted/test/1998.jpg,qrdn:qr_identity:66,voted,0.8238586187362671,tampered,0.17614136636257172,0.06311161071062088,0.7607470154762268,28.004799998598173
ml_training/datasets/structural/raw/qrdn/extracted Voted/test/1999.jpg,qrdn:qr_identity:66,voted,0.8700395226478577,tampered,0.12996046245098114,0.08630292117595673,0.7837367057800293,27.1586999988358
ml_training/datasets/structural/raw/qrdn/extracted Voted/test/2000.jpg,qrdn:qr_identity:66,voted,0.9197866916656494,tampered,0.08021329343318939,0.060172535479068756,0.8596141934394836,31.053099999553524
ml_training/datasets/structural/raw/qrdn/extracted Voted/test/2001.jpg,qrdn:qr_identity:66,voted,0.657417893409729,tampered,0.3425820767879486,0.1555177867412567,0.5019001364707947,28.35340000092401
ml_training/datasets/structural/raw/qrdn/extracted Voted/test/2002.jpg,qrdn:qr_identity:66,voted,0.3113502860069275,clean,0.6886497139930725,0.04914756864309311,0.26220276951789856,30.752099999517668
ml_training/datasets/structural/raw/qrdn/extracted Voted/test/2003.jpg,qrdn:qr_identity:66,voted,0.7313607931137085,tampered,0.2686392366886139,0.05528664216399193,0.6760741472244263,28.017000000545522
ml_training/datasets/structural/raw/qrdn/extracted Voted/test/2004.jpg,qrdn:qr_identity:66,voted,0.2940203547477722,clean,0.7059796452522278,0.0470237135887146,0.2469967156648636,28.224300000147196
ml_training/datasets/structural/raw/qrdn/extracted Voted/test/2005.jpg,qrdn:qr_identity:66,voted,0.4660084843635559,clean,0.5339915156364441,0.05241641029715538,0.41359207034111023,27.59449999939534
ml_training/datasets/structural/raw/qrdn/extracted Voted/test/2006.jpg,qrdn:qr_identity:66,voted,0.6192570328712463,tampered,0.38074296712875366,0.0833890363574028,0.5358679890632629,24.123400002281414
ml_training/datasets/structural/raw/qrdn/extracted Voted/test/2007.jpg,qrdn:qr_identity:66,voted,0.9355559945106506,tampered,0.06444401293992996,0.013543817214667797,0.922012209892273,30.26799999861396
ml_training/datasets/structural/raw/qrdn/extracted Voted/test/2008.jpg,qrdn:qr_identity:66,voted,0.14488977193832397,clean,0.855110228061676,0.059602510184049606,0.08528732508420944,26.560399997833883
ml_training/datasets/structural/raw/qrdn/extracted Voted/test/2009.jpg,qrdn:qr_identity:66,voted,0.9085468053817749,tampered,0.09145322442054749,0.02036324143409729,0.8881834745407104,29.195000002800953
ml_training/datasets/structural/raw/qrdn/extracted Voted/test/2010.jpg,qrdn:qr_identity:67,voted,0.9900603294372559,tampered,0.009939655661582947,0.0026332479901611805,0.9874271154403687,30.213500001991633
ml_training/datasets/structural/raw/qrdn/extracted Voted/test/2011.jpg,qrdn:qr_identity:67,voted,0.9194178581237793,tampered,0.0805821418762207,0.08136370033025742,0.8380541801452637,30.374999998457497
ml_training/datasets/structural/raw/qrdn/extracted Voted/test/2012.jpg,qrdn:qr_identity:67,voted,0.8391586542129517,tampered,0.16084137558937073,0.03872331976890564,0.8004352450370789,30.472600003122352
ml_training/datasets/structural/raw/qrdn/extracted Voted/test/2013.jpg,qrdn:qr_identity:67,voted,0.9592546224594116,tampered,0.04074537754058838,0.015264253132045269,0.9439903497695923,26.895899998635286
ml_training/datasets/structural/raw/qrdn/extracted Voted/test/2014.jpg,qrdn:qr_identity:67,voted,0.9724316596984863,tampered,0.027568314224481583,0.011538352817296982,0.9608932733535767,30.155199998262106
ml_training/datasets/structural/raw/qrdn/extracted Voted/test/2015.jpg,qrdn:qr_identity:67,voted,0.9817533493041992,tampered,0.01824665255844593,0.011004183441400528,0.9707491993904114,28.205399998114444
ml_training/datasets/structural/raw/qrdn/extracted Voted/test/2016.jpg,qrdn:qr_identity:67,voted,0.9642694592475891,tampered,0.03573056682944298,0.008323539048433304,0.9559459090232849,29.55149999979767
ml_training/datasets/structural/raw/qrdn/extracted Voted/test/2017.jpg,qrdn:qr_identity:67,voted,0.9844115376472473,tampered,0.01558846514672041,0.008763717487454414,0.9756478071212769,28.587000000698026
ml_training/datasets/structural/raw/qrdn/extracted Voted/test/2018.jpg,qrdn:qr_identity:67,voted,0.9506270885467529,tampered,0.04937291145324707,0.018831297755241394,0.9317957758903503,30.32780000285129
ml_training/datasets/structural/raw/qrdn/extracted Voted/test/2019.jpg,qrdn:qr_identity:67,voted,0.9241629838943481,tampered,0.07583702355623245,0.01622578129172325,0.907937228679657,28.582099999766797
ml_training/datasets/structural/raw/qrdn/extracted Voted/test/2020.jpg,qrdn:qr_identity:67,voted,0.8432257175445557,tampered,0.15677428245544434,0.048731617629528046,0.794494092464447,29.443699997500516
ml_training/datasets/structural/raw/qrdn/extracted Voted/test/2021.jpg,qrdn:qr_identity:67,voted,0.9829538464546204,tampered,0.01704615354537964,0.004572536796331406,0.9783812761306763,26.84389999922132
ml_training/datasets/structural/raw/qrdn/extracted Voted/test/2022.jpg,qrdn:qr_identity:67,voted,0.9329491853713989,tampered,0.06705082207918167,0.015964698046445847,0.916984498500824,25.899199998093536
ml_training/datasets/structural/raw/qrdn/extracted Voted/test/2023.jpg,qrdn:qr_identity:67,voted,0.8821324706077576,tampered,0.11786755174398422,0.030459729954600334,0.8516727089881897,30.442600000242237
ml_training/datasets/structural/raw/qrdn/extracted Voted/test/2024.jpg,qrdn:qr_identity:67,voted,0.8700545430183411,tampered,0.12994545698165894,0.12465125322341919,0.7454033493995667,27.649399999063462
ml_training/datasets/structural/raw/qrdn/extracted Voted/test/2025.jpg,qrdn:qr_identity:67,voted,0.931316077709198,tampered,0.0686839371919632,0.032104555517435074,0.8992114663124084,29.226300001027994
ml_training/datasets/structural/raw/qrdn/extracted Voted/test/2026.jpg,qrdn:qr_identity:67,voted,0.9697519540786743,tampered,0.030248044058680534,0.02468782290816307,0.9450641870498657,27.968499998678453
ml_training/datasets/structural/raw/qrdn/extracted Voted/test/2027.jpg,qrdn:qr_identity:67,voted,0.9689443111419678,tampered,0.03105568327009678,0.011148380115628242,0.9577959775924683,33.34090000134893
ml_training/datasets/structural/raw/qrdn/extracted Voted/test/2028.jpg,qrdn:qr_identity:67,voted,0.979315996170044,tampered,0.020684020593762398,0.015968438237905502,0.9633475542068481,31.696500001999084
ml_training/datasets/structural/raw/qrdn/extracted Voted/test/2029.jpg,qrdn:qr_identity:67,voted,0.8788943290710449,tampered,0.12110566347837448,0.024017512798309326,0.8548768162727356,27.5627999981225
ml_training/datasets/structural/raw/qrdn/extracted Voted/test/2030.jpg,qrdn:qr_identity:67,voted,0.9693737030029297,tampered,0.03062628209590912,0.021772893145680428,0.9476008415222168,26.971499999490334
ml_training/datasets/structural/raw/qrdn/extracted Voted/test/2031.jpg,qrdn:qr_identity:67,voted,0.4836968183517456,clean,0.5163031816482544,0.08007536083459854,0.40362149477005005,29.95069999815314
ml_training/datasets/structural/raw/qrdn/extracted Voted/test/2032.jpg,qrdn:qr_identity:67,voted,0.942713737487793,tampered,0.05728628486394882,0.012290489859879017,0.9304232001304626,34.83799999958137
ml_training/datasets/structural/raw/qrdn/extracted Voted/test/2033.jpg,qrdn:qr_identity:67,voted,0.9709568023681641,tampered,0.029043221846222878,0.007462257985025644,0.9634944796562195,27.466899999126326
ml_training/datasets/structural/raw/qrdn/extracted Voted/test/2034.jpg,qrdn:qr_identity:67,voted,0.9774299263954163,tampered,0.02257007174193859,0.00610772892832756,0.971322238445282,27.206300001125783
ml_training/datasets/structural/raw/qrdn/extracted Voted/test/2035.jpg,qrdn:qr_identity:67,voted,0.8777594566345215,tampered,0.12224055826663971,0.029887855052947998,0.8478716611862183,30.596100001275772
ml_training/datasets/structural/raw/qrdn/extracted Voted/test/2036.jpg,qrdn:qr_identity:67,voted,0.9810352921485901,tampered,0.01896471530199051,0.0075260186567902565,0.9735093116760254,31.258200000593206
ml_training/datasets/structural/raw/qrdn/extracted Voted/test/2037.jpg,qrdn:qr_identity:67,voted,0.5318419933319092,clean,0.46815797686576843,0.06792888045310974,0.4639131724834442,28.03640000274754
ml_training/datasets/structural/raw/qrdn/extracted Voted/test/2038.jpg,qrdn:qr_identity:67,voted,0.6738088130950928,tampered,0.3261912167072296,0.06621040403842926,0.6075983643531799,25.703999999677762
ml_training/datasets/structural/raw/qrdn/extracted Voted/test/2039.jpg,qrdn:qr_identity:67,voted,0.9816223382949829,tampered,0.018377672880887985,0.017459973692893982,0.9641623497009277,31.63750000021537
ml_training/datasets/structural/raw/qrdn/extracted Voted/test/2040.jpg,qrdn:qr_identity:68,voted,0.8471555709838867,tampered,0.15284444391727448,0.04111742600798607,0.8060381412506104,27.297000000544358
ml_training/datasets/structural/raw/qrdn/extracted Voted/test/2041.jpg,qrdn:qr_identity:68,voted,0.7811475992202759,tampered,0.21885241568088531,0.12376184016466141,0.6573857069015503,31.756899999891175
ml_training/datasets/structural/raw/qrdn/extracted Voted/test/2042.jpg,qrdn:qr_identity:68,voted,0.8198665380477905,tampered,0.18013343214988708,0.10946708917617798,0.7103994488716125,25.782900000194786
ml_training/datasets/structural/raw/qrdn/extracted Voted/test/2043.jpg,qrdn:qr_identity:68,voted,0.9007294774055481,tampered,0.09927051514387131,0.04180151969194412,0.8589279055595398,30.898200002411613
ml_training/datasets/structural/raw/qrdn/extracted Voted/test/2044.jpg,qrdn:qr_identity:68,voted,0.8103383779525757,tampered,0.18966162204742432,0.12184315919876099,0.6884952187538147,28.290599999309052
ml_training/datasets/structural/raw/qrdn/extracted Voted/test/2045.jpg,qrdn:qr_identity:68,voted,0.9031858444213867,tampered,0.09681413322687149,0.06245003268122673,0.8407357931137085,34.25310000238824
ml_training/datasets/structural/raw/qrdn/extracted Voted/test/2046.jpg,qrdn:qr_identity:68,voted,0.8802180886268616,tampered,0.11978190392255783,0.03223458677530289,0.8479834794998169,26.86629999880097
ml_training/datasets/structural/raw/qrdn/extracted Voted/test/2047.jpg,qrdn:qr_identity:68,voted,0.7510296106338501,tampered,0.2489704042673111,0.10296011716127396,0.648069441318512,29.15020000000368
ml_training/datasets/structural/raw/qrdn/extracted Voted/test/2048.jpg,qrdn:qr_identity:68,voted,0.7692532539367676,tampered,0.23074676096439362,0.06153479218482971,0.7077184319496155,29.162999999243766
ml_training/datasets/structural/raw/qrdn/extracted Voted/test/2049.jpg,qrdn:qr_identity:68,voted,0.8726435899734497,tampered,0.1273564249277115,0.08172434568405151,0.7909192442893982,25.039600001036888
ml_training/datasets/structural/raw/qrdn/extracted Voted/test/2050.jpg,qrdn:qr_identity:68,voted,0.8482285141944885,tampered,0.15177148580551147,0.06749643385410309,0.7807320356369019,27.953500000876375
ml_training/datasets/structural/raw/qrdn/extracted Voted/test/2051.jpg,qrdn:qr_identity:68,voted,0.9344801902770996,tampered,0.0655197873711586,0.03807787969708443,0.8964022994041443,27.999099998851307
ml_training/datasets/structural/raw/qrdn/extracted Voted/test/2052.jpg,qrdn:qr_identity:68,voted,0.6435966491699219,tampered,0.3564033806324005,0.07459232956171036,0.569004237651825,28.539100003399653
ml_training/datasets/structural/raw/qrdn/extracted Voted/test/2053.jpg,qrdn:qr_identity:68,voted,0.7842190265655518,tampered,0.21578097343444824,0.05021338537335396,0.7340056300163269,27.2772000025725
ml_training/datasets/structural/raw/qrdn/extracted Voted/test/2054.jpg,qrdn:qr_identity:68,voted,0.9530081748962402,tampered,0.04699183627963066,0.021596025675535202,0.9314121603965759,26.76850000352715
ml_training/datasets/structural/raw/qrdn/extracted Voted/test/2055.jpg,qrdn:qr_identity:68,voted,0.7699352502822876,tampered,0.23006471991539001,0.07935173064470291,0.6905835270881653,31.580400001985254
ml_training/datasets/structural/raw/qrdn/extracted Voted/test/2056.jpg,qrdn:qr_identity:68,voted,0.9302518963813782,tampered,0.06974808126688004,0.046407826244831085,0.8838441371917725,25.67550000094343
ml_training/datasets/structural/raw/qrdn/extracted Voted/test/2057.jpg,qrdn:qr_identity:68,voted,0.8913272023200989,tampered,0.10867278277873993,0.08045666664838791,0.8108705282211304,30.198199998267228
ml_training/datasets/structural/raw/qrdn/extracted Voted/test/2058.jpg,qrdn:qr_identity:68,voted,0.9678705930709839,tampered,0.032129425555467606,0.011725330725312233,0.9561452269554138,29.076099999656435
ml_training/datasets/structural/raw/qrdn/extracted Voted/test/2059.jpg,qrdn:qr_identity:68,voted,0.9610254764556885,tampered,0.03897453472018242,0.026987554505467415,0.934037983417511,33.03009999945061
ml_training/datasets/structural/raw/qrdn/extracted Voted/test/2060.jpg,qrdn:qr_identity:68,voted,0.9410954117774963,tampered,0.05890461057424545,0.028250878676772118,0.9128444790840149,28.56630000314908
ml_training/datasets/structural/raw/qrdn/extracted Voted/test/2061.jpg,qrdn:qr_identity:68,voted,0.7688428163528442,tampered,0.23115715384483337,0.054268836975097656,0.7145740389823914,31.84319999854779
ml_training/datasets/structural/raw/qrdn/extracted Voted/test/2062.jpg,qrdn:qr_identity:68,voted,0.9156649112701416,tampered,0.084335096180439,0.03573637455701828,0.879928469657898,30.797100000199862
ml_training/datasets/structural/raw/qrdn/extracted Voted/test/2063.jpg,qrdn:qr_identity:68,voted,0.8074846267700195,tampered,0.19251535832881927,0.04687190428376198,0.7606127858161926,29.849700000340817
ml_training/datasets/structural/raw/qrdn/extracted Voted/test/2064.jpg,qrdn:qr_identity:68,voted,0.3332734704017639,clean,0.6667265295982361,0.11352651566267014,0.2197468876838684,29.893999999330845
ml_training/datasets/structural/raw/qrdn/extracted Voted/test/2065.jpg,qrdn:qr_identity:68,voted,0.7908086180686951,tampered,0.20919136703014374,0.04778479039669037,0.7430238127708435,28.86410000064643
ml_training/datasets/structural/raw/qrdn/extracted Voted/test/2066.jpg,qrdn:qr_identity:68,voted,0.7263145446777344,tampered,0.2736854553222656,0.07189849764108658,0.6544160842895508,35.652099999424536
ml_training/datasets/structural/raw/qrdn/extracted Voted/test/2067.jpg,qrdn:qr_identity:68,voted,0.9694786071777344,tampered,0.030521396547555923,0.010977879166603088,0.9585007429122925,27.256999997916864
ml_training/datasets/structural/raw/qrdn/extracted Voted/test/2068.jpg,qrdn:qr_identity:68,voted,0.6091950535774231,tampered,0.3908049464225769,0.06655202060937881,0.5426430106163025,30.570600003557047
ml_training/datasets/structural/raw/qrdn/extracted Voted/test/2069.jpg,qrdn:qr_identity:68,voted,0.8114840388298035,tampered,0.18851596117019653,0.02354007586836815,0.7879440188407898,28.51089999967371
ml_training/datasets/structural/raw/qrdn/extracted Voted/test/2070.jpg,qrdn:qr_identity:69,voted,0.4426378011703491,clean,0.5573621988296509,0.07863956689834595,0.3639982044696808,28.045600000041304
ml_training/datasets/structural/raw/qrdn/extracted Voted/test/2071.jpg,qrdn:qr_identity:69,voted,0.8865084648132324,tampered,0.11349151283502579,0.06334760040044785,0.8231608867645264,30.18540000266512
ml_training/datasets/structural/raw/qrdn/extracted Voted/test/2072.jpg,qrdn:qr_identity:69,voted,0.7496457695960999,tampered,0.25035423040390015,0.0778050497174263,0.6718407273292542,27.28249999927357
ml_training/datasets/structural/raw/qrdn/extracted Voted/test/2073.jpg,qrdn:qr_identity:69,voted,0.7891017198562622,tampered,0.2108982801437378,0.06944166123867035,0.7196600437164307,28.7601000018185
ml_training/datasets/structural/raw/qrdn/extracted Voted/test/2074.jpg,qrdn:qr_identity:69,voted,0.8103742599487305,tampered,0.18962575495243073,0.06986672431230545,0.7405075430870056,26.792299999215174
ml_training/datasets/structural/raw/qrdn/extracted Voted/test/2075.jpg,qrdn:qr_identity:69,voted,0.8332520723342896,tampered,0.16674789786338806,0.09122539311647415,0.742026686668396,30.62389999831794
ml_training/datasets/structural/raw/qrdn/extracted Voted/test/2076.jpg,qrdn:qr_identity:69,voted,0.543213963508606,tampered,0.45678606629371643,0.037849850952625275,0.5053640604019165,25.55729999949108
ml_training/datasets/structural/raw/qrdn/extracted Voted/test/2077.jpg,qrdn:qr_identity:69,voted,0.7939597368240356,tampered,0.20604029297828674,0.13981260359287262,0.6541471481323242,29.022800001257565
ml_training/datasets/structural/raw/qrdn/extracted Voted/test/2078.jpg,qrdn:qr_identity:69,voted,0.5184752941131592,clean,0.4815247058868408,0.07431408017873764,0.44416123628616333,27.94740000172169
ml_training/datasets/structural/raw/qrdn/extracted Voted/test/2079.jpg,qrdn:qr_identity:69,voted,0.8244956731796265,tampered,0.17550434172153473,0.09989235550165176,0.7246032953262329,27.62069999880623
ml_training/datasets/structural/raw/qrdn/extracted Voted/test/2080.jpg,qrdn:qr_identity:69,voted,0.7507977485656738,tampered,0.24920226633548737,0.0671154111623764,0.6836823225021362,31.046000000060303
ml_training/datasets/structural/raw/qrdn/extracted Voted/test/2081.jpg,qrdn:qr_identity:69,voted,0.7400432825088501,tampered,0.2599566876888275,0.07398692518472672,0.6660563945770264,25.520099999994272
ml_training/datasets/structural/raw/qrdn/extracted Voted/test/2082.jpg,qrdn:qr_identity:69,voted,0.7818203568458557,tampered,0.2181796282529831,0.044632744044065475,0.7371876835823059,32.56169999804115
ml_training/datasets/structural/raw/qrdn/extracted Voted/test/2083.jpg,qrdn:qr_identity:69,voted,0.46337562799453735,clean,0.5366243720054626,0.05104793235659599,0.41232770681381226,30.137699999613687
ml_training/datasets/structural/raw/qrdn/extracted Voted/test/2084.jpg,qrdn:qr_identity:69,voted,0.9812906980514526,tampered,0.018709329888224602,0.03457779064774513,0.9467129111289978,29.054700000415323
ml_training/datasets/structural/raw/qrdn/extracted Voted/test/2085.jpg,qrdn:qr_identity:69,voted,0.7738057374954224,tampered,0.22619429230690002,0.1012411117553711,0.6725645661354065,27.86470000137342
ml_training/datasets/structural/raw/qrdn/extracted Voted/test/2086.jpg,qrdn:qr_identity:69,voted,0.8059830665588379,tampered,0.19401690363883972,0.11461517959833145,0.6913679242134094,30.12509999825852
ml_training/datasets/structural/raw/qrdn/extracted Voted/test/2087.jpg,qrdn:qr_identity:69,voted,0.8814998269081116,tampered,0.11850015819072723,0.02569621615111828,0.8558036684989929,30.54139999949257
ml_training/datasets/structural/raw/qrdn/extracted Voted/test/2088.jpg,qrdn:qr_identity:69,voted,0.9601143002510071,tampered,0.03988570347428322,0.010138693265616894,0.9499756693840027,28.250800001842435
ml_training/datasets/structural/raw/qrdn/extracted Voted/test/2089.jpg,qrdn:qr_identity:69,voted,0.8413584232330322,tampered,0.15864154696464539,0.09930136799812317,0.7420570850372314,35.744200002227444
ml_training/datasets/structural/raw/qrdn/extracted Voted/test/2090.jpg,qrdn:qr_identity:69,voted,0.9783739447593689,tampered,0.02162606455385685,0.0321236178278923,0.9462502598762512,32.64860000126646
ml_training/datasets/structural/raw/qrdn/extracted Voted/test/2091.jpg,qrdn:qr_identity:69,voted,0.4652388095855713,clean,0.5347611904144287,0.08595570176839828,0.37928318977355957,35.673900001711445
ml_training/datasets/structural/raw/qrdn/extracted Voted/test/2092.jpg,qrdn:qr_identity:69,voted,0.30531036853790283,clean,0.6946896314620972,0.06036287546157837,0.2449474334716797,26.81010000014794
ml_training/datasets/structural/raw/qrdn/extracted Voted/test/2093.jpg,qrdn:qr_identity:69,voted,0.5222582817077637,clean,0.47774168848991394,0.1156560629606247,0.40660223364830017,30.253900000388967
ml_training/datasets/structural/raw/qrdn/extracted Voted/test/2094.jpg,qrdn:qr_identity:69,voted,0.600980281829834,tampered,0.39901968836784363,0.06168564036488533,0.5392946600914001,25.35609999904409
ml_training/datasets/structural/raw/qrdn/extracted Voted/test/2095.jpg,qrdn:qr_identity:69,voted,0.7195308804512024,tampered,0.2804691195487976,0.043798644095659256,0.6757321953773499,26.73759999743197
ml_training/datasets/structural/raw/qrdn/extracted Voted/test/2096.jpg,qrdn:qr_identity:69,voted,0.5981521606445312,tampered,0.40184786915779114,0.05152956396341324,0.5466225743293762,28.9636999987124
ml_training/datasets/structural/raw/qrdn/extracted Voted/test/2097.jpg,qrdn:qr_identity:69,voted,0.9554702043533325,tampered,0.04452982172369957,0.006328845862299204,0.9491413235664368,30.232299999624956
ml_training/datasets/structural/raw/qrdn/extracted Voted/test/2098.jpg,qrdn:qr_identity:69,voted,0.8500018119812012,tampered,0.14999815821647644,0.034404441714286804,0.815597414970398,31.623300001228927
ml_training/datasets/structural/raw/qrdn/extracted Voted/test/2099.jpg,qrdn:qr_identity:69,voted,0.8697115182876587,tampered,0.1302884817123413,0.02983231283724308,0.8398792147636414,26.975400000083027
ml_training/datasets/structural/raw/qrdn/extracted Voted/test/2100.jpg,qrdn:qr_identity:70,voted,0.6983705759048462,tampered,0.3016293942928314,0.08493605256080627,0.6134345531463623,35.24879999895347
ml_training/datasets/structural/raw/qrdn/extracted Voted/test/2101.jpg,qrdn:qr_identity:70,voted,0.9014613628387451,tampered,0.09853866696357727,0.037348423153162,0.8641129732131958,28.081299999030307
ml_training/datasets/structural/raw/qrdn/extracted Voted/test/2102.jpg,qrdn:qr_identity:70,voted,0.9034436345100403,tampered,0.09655638784170151,0.04243868961930275,0.8610048890113831,30.436600001849
ml_training/datasets/structural/raw/qrdn/extracted Voted/test/2103.jpg,qrdn:qr_identity:70,voted,0.853132963180542,tampered,0.1468670517206192,0.05839451029896736,0.7947384119033813,28.659799998422386
ml_training/datasets/structural/raw/qrdn/extracted Voted/test/2104.jpg,qrdn:qr_identity:70,voted,0.6461887359619141,tampered,0.35381126403808594,0.05301041528582573,0.5931783318519592,28.446500000427477
ml_training/datasets/structural/raw/qrdn/extracted Voted/test/2105.jpg,qrdn:qr_identity:70,voted,0.8170481324195862,tampered,0.18295185267925262,0.06473191827535629,0.7523162364959717,27.51910000006319
ml_training/datasets/structural/raw/qrdn/extracted Voted/test/2106.jpg,qrdn:qr_identity:70,voted,0.8973386287689209,tampered,0.10266139358282089,0.016800474375486374,0.8805380463600159,26.92380000007688
ml_training/datasets/structural/raw/qrdn/extracted Voted/test/2107.jpg,qrdn:qr_identity:70,voted,0.9452188014984131,tampered,0.054781220853328705,0.02398044615983963,0.9212383031845093,29.762599999230588
ml_training/datasets/structural/raw/qrdn/extracted Voted/test/2108.jpg,qrdn:qr_identity:70,voted,0.8832305073738098,tampered,0.11676950007677078,0.05152251571416855,0.8317079544067383,25.25450000030105
ml_training/datasets/structural/raw/qrdn/extracted Voted/test/2109.jpg,qrdn:qr_identity:70,voted,0.8616822361946106,tampered,0.1383177638053894,0.05237814784049988,0.8093040585517883,29.61929999946733
ml_training/datasets/structural/raw/qrdn/extracted Voted/test/2110.jpg,qrdn:qr_identity:70,voted,0.4797555208206177,clean,0.5202444791793823,0.09057173877954483,0.38918381929397583,27.009400000679307
ml_training/datasets/structural/raw/qrdn/extracted Voted/test/2111.jpg,qrdn:qr_identity:70,voted,0.9424867630004883,tampered,0.057513218373060226,0.020187683403491974,0.9222990870475769,27.46570000090287
ml_training/datasets/structural/raw/qrdn/extracted Voted/test/2112.jpg,qrdn:qr_identity:70,voted,0.6817731857299805,tampered,0.3182268440723419,0.04464222118258476,0.6371309161186218,28.381000000081258
ml_training/datasets/structural/raw/qrdn/extracted Voted/test/2113.jpg,qrdn:qr_identity:70,voted,0.4191235303878784,clean,0.5808764696121216,0.09152081608772278,0.32760268449783325,24.329299998498755
ml_training/datasets/structural/raw/qrdn/extracted Voted/test/2114.jpg,qrdn:qr_identity:70,voted,0.7669183015823364,tampered,0.23308169841766357,0.17995259165763855,0.5869657397270203,31.079100001079496
ml_training/datasets/structural/raw/qrdn/extracted Voted/test/2115.jpg,qrdn:qr_identity:70,voted,0.9331280589103699,tampered,0.06687196344137192,0.037135787308216095,0.8959922194480896,25.449200002185535
ml_training/datasets/structural/raw/qrdn/extracted Voted/test/2116.jpg,qrdn:qr_identity:70,voted,0.9320877194404602,tampered,0.0679122731089592,0.03137774020433426,0.9007099270820618,27.19200000137789
ml_training/datasets/structural/raw/qrdn/extracted Voted/test/2117.jpg,qrdn:qr_identity:70,voted,0.9887483716011047,tampered,0.011251657269895077,0.005258800927549601,0.9834895133972168,29.543100001319544
ml_training/datasets/structural/raw/qrdn/extracted Voted/test/2118.jpg,qrdn:qr_identity:70,voted,0.9202378392219543,tampered,0.07976218312978745,0.028944971039891243,0.8912928700447083,27.353599998605205
ml_training/datasets/structural/raw/qrdn/extracted Voted/test/2119.jpg,qrdn:qr_identity:70,voted,0.8648672699928284,tampered,0.13513274490833282,0.07230257987976074,0.7925646901130676,27.692899999237852
ml_training/datasets/structural/raw/qrdn/extracted Voted/test/2120.jpg,qrdn:qr_identity:70,voted,0.818166971206665,tampered,0.18183304369449615,0.07296650856733322,0.7452004551887512,27.33529999750317
ml_training/datasets/structural/raw/qrdn/extracted Voted/test/2121.jpg,qrdn:qr_identity:70,voted,0.9003968834877014,tampered,0.09960310161113739,0.03494419530034065,0.8654527068138123,30.992299998615636
ml_training/datasets/structural/raw/qrdn/extracted Voted/test/2122.jpg,qrdn:qr_identity:70,voted,0.8259978890419006,tampered,0.17400211095809937,0.0586036778986454,0.7673942446708679,26.99130000110017
ml_training/datasets/structural/raw/qrdn/extracted Voted/test/2123.jpg,qrdn:qr_identity:70,voted,0.7951682806015015,tampered,0.20483168959617615,0.07278642803430557,0.7223818898200989,28.529800001706462
ml_training/datasets/structural/raw/qrdn/extracted Voted/test/2124.jpg,qrdn:qr_identity:70,voted,0.994342565536499,tampered,0.005657461937516928,0.002249490236863494,0.992093026638031,27.74880000288249
ml_training/datasets/structural/raw/qrdn/extracted Voted/test/2125.jpg,qrdn:qr_identity:70,voted,0.9422876834869385,tampered,0.057712286710739136,0.016688430681824684,0.9255992770195007,28.09530000013183
ml_training/datasets/structural/raw/qrdn/extracted Voted/test/2126.jpg,qrdn:qr_identity:70,voted,0.9250162839889526,tampered,0.07498368620872498,0.031354449689388275,0.8936618566513062,30.428899997787084
ml_training/datasets/structural/raw/qrdn/extracted Voted/test/2127.jpg,qrdn:qr_identity:70,voted,0.9035535454750061,tampered,0.0964464321732521,0.02467404492199421,0.8788795471191406,26.992800001607975
ml_training/datasets/structural/raw/qrdn/extracted Voted/test/2128.jpg,qrdn:qr_identity:70,voted,0.19452142715454102,clean,0.805478572845459,0.0993761345744133,0.09514527767896652,35.93610000098124
ml_training/datasets/structural/raw/qrdn/extracted Voted/test/2129.jpg,qrdn:qr_identity:70,voted,0.6445931196212769,tampered,0.35540685057640076,0.040799472481012344,0.6037936806678772,30.446199998550583
ml_training/datasets/structural/raw/qrdn/extracted Voted/test/2130.jpg,qrdn:qr_identity:71,voted,0.9399462938308716,tampered,0.06005371734499931,0.01992008648812771,0.9200261235237122,28.346099999907892
ml_training/datasets/structural/raw/qrdn/extracted Voted/test/2131.jpg,qrdn:qr_identity:71,voted,0.7806886434555054,tampered,0.21931138634681702,0.055028144270181656,0.7256604433059692,25.448899999901187
ml_training/datasets/structural/raw/qrdn/extracted Voted/test/2132.jpg,qrdn:qr_identity:71,voted,0.9413099884986877,tampered,0.05869000405073166,0.015197265893220901,0.9261127710342407,28.053099998942344
ml_training/datasets/structural/raw/qrdn/extracted Voted/test/2133.jpg,qrdn:qr_identity:71,voted,0.9054862856864929,tampered,0.09451372176408768,0.02828218974173069,0.8772041201591492,29.260300001624273
ml_training/datasets/structural/raw/qrdn/extracted Voted/test/2134.jpg,qrdn:qr_identity:71,voted,0.8576117753982544,tampered,0.1423882097005844,0.02180980145931244,0.8358020186424255,28.340099997876678
ml_training/datasets/structural/raw/qrdn/extracted Voted/test/2135.jpg,qrdn:qr_identity:71,voted,0.9552997350692749,tampered,0.04470023885369301,0.025787582620978355,0.9295122027397156,33.56960000019171
ml_training/datasets/structural/raw/qrdn/extracted Voted/test/2136.jpg,qrdn:qr_identity:71,voted,0.9641432166099548,tampered,0.035856761038303375,0.01194597315043211,0.9521971940994263,30.27749999819207
ml_training/datasets/structural/raw/qrdn/extracted Voted/test/2137.jpg,qrdn:qr_identity:71,voted,0.9803957343101501,tampered,0.019604260101914406,0.005725779104977846,0.9746699333190918,31.139799997617956
ml_training/datasets/structural/raw/qrdn/extracted Voted/test/2138.jpg,qrdn:qr_identity:71,voted,0.943402886390686,tampered,0.05659711733460426,0.026426710188388824,0.9169761538505554,41.101099999650614
ml_training/datasets/structural/raw/qrdn/extracted Voted/test/2139.jpg,qrdn:qr_identity:71,voted,0.897161602973938,tampered,0.1028384268283844,0.02253754809498787,0.8746240139007568,48.729699999967124
ml_training/datasets/structural/raw/qrdn/extracted Voted/test/2140.jpg,qrdn:qr_identity:71,voted,0.6610751152038574,tampered,0.33892491459846497,0.06105242297053337,0.6000226736068726,41.98560000077123
ml_training/datasets/structural/raw/qrdn/extracted Voted/test/2141.jpg,qrdn:qr_identity:71,voted,0.8052210807800293,tampered,0.1947789341211319,0.03408994898200035,0.7711310982704163,56.56469999667024
ml_training/datasets/structural/raw/qrdn/extracted Voted/test/2142.jpg,qrdn:qr_identity:71,voted,0.6571991443634033,tampered,0.34280088543891907,0.06883353739976883,0.5883655548095703,46.50060000130907
ml_training/datasets/structural/raw/qrdn/extracted Voted/test/2143.jpg,qrdn:qr_identity:71,voted,0.9669524431228638,tampered,0.03304757550358772,0.007042111363261938,0.9599102735519409,37.21589999986463
ml_training/datasets/structural/raw/qrdn/extracted Voted/test/2144.jpg,qrdn:qr_identity:71,voted,0.9589784741401672,tampered,0.04102151840925217,0.017811670899391174,0.941166877746582,32.09489999790094
ml_training/datasets/structural/raw/qrdn/extracted Voted/test/2145.jpg,qrdn:qr_identity:71,voted,0.7877025008201599,tampered,0.21229751408100128,0.04228349030017853,0.7454190254211426,35.11559999969904
ml_training/datasets/structural/raw/qrdn/extracted Voted/test/2146.jpg,qrdn:qr_identity:71,voted,0.9806295037269592,tampered,0.019370481371879578,0.0072519355453550816,0.9733775854110718,32.16249999968568
ml_training/datasets/structural/raw/qrdn/extracted Voted/test/2147.jpg,qrdn:qr_identity:71,voted,0.9389222860336304,tampered,0.06107771024107933,0.014802626334130764,0.9241197109222412,34.195800002635224
ml_training/datasets/structural/raw/qrdn/extracted Voted/test/2148.jpg,qrdn:qr_identity:71,voted,0.8819832801818848,tampered,0.11801671981811523,0.08369918167591095,0.798284113407135,31.10490000108257
ml_training/datasets/structural/raw/qrdn/extracted Voted/test/2149.jpg,qrdn:qr_identity:71,voted,0.8359277248382568,tampered,0.16407224535942078,0.03739580512046814,0.7985318899154663,32.75790000043344
ml_training/datasets/structural/raw/qrdn/extracted Voted/test/2150.jpg,qrdn:qr_identity:71,voted,0.9169917106628418,tampered,0.0830083116889,0.02486938051879406,0.8921222686767578,31.120999999984633
ml_training/datasets/structural/raw/qrdn/extracted Voted/test/2151.jpg,qrdn:qr_identity:71,voted,0.7828369140625,tampered,0.2171631008386612,0.03799816593527794,0.7448387742042542,39.53140000157873
ml_training/datasets/structural/raw/qrdn/extracted Voted/test/2152.jpg,qrdn:qr_identity:71,voted,0.6011736392974854,tampered,0.39882633090019226,0.031752992421388626,0.5694206953048706,28.899000000819797
ml_training/datasets/structural/raw/qrdn/extracted Voted/test/2153.jpg,qrdn:qr_identity:71,voted,0.9242300391197205,tampered,0.07576997578144073,0.021609099581837654,0.9026209712028503,41.12460000033025
ml_training/datasets/structural/raw/qrdn/extracted Voted/test/2154.jpg,qrdn:qr_identity:71,voted,0.43538177013397217,clean,0.5646182298660278,0.10036644339561462,0.33501526713371277,37.29129999919678
ml_training/datasets/structural/raw/qrdn/extracted Voted/test/2155.jpg,qrdn:qr_identity:71,voted,0.9638335108757019,tampered,0.036166466772556305,0.01042990479618311,0.953403651714325,58.63390000013169
ml_training/datasets/structural/raw/qrdn/extracted Voted/test/2156.jpg,qrdn:qr_identity:71,voted,0.9246986508369446,tampered,0.07530134171247482,0.03161824494600296,0.8930804133415222,37.92479999901843
ml_training/datasets/structural/raw/qrdn/extracted Voted/test/2157.jpg,qrdn:qr_identity:71,voted,0.9802073240280151,tampered,0.019792672246694565,0.009326999075710773,0.9708803296089172,31.926100000418955
ml_training/datasets/structural/raw/qrdn/extracted Voted/test/2158.jpg,qrdn:qr_identity:71,voted,0.5001848340034485,clean,0.4998151659965515,0.08146786689758301,0.41871699690818787,34.54319999946165
ml_training/datasets/structural/raw/qrdn/extracted Voted/test/2159.jpg,qrdn:qr_identity:71,voted,0.9513452053070068,tampered,0.048654768615961075,0.012549879029393196,0.9387953877449036,80.3992000001017
ml_training/datasets/structural/raw/qrdn/extracted Voted/test/2160.jpg,qrdn:qr_identity:72,voted,0.6617879867553711,tampered,0.3382120132446289,0.09517216682434082,0.5666158199310303,62.69330000213813
ml_training/datasets/structural/raw/qrdn/extracted Voted/test/2161.jpg,qrdn:qr_identity:72,voted,0.9143927693367004,tampered,0.08560723811388016,0.049805112183094025,0.864587664604187,59.288699998433
ml_training/datasets/structural/raw/qrdn/extracted Voted/test/2162.jpg,qrdn:qr_identity:72,voted,0.9077622294425964,tampered,0.09223776310682297,0.038962721824645996,0.8687995672225952,64.59390000236453
ml_training/datasets/structural/raw/qrdn/extracted Voted/test/2163.jpg,qrdn:qr_identity:72,voted,0.8537697792053223,tampered,0.14623023569583893,0.09813236445188522,0.7556374073028564,78.15589999881922
ml_training/datasets/structural/raw/qrdn/extracted Voted/test/2164.jpg,qrdn:qr_identity:72,voted,0.9158251881599426,tampered,0.08417479693889618,0.024721112102270126,0.8911041021347046,49.933800000872
ml_training/datasets/structural/raw/qrdn/extracted Voted/test/2165.jpg,qrdn:qr_identity:72,voted,0.9357106685638428,tampered,0.06428933143615723,0.04020172357559204,0.895508885383606,56.200800001533935
ml_training/datasets/structural/raw/qrdn/extracted Voted/test/2166.jpg,qrdn:qr_identity:72,voted,0.9665333032608032,tampered,0.03346667438745499,0.01543557271361351,0.9510977268218994,65.94660000337171
ml_training/datasets/structural/raw/qrdn/extracted Voted/test/2167.jpg,qrdn:qr_identity:72,voted,0.8472040891647339,tampered,0.15279589593410492,0.08697677403688431,0.7602273225784302,44.05350000160979
ml_training/datasets/structural/raw/qrdn/extracted Voted/test/2168.jpg,qrdn:qr_identity:72,voted,0.860857367515564,tampered,0.13914263248443604,0.047546129673719406,0.8133112192153931,42.65749999831314
ml_training/datasets/structural/raw/qrdn/extracted Voted/test/2169.jpg,qrdn:qr_identity:72,voted,0.7238932847976685,tampered,0.27610671520233154,0.10367211699485779,0.6202211976051331,42.02880000229925
ml_training/datasets/structural/raw/qrdn/extracted Voted/test/2170.jpg,qrdn:qr_identity:72,voted,0.5465668439865112,clean,0.45343318581581116,0.09699075669050217,0.44957610964775085,41.485499998088926
ml_training/datasets/structural/raw/qrdn/extracted Voted/test/2171.jpg,qrdn:qr_identity:72,voted,0.904991626739502,tampered,0.09500835090875626,0.03611374273896217,0.8688779473304749,51.80049999762559
ml_training/datasets/structural/raw/qrdn/extracted Voted/test/2172.jpg,qrdn:qr_identity:72,voted,0.9746688604354858,tampered,0.02533111535012722,0.0148524921387434,0.9598163962364197,49.50970000209054
ml_training/datasets/structural/raw/qrdn/extracted Voted/test/2173.jpg,qrdn:qr_identity:72,voted,0.9376230239868164,tampered,0.062376998364925385,0.016969865188002586,0.9206531047821045,44.10179999831598
ml_training/datasets/structural/raw/qrdn/extracted Voted/test/2174.jpg,qrdn:qr_identity:72,voted,0.9788693785667419,tampered,0.021130600944161415,0.015181630849838257,0.9636877775192261,45.572499999252614
ml_training/datasets/structural/raw/qrdn/extracted Voted/test/2175.jpg,qrdn:qr_identity:72,voted,0.7855275869369507,tampered,0.21447238326072693,0.0773770660161972,0.7081505060195923,52.656299998488976
ml_training/datasets/structural/raw/qrdn/extracted Voted/test/2176.jpg,qrdn:qr_identity:72,voted,0.9463277459144592,tampered,0.05367226153612137,0.022943202406167984,0.9233845472335815,58.8315999993938
ml_training/datasets/structural/raw/qrdn/extracted Voted/test/2177.jpg,qrdn:qr_identity:72,voted,0.9700547456741333,tampered,0.029945237562060356,0.011890125460922718,0.958164632320404,42.1295000014652
ml_training/datasets/structural/raw/qrdn/extracted Voted/test/2178.jpg,qrdn:qr_identity:72,voted,0.9675500988960266,tampered,0.03244990482926369,0.011027734726667404,0.9565223455429077,45.72019999977783
ml_training/datasets/structural/raw/qrdn/extracted Voted/test/2179.jpg,qrdn:qr_identity:72,voted,0.9191010594367981,tampered,0.08089891821146011,0.04060567170381546,0.878495454788208,44.35229999944568
ml_training/datasets/structural/raw/qrdn/extracted Voted/test/2180.jpg,qrdn:qr_identity:72,voted,0.8546112775802612,tampered,0.14538869261741638,0.07775663584470749,0.7768546938896179,40.46530000050552
ml_training/datasets/structural/raw/qrdn/extracted Voted/test/2181.jpg,qrdn:qr_identity:72,voted,0.8184980750083923,tampered,0.18150193989276886,0.046423766762018204,0.772074282169342,57.42679999821121
ml_training/datasets/structural/raw/qrdn/extracted Voted/test/2182.jpg,qrdn:qr_identity:72,voted,0.87888103723526,tampered,0.1211189404129982,0.052267055958509445,0.8266140222549438,47.376500002428656
ml_training/datasets/structural/raw/qrdn/extracted Voted/test/2183.jpg,qrdn:qr_identity:72,voted,0.8121174573898315,tampered,0.18788257241249084,0.07781914621591568,0.7342982888221741,39.28989999985788
ml_training/datasets/structural/raw/qrdn/extracted Voted/test/2184.jpg,qrdn:qr_identity:72,voted,0.8553488254547119,tampered,0.14465120434761047,0.03524758294224739,0.8201012015342712,34.08330000092974
ml_training/datasets/structural/raw/qrdn/extracted Voted/test/2185.jpg,qrdn:qr_identity:72,voted,0.8977740406990051,tampered,0.10222598165273666,0.022800909355282784,0.8749731183052063,34.10589999839431
ml_training/datasets/structural/raw/qrdn/extracted Voted/test/2186.jpg,qrdn:qr_identity:72,voted,0.9104501008987427,tampered,0.08954988420009613,0.024705462157726288,0.8857446908950806,33.70640000139247
ml_training/datasets/structural/raw/qrdn/extracted Voted/test/2187.jpg,qrdn:qr_identity:72,voted,0.7979825139045715,tampered,0.20201747119426727,0.0556783452630043,0.7423041462898254,31.006299999717157
ml_training/datasets/structural/raw/qrdn/extracted Voted/test/2188.jpg,qrdn:qr_identity:72,voted,0.8897943496704102,tampered,0.11020565778017044,0.023247327655553818,0.8665469884872437,31.791000001248904
ml_training/datasets/structural/raw/qrdn/extracted Voted/test/2189.jpg,qrdn:qr_identity:72,voted,0.9026696681976318,tampered,0.09733033925294876,0.05240785330533981,0.8502618074417114,31.921599998895545
ml_training/datasets/structural/raw/qrdn/extracted Voted/test/2190.jpg,qrdn:qr_identity:73,voted,0.9373395442962646,tampered,0.06266048550605774,0.026345983147621155,0.9109935164451599,33.745599997928366
ml_training/datasets/structural/raw/qrdn/extracted Voted/test/2191.jpg,qrdn:qr_identity:73,voted,0.8791753053665161,tampered,0.12082468718290329,0.05687744542956352,0.8222979307174683,30.85569999893778
ml_training/datasets/structural/raw/qrdn/extracted Voted/test/2192.jpg,qrdn:qr_identity:73,voted,0.8960989117622375,tampered,0.10390110313892365,0.02240522764623165,0.8736936450004578,34.171200000855606
ml_training/datasets/structural/raw/qrdn/extracted Voted/test/2193.jpg,qrdn:qr_identity:73,voted,0.640785276889801,tampered,0.359214723110199,0.08444423228502274,0.5563410520553589,31.291700001020217
ml_training/datasets/structural/raw/qrdn/extracted Voted/test/2194.jpg,qrdn:qr_identity:73,voted,0.7481807470321655,tampered,0.25181928277015686,0.043517325073480606,0.7046634554862976,32.879000002139946
ml_training/datasets/structural/raw/qrdn/extracted Voted/test/2195.jpg,qrdn:qr_identity:73,voted,0.9557831883430481,tampered,0.044216785579919815,0.02470916137099266,0.9310740232467651,31.944900001690257
ml_training/datasets/structural/raw/qrdn/extracted Voted/test/2196.jpg,qrdn:qr_identity:73,voted,0.8530722856521606,tampered,0.14692769944667816,0.03595167398452759,0.8171206712722778,33.196799999132054
ml_training/datasets/structural/raw/qrdn/extracted Voted/test/2197.jpg,qrdn:qr_identity:73,voted,0.8732689023017883,tampered,0.12673111259937286,0.09794225543737411,0.775326669216156,31.289799997466616
ml_training/datasets/structural/raw/qrdn/extracted Voted/test/2198.jpg,qrdn:qr_identity:73,voted,0.9047735333442688,tampered,0.0952264741063118,0.030063441023230553,0.8747100830078125,37.665500000002794
ml_training/datasets/structural/raw/qrdn/extracted Voted/test/2199.jpg,qrdn:qr_identity:73,voted,0.9839281439781189,tampered,0.016071870923042297,0.0033374340273439884,0.9805906414985657,36.080300000321586
ml_training/datasets/structural/raw/qrdn/extracted Voted/test/2200.jpg,qrdn:qr_identity:73,voted,0.8469057083129883,tampered,0.1530943065881729,0.06656668335199356,0.7803389430046082,34.91370000119787
ml_training/datasets/structural/raw/qrdn/extracted Voted/test/2201.jpg,qrdn:qr_identity:73,voted,0.7909227609634399,tampered,0.20907720923423767,0.05032499507069588,0.7405977845191956,35.10939999978291
ml_training/datasets/structural/raw/qrdn/extracted Voted/test/2202.jpg,qrdn:qr_identity:73,voted,0.9307355880737305,tampered,0.06926441937685013,0.013292105868458748,0.9174435138702393,32.68290000050911
ml_training/datasets/structural/raw/qrdn/extracted Voted/test/2203.jpg,qrdn:qr_identity:73,voted,0.441280722618103,clean,0.558719277381897,0.10359098762273788,0.33768975734710693,36.2009999989823
ml_training/datasets/structural/raw/qrdn/extracted Voted/test/2204.jpg,qrdn:qr_identity:73,voted,0.9720759391784668,tampered,0.0279240719974041,0.023456497117877007,0.9486194849014282,31.92240000134916
ml_training/datasets/structural/raw/qrdn/extracted Voted/test/2205.jpg,qrdn:qr_identity:73,voted,0.6500903964042664,tampered,0.34990960359573364,0.12671300768852234,0.5233774185180664,34.67399999863119
ml_training/datasets/structural/raw/qrdn/extracted Voted/test/2206.jpg,qrdn:qr_identity:73,voted,0.9276716709136963,tampered,0.0723283514380455,0.037341319024562836,0.8903303742408752,31.05380000124569
ml_training/datasets/structural/raw/qrdn/extracted Voted/test/2207.jpg,qrdn:qr_identity:73,voted,0.8504648208618164,tampered,0.1495351940393448,0.0955030620098114,0.7549617290496826,31.11660000286065
ml_training/datasets/structural/raw/qrdn/extracted Voted/test/2208.jpg,qrdn:qr_identity:73,voted,0.9289202690124512,tampered,0.07107971608638763,0.02997957356274128,0.8989406824111938,29.461199999786913
ml_training/datasets/structural/raw/qrdn/extracted Voted/test/2209.jpg,qrdn:qr_identity:73,voted,0.9714733958244324,tampered,0.02852659486234188,0.006105746608227491,0.9653676748275757,25.930600000720005
ml_training/datasets/structural/raw/qrdn/extracted Voted/test/2210.jpg,qrdn:qr_identity:73,voted,0.9797711372375488,tampered,0.02022884041070938,0.00921478122472763,0.970556378364563,33.264399997278815
ml_training/datasets/structural/raw/qrdn/extracted Voted/test/2211.jpg,qrdn:qr_identity:73,voted,0.6748327016830444,tampered,0.32516729831695557,0.08208309859037399,0.5927495956420898,32.31949999826611
ml_training/datasets/structural/raw/qrdn/extracted Voted/test/2212.jpg,qrdn:qr_identity:73,voted,0.6215112209320068,tampered,0.37848877906799316,0.10017143934965134,0.5213397741317749,35.69019999849843
ml_training/datasets/structural/raw/qrdn/extracted Voted/test/2213.jpg,qrdn:qr_identity:73,voted,0.9305888414382935,tampered,0.06941114366054535,0.02176485024392605,0.9088239669799805,33.1899999982852
ml_training/datasets/structural/raw/qrdn/extracted Voted/test/2214.jpg,qrdn:qr_identity:73,voted,0.5218321681022644,clean,0.4781678318977356,0.07936463505029678,0.4424675405025482,32.04410000034841
ml_training/datasets/structural/raw/qrdn/extracted Voted/test/2215.jpg,qrdn:qr_identity:73,voted,0.8990322947502136,tampered,0.10096770524978638,0.026720790192484856,0.872311532497406,35.67579999798909
ml_training/datasets/structural/raw/qrdn/extracted Voted/test/2216.jpg,qrdn:qr_identity:73,voted,0.8910437822341919,tampered,0.10895621031522751,0.02159108594059944,0.8694526553153992,42.34899999937625
ml_training/datasets/structural/raw/qrdn/extracted Voted/test/2217.jpg,qrdn:qr_identity:73,voted,0.546107292175293,tampered,0.45389270782470703,0.08176667243242264,0.4643406271934509,32.96299999783514
ml_training/datasets/structural/raw/qrdn/extracted Voted/test/2218.jpg,qrdn:qr_identity:73,voted,0.9280983209609985,tampered,0.07190164923667908,0.018795212730765343,0.9093031287193298,31.502899997576606
ml_training/datasets/structural/raw/qrdn/extracted Voted/test/2219.jpg,qrdn:qr_identity:73,voted,0.6276003122329712,tampered,0.3723996877670288,0.044111765921115875,0.5834885239601135,32.20250000231317
ml_training/datasets/structural/raw/qrdn/extracted Voted/test/2220.jpg,qrdn:qr_identity:74,voted,0.7603452205657959,tampered,0.2396547794342041,0.056230586022138596,0.7041146755218506,30.404900000576163
ml_training/datasets/structural/raw/qrdn/extracted Voted/test/2221.jpg,qrdn:qr_identity:74,voted,0.9514954090118408,tampered,0.04850456491112709,0.030751025304198265,0.9207444190979004,27.760899996792432
ml_training/datasets/structural/raw/qrdn/extracted Voted/test/2222.jpg,qrdn:qr_identity:74,voted,0.7184866666793823,tampered,0.28151336312294006,0.07801665365695953,0.6404699683189392,36.50129999732599
ml_training/datasets/structural/raw/qrdn/extracted Voted/test/2223.jpg,qrdn:qr_identity:74,voted,0.7234529852867126,tampered,0.27654701471328735,0.09666666388511658,0.6267862915992737,31.185599997115787
ml_training/datasets/structural/raw/qrdn/extracted Voted/test/2224.jpg,qrdn:qr_identity:74,voted,0.5491622686386108,tampered,0.4508377015590668,0.08318843692541122,0.465973824262619,35.381300000153715
ml_training/datasets/structural/raw/qrdn/extracted Voted/test/2225.jpg,qrdn:qr_identity:74,voted,0.8868377208709717,tampered,0.11316227912902832,0.057670626789331436,0.8291670680046082,33.00110000054701
ml_training/datasets/structural/raw/qrdn/extracted Voted/test/2226.jpg,qrdn:qr_identity:74,voted,0.7819027304649353,tampered,0.2180972844362259,0.09608931839466095,0.6858134269714355,34.54939999937778
ml_training/datasets/structural/raw/qrdn/extracted Voted/test/2227.jpg,qrdn:qr_identity:74,voted,0.8789321184158325,tampered,0.12106787413358688,0.0637892633676529,0.8151429295539856,29.449400000885362
ml_training/datasets/structural/raw/qrdn/extracted Voted/test/2228.jpg,qrdn:qr_identity:74,voted,0.9593608379364014,tampered,0.04063919186592102,0.04605831950902939,0.9133025407791138,32.82760000001872
ml_training/datasets/structural/raw/qrdn/extracted Voted/test/2229.jpg,qrdn:qr_identity:74,voted,0.8423300385475159,tampered,0.15766994655132294,0.03238724172115326,0.8099428415298462,33.92399999938789
ml_training/datasets/structural/raw/qrdn/extracted Voted/test/2230.jpg,qrdn:qr_identity:74,voted,0.7400043606758118,tampered,0.25999563932418823,0.07692590355873108,0.6630784273147583,36.79389999888372
ml_training/datasets/structural/raw/qrdn/extracted Voted/test/2231.jpg,qrdn:qr_identity:74,voted,0.9406571984291077,tampered,0.059342797845602036,0.016430431976914406,0.9242268204689026,27.569400001084432
ml_training/datasets/structural/raw/qrdn/extracted Voted/test/2232.jpg,qrdn:qr_identity:74,voted,0.36601918935775757,clean,0.6339808106422424,0.11213838309049606,0.25388088822364807,35.13350000139326
ml_training/datasets/structural/raw/qrdn/extracted Voted/test/2233.jpg,qrdn:qr_identity:74,voted,0.6858126521110535,tampered,0.31418734788894653,0.09395446628332138,0.5918582081794739,29.76910000143107
ml_training/datasets/structural/raw/qrdn/extracted Voted/test/2234.jpg,qrdn:qr_identity:74,voted,0.8141481280326843,tampered,0.18585187196731567,0.11739583313465118,0.6967523097991943,33.44429999924614
ml_training/datasets/structural/raw/qrdn/extracted Voted/test/2235.jpg,qrdn:qr_identity:74,voted,0.5688593983650208,tampered,0.43114060163497925,0.1088356077671051,0.46002376079559326,29.68229999896721
ml_training/datasets/structural/raw/qrdn/extracted Voted/test/2236.jpg,qrdn:qr_identity:74,voted,0.8083382844924927,tampered,0.1916617453098297,0.07891544699668884,0.7294228672981262,36.39060000205063
ml_training/datasets/structural/raw/qrdn/extracted Voted/test/2237.jpg,qrdn:qr_identity:74,voted,0.7906605005264282,tampered,0.20933949947357178,0.06545393168926239,0.7252065539360046,30.99120000115363
ml_training/datasets/structural/raw/qrdn/extracted Voted/test/2238.jpg,qrdn:qr_identity:74,voted,0.9287403225898743,tampered,0.07125969231128693,0.02499551512300968,0.9037448167800903,35.82300000198302
ml_training/datasets/structural/raw/qrdn/extracted Voted/test/2239.jpg,qrdn:qr_identity:74,voted,0.8371575474739075,tampered,0.16284245252609253,0.06216549128293991,0.7749919891357422,32.175200001802295
ml_training/datasets/structural/raw/qrdn/extracted Voted/test/2240.jpg,qrdn:qr_identity:74,voted,0.9091320633888245,tampered,0.09086793661117554,0.045780111104249954,0.8633519411087036,39.01320000295527
ml_training/datasets/structural/raw/qrdn/extracted Voted/test/2241.jpg,qrdn:qr_identity:74,voted,0.783836841583252,tampered,0.21616312861442566,0.06150779128074646,0.7223290205001831,33.30370000185212
ml_training/datasets/structural/raw/qrdn/extracted Voted/test/2242.jpg,qrdn:qr_identity:74,voted,0.26494359970092773,clean,0.7350564002990723,0.07233136892318726,0.1926121860742569,38.596599999436876
ml_training/datasets/structural/raw/qrdn/extracted Voted/test/2243.jpg,qrdn:qr_identity:74,voted,0.8288156390190125,tampered,0.17118437588214874,0.04013212025165558,0.7886834740638733,35.91669999877922
ml_training/datasets/structural/raw/qrdn/extracted Voted/test/2244.jpg,qrdn:qr_identity:74,voted,0.9755103588104248,tampered,0.024489635601639748,0.009286945685744286,0.966223418712616,33.44660000220756
ml_training/datasets/structural/raw/qrdn/extracted Voted/test/2245.jpg,qrdn:qr_identity:74,voted,0.510080873966217,clean,0.48991912603378296,0.04250967875123024,0.4675712287425995,36.56580000097165
ml_training/datasets/structural/raw/qrdn/extracted Voted/test/2246.jpg,qrdn:qr_identity:74,voted,0.5209956765174866,clean,0.4790043234825134,0.07986927777528763,0.4411264657974243,32.7380999988236
ml_training/datasets/structural/raw/qrdn/extracted Voted/test/2247.jpg,qrdn:qr_identity:74,voted,0.884452760219574,tampered,0.11554724723100662,0.03607626259326935,0.848376452922821,36.79030000057537
ml_training/datasets/structural/raw/qrdn/extracted Voted/test/2248.jpg,qrdn:qr_identity:74,voted,0.1956433653831482,clean,0.8043566346168518,0.07163309305906296,0.12401023507118225,35.11230000003707
ml_training/datasets/structural/raw/qrdn/extracted Voted/test/2249.jpg,qrdn:qr_identity:74,voted,0.801628053188324,tampered,0.19837194681167603,0.042599406093358994,0.7590286731719971,41.10500000024331
